Two Theta,Summed Intensity
40.53000000000001,1380776160.5992517
40.550000000000004,1405371435.38232
40.57000000000001,1412032782.9320447
40.59,1428304309.8523962
40.61000000000001,1408947869.2587895
40.63,1409550174.9188488
40.650000000000006,1461056540.5064547
40.67,1442573368.0409548
40.690000000000005,1416549884.606385
40.71000000000001,1457244539.5843801
40.730000000000004,1417059867.7781804
40.75000000000001,1407487032.208673
40.77,1402770632.7796657
40.790000000000006,1412702042.780467
40.81,1425205665.2251933
40.830000000000005,1416504431.2930295
40.85,1409631759.0396183
40.870000000000005,1426879240.2492785
40.89000000000001,1444307203.0512643
40.910000000000004,1464190100.3549254
40.93000000000001,1425803279.2558575
40.95,1449180860.2789729
40.970000000000006,1520297322.6450875
40.99,1461072204.9325573
41.010000000000005,1500364905.2043877
41.03000000000001,1438963289.599039
41.050000000000004,1393572927.1270998
41.07000000000001,1402068818.1742053
41.09,1366794356.8241374
41.11000000000001,1369589572.3724666
41.13,1440886890.4024787
41.150000000000006,1374300467.667079
41.17,1376210304.589829
41.190000000000005,1449598933.4438648
41.21000000000001,1429527178.4359162
41.230000000000004,1432474931.6213934
41.25000000000001,1453876615.633118
41.27,1456354255.693271
41.290000000000006,1470081464.7253659
41.31,1437292888.3330982
41.330000000000005,1458852303.846489
41.35,1457938072.8316221
41.370000000000005,1397355817.6464639
41.39000000000001,1423237594.5533717
41.410000000000004,1436435161.9067805
41.43000000000001,1395241422.3731577
41.45,1489421424.060528
41.470000000000006,1474696077.7146096
41.49,1404104848.8957353
41.510000000000005,1404229224.344894
41.53000000000001,1474471482.741722
41.550000000000004,1453345569.051145
41.57000000000001,1454367452.4573557
41.59,1421022125.0165722
41.61000000000001,1415717211.926443
41.63,1472589650.324293
41.650000000000006,1423601276.9067876
41.67,1442182492.2992396
41.690000000000005,1449117280.8971927
41.71000000000001,1409023745.8352475
41.730000000000004,1451695850.5853395
41.75000000000001,1489187534.544813
41.77,1447029867.7494388
41.790000000000006,1453644758.8271804
41.81,1408561914.526282
41.830000000000005,1402964676.2652988
41.85,1412322183.6107845
41.870000000000005,1421116246.0369513
41.89000000000001,1420593510.6225352
41.910000000000004,1470994339.2662497
41.93000000000001,1473667573.5520067
41.95,1515073336.067251
41.970000000000006,1468382595.2413788
41.99,1479739806.4091134
42.010000000000005,1432418790.111509
42.03000000000001,1455937807.4958086
42.050000000000004,1478328883.1248477
42.07000000000001,1452004011.4849083
42.09,1450107651.155193
42.11000000000001,1453359786.273393
42.13,1455053367.6341636
42.150000000000006,1476420465.8896906
42.17,1456463393.7954512
42.190000000000005,1482604983.8373344
42.21000000000001,1417979565.9149604
42.230000000000004,1472376098.5890064
42.25000000000001,1455913440.2881343
42.27,1467961478.6794002
42.290000000000006,1549773228.2612658
42.31,1475586161.163737
42.330000000000005,1425637035.6012845
42.35,1454977129.1713889
42.370000000000005,1429984885.973504
42.39000000000001,1436021456.3214686
42.410000000000004,1509230347.4600244
42.43000000000001,1519332456.2381473
42.45,1490536647.8881629
42.470000000000006,1453785979.7964237
42.49,1475859042.706749
42.510000000000005,1477232465.879429
42.53000000000001,1497890481.8286214
42.550000000000004,1479719542.9933064
42.57000000000001,1552140133.7940297
42.59,1539032776.0602822
42.61000000000001,1558101485.4325364
42.63,1474291972.5560002
42.650000000000006,1558441636.8473341
42.67,1514846704.59424
42.690000000000005,1531720904.190982
42.71000000000001,1592012132.2650447
42.730000000000004,1541039420.5469792
42.75000000000001,1563199235.8967452
42.77,1607271416.6666105
42.790000000000006,1592313235.9177127
42.81,1641681090.063431
42.830000000000005,1611875066.0898132
42.85,1598767049.827647
42.870000000000005,1571226979.01906
42.89000000000001,1600500596.7223725
42.910000000000004,1570539835.1388583
42.93000000000001,1649654554.3503528
42.95,1657991850.604736
42.970000000000006,1653088800.4488235
42.99,1627792788.5777338
43.010000000000005,1673435198.5798151
43.03000000000001,1672164977.939982
43.050000000000004,1772031462.83446
43.07000000000001,1705336394.2801461
43.09,1767056528.5505219
43.11000000000001,1734144569.426502
43.13,1755139228.4358332
43.150000000000006,1839921835.61891
43.17,1900871917.253692
43.190000000000005,2007000460.7755933
43.21,2066337661.9162316
43.230000000000004,2143833817.6029167
43.25000000000001,2252944215.9933386
43.27,2353811942.2773657
43.290000000000006,2525773053.3590364
43.31,2616327165.120018
43.330000000000005,2641545376.548371
43.35,2751053565.9174757
43.370000000000005,2890078285.492202
43.39000000000001,3006420935.604975
43.410000000000004,3177512257.404605
43.43000000000001,3289522579.8262997
43.45,3276993992.5517325
43.470000000000006,3322225369.3121767
43.49,3366253079.5105853
43.510000000000005,3394440699.404808
43.53000000000001,3434735560.40179
43.550000000000004,3416118368.573133
43.57000000000001,3329079017.4003525
43.59,3252537040.625965
43.61000000000001,3130617872.5233536
43.63,3162999957.829157
43.650000000000006,3065699041.3575907
43.67,2856915574.633868
43.690000000000005,2825698185.742916
43.71,2666812889.8796496
43.730000000000004,2636717451.137674
43.75000000000001,2519800597.258388
43.77,2438933194.8357778
43.790000000000006,2438847172.762867
43.81,2319034257.7814655
43.830000000000005,2216907059.751263
43.85,2232364243.3685236
43.870000000000005,2151605297.1131787
43.89000000000001,2155462316.6855307
43.910000000000004,2189331034.393465
43.93000000000001,2181624332.2135153
43.95,2120485038.6798012
43.970000000000006,2192939815.682974
43.99,2154733068.5717278
44.010000000000005,2220989067.9605155
44.03000000000001,2163270046.058313
44.050000000000004,2238316699.463523
44.07000000000001,2284445530.789526
44.09,2360193180.5359282
44.11000000000001,2420308024.1512027
44.13,2457548703.6238384
44.150000000000006,2541662482.2714405
44.17,2586459916.053883
44.190000000000005,2726520073.851532
44.21,2858851784.4321904
44.230000000000004,3035035529.9475813
44.25000000000001,3235695652.1847534
44.27,3497383678.0282288
44.290000000000006,3863080791.847607
44.31,4296457042.470229
44.330000000000005,4890943368.486083
44.35,5449376446.051927
44.370000000000005,6357248881.681332
44.39000000000001,7350256883.817695
44.410000000000004,8692815908.910212
44.43000000000001,10138669965.325579
44.45,12050114815.13629
44.470000000000006,14000978495.22628
44.49,16350431031.002127
44.510000000000005,18998364421.603386
44.53000000000001,21533249827.2852
44.550000000000004,24088944558.471016
44.57000000000001,26727348129.449802
44.59,29178212613.513073
44.61000000000001,31254629021.736084
44.63,33429431054.7836
44.650000000000006,34987118978.35126
44.67,36102456245.176384
44.690000000000005,36732469116.723656
44.71,36571803357.643875
44.730000000000004,36097895738.33515
44.75000000000001,34853259409.14325
44.77,34015671206.364384
44.790000000000006,31888084280.43037
44.81,29834602061.41349
44.830000000000005,27492655624.237743
44.85,25090529971.14489
44.870000000000005,22192660759.26388
44.89000000000001,19768337650.21991
44.910000000000004,17231797348.05489
44.93000000000001,14989348342.497808
44.95,12755736625.947342
44.970000000000006,10790977492.240005
44.99,9223097634.655165
45.010000000000005,7624437864.474233
45.03000000000001,6559783843.658651
45.050000000000004,5588242973.910477
45.07000000000001,4696040445.821206
45.09,4125203240.790636
45.11000000000001,3593521598.640962
45.13,3228314114.776228
45.150000000000006,2861231124.9799466
45.17,2634161885.843629
45.190000000000005,2507389178.6395254
45.21,2262048868.6570954
45.230000000000004,2143737429.2658665
45.25000000000001,2112811434.6853855
45.27,2019265849.5476878
45.290000000000006,1945615530.6127074
45.31,1877742524.66861
45.330000000000005,1815912170.887032
45.35,1782747687.171969
45.370000000000005,1657815256.9998543
45.39000000000001,1672386111.6983263
45.410000000000004,1663718345.7419355
45.43000000000001,1695071082.1666124
45.45,1679010480.1126525
45.470000000000006,1624312840.9394283
45.49,1617683731.742027
45.510000000000005,1541224361.1106274
45.53000000000001,1579709803.3912938
45.550000000000004,1556438446.4556832
45.57,1515007834.7360272
45.59,1546624972.716621
45.61000000000001,1479975140.9853601
45.63,1523275547.0863485
45.650000000000006,1493571775.862855
45.67,1458904456.299628
45.690000000000005,1385935937.9279377
45.71,1432206713.6076157
45.730000000000004,1446623625.7774315
45.75000000000001,1467296795.3182824
45.77,1444759755.0540245
45.790000000000006,1409091589.8887491
45.81,1427716771.7220035
45.830000000000005,1415454325.9711354
45.85,1380933403.44317
45.870000000000005,1384257816.4429011
45.89000000000001,1380350629.8470027
45.910000000000004,1357912881.8312182
45.93000000000001,1398860794.0296292
45.95,1372735195.8416886
45.970000000000006,1362458086.1573656
45.99,1381557112.0433822
46.010000000000005,1386580044.778208
46.03,1399462150.9385338
46.050000000000004,1369317436.564156
46.07,1412218439.4539306
46.09,1316855682.475092
46.11000000000001,1364388402.500835
46.13,1398267823.1542149
46.150000000000006,1372956563.9071963
46.17,1404484980.1997442
46.190000000000005,1331994181.2728062
46.21,1330579051.433509
46.230000000000004,1301938890.3310819
46.25000000000001,1316108172.1445642
46.27,1362613117.7609138
46.290000000000006,1333835554.5698192
46.31,1334896866.0258358
46.330000000000005,1326485200.7266018
46.35,1337061189.002827
46.370000000000005,1309280321.2854278
46.39000000000001,1318925961.5605326
46.410000000000004,1329944734.170655
46.43000000000001,1321151962.1139226
46.45,1339088642.0489783
46.470000000000006,1262806831.8857381
46.49,1316007894.4997525
46.510000000000005,1329748661.1620255
46.53,1284384102.459736
46.550000000000004,1319579903.831826
46.57,1294823229.8011024
46.59,1271373482.9580426
46.61000000000001,1317676092.385696
46.63,1348558497.791424
46.650000000000006,1309238194.04261
46.67,1327448865.587758
46.690000000000005,1320605370.8168736
46.71,1290065132.8385012
46.730000000000004,1296240734.5084903
46.75000000000001,1277497633.5345192
46.77,1308925663.6221292
46.790000000000006,1223781664.388168
46.81,1329237310.068509
46.830000000000005,1329830289.0788283
46.85,1287090790.1436505
46.870000000000005,1344400374.6176507
46.89000000000001,1332527637.4373195
46.910000000000004,1295504576.738213
46.93000000000001,1299145474.9806063
46.95,1290410394.4595456
46.970000000000006,1292292470.8844097
46.99,1248236847.949879
47.010000000000005,1316012853.4468343
47.03,1344277747.3960683
47.050000000000004,1306878722.2303948
47.07,1323905540.5120337
47.09,1316861052.4441593
47.11000000000001,1293247292.6057487
47.13,1218072580.6243122
47.150000000000006,1283987142.5219588
47.17,1272652622.6721044
47.190000000000005,1275318323.799409
47.21,1319707809.9768953
47.230000000000004,1330159877.7173176
47.25000000000001,1289599277.3346682
47.27,1269013382.8092854
47.290000000000006,1253590809.5519047
47.31,1273395459.222926
47.330000000000005,1282188626.6381078
47.35,1256871726.134771
47.370000000000005,1293700332.4900224
47.39000000000001,1261853135.2509184
47.410000000000004,1284091114.7555044
47.43000000000001,1250842229.8551
47.45,1264716064.8191688
47.470000000000006,1281998117.1767998
47.49,1302157873.3340166
47.510000000000005,1267483633.0166132
47.53,1264703970.3824542
47.550000000000004,1271295895.1947558
47.57,1276373791.6822553
47.59,1250979145.176165
47.61000000000001,1279075729.873825
47.63,1263470742.9964395
47.650000000000006,1291838218.130826
47.67,1269216974.3923163
47.690000000000005,1228813532.6780252
47.71,1185320953.1488876
47.730000000000004,1226499095.9927254
47.75000000000001,1238516526.9409375
47.77,1302794448.318101
47.790000000000006,1252223455.305029
47.81,1224555203.5471485
47.830000000000005,1219388216.9587595
47.85,1223181576.024601
47.870000000000005,1304982000.2291162
47.89000000000001,1303074484.4798489
47.910000000000004,1250837659.8283916
47.93000000000001,1280729867.1215165
47.95,1314802885.670433
47.970000000000006,1222709524.5602248
47.99,1239550963.4033046
48.010000000000005,1265328361.5788372
48.03000000000001,1226468722.528091
48.050000000000004,1211539042.6029592
48.07,1241166431.4131248
48.09,1228477335.3509314
48.11000000000001,1292698823.017162
48.13,1267212093.1413248
48.150000000000006,1251911191.7349403
48.17,1253719813.4412942
48.190000000000005,1236059554.044683
48.21,1285676952.0135312
48.230000000000004,1272092302.2819898
48.25000000000001,1206239144.7284646
48.27,1218266920.3158422
48.290000000000006,1242601097.9589634
48.31,1270042012.4256418
48.330000000000005,1240610211.1907928
48.35,1249849996.6566288
48.370000000000005,1261485402.382982
48.39000000000001,1195645631.9045107
48.410000000000004,1191449085.1774049
48.43,1229232769.311349
48.45,1194550943.0775476
48.470000000000006,1258657553.632216
48.49,1201081973.1810892
48.510000000000005,1209910875.8179104
48.53000000000001,1214843773.340902
48.550000000000004,1250193558.5823524
48.57,1254021303.9743686
48.59,1248410439.8235998
48.61000000000001,1277599072.9054022
48.63,1261302801.5740561
48.650000000000006,1259342321.5361316
48.67,1268534939.6046925
48.690000000000005,1231122219.4143317
48.71,1234783822.0252435
48.730000000000004,1231283437.581556
48.75000000000001,1249380032.0752475
48.77,1252356480.366849
48.790000000000006,1289339642.924173
48.81,1256499067.0184803
48.830000000000005,1234749144.8001146
48.85,1239305907.483895
48.870000000000005,1277233250.9343667
48.89000000000001,1265753698.6073449
48.910000000000004,1266977936.0138347
48.93,1219090140.4244027
48.95,1242949223.1584663
48.970000000000006,1192712298.7153943
48.99,1232075142.8302212
49.010000000000005,1253153599.3929172
49.03,1227848418.3649993
49.050000000000004,1272269575.6168733
49.07,1223228685.8510995
49.09,1226185694.9795525
49.11000000000001,1200722246.3125033
49.13,1264118158.3218691
49.150000000000006,1258271782.3435607
49.17,1239608346.7449884
49.190000000000005,1187637677.0264125
49.21,1176599041.413358
49.230000000000004,1253656365.7942111
49.25000000000001,1300639378.8312206
49.27,1243954378.259016
49.290000000000006,1266759934.9800587
49.31,1259206681.3075635
49.330000000000005,1245045331.6926928
49.35,1285157907.6176448
49.370000000000005,1223917564.873477
49.39000000000001,1212176800.280158
49.410000000000004,1262257123.6460075
49.43,1264694968.5078757
49.45,1205029495.0093274
49.470000000000006,1251246474.3193393
49.49,1239292071.8765812
49.510000000000005,1214218112.5186114
49.53,1211766519.7377186
49.550000000000004,1215144859.0810623
49.57,1194286236.9177856
49.59,1193526208.9800582
49.61000000000001,1227851393.4086237
49.63,1237401411.8062034
49.650000000000006,1196817259.748165
49.67,1245542439.8878992
49.690000000000005,1256277429.861089
49.71,1221808057.1856027
49.730000000000004,1238921596.7432742
49.75000000000001,1267208169.7847025
49.77,1259452550.9639783
49.790000000000006,1195524709.4569798
49.81,1227689397.4519293
49.830000000000005,1252790463.1557298
49.85,1210121120.4504595
49.870000000000005,1257370029.2126758
49.89000000000001,1273504901.5503771
49.910000000000004,1284577912.585058
49.93,1285296610.8048055
49.95,1280676938.445771
49.970000000000006,1234898209.9853494
49.99,1184791057.0014582
50.010000000000005,1247349374.794401
50.03,1241785727.2122817
50.050000000000004,1291548668.1387029
50.07,1270084338.3812702
50.09,1307153074.1851754
50.11000000000001,1332532447.4723518
50.13,1361389726.8748183
50.150000000000006,1391326928.102593
50.17,1353223784.518875
50.190000000000005,1398183777.8714607
50.21,1366967209.5876231
50.230000000000004,1450000282.1098561
50.25000000000001,1443823764.1865914
50.27,1532951642.7805045
50.29,1530830721.0199115
50.31,1497164584.5905836
50.330000000000005,1518986392.4029195
50.35,1542284042.981984
50.370000000000005,1637939347.7141423
50.39000000000001,1599573655.5475788
50.410000000000004,1618724419.0043075
50.43,1696398870.0865533
50.45,1676705102.0919087
50.470000000000006,1732022176.6785412
50.49,1831015476.1401668
50.510000000000005,1818572400.1595333
50.53,1929713856.7648468
50.550000000000004,1892395088.9110808
50.57,1831653576.0236328
50.59,1886798016.1830504
50.61000000000001,1956213018.097842
50.63,1961664591.3730254
50.650000000000006,1981134747.9246309
50.67,1918720184.138065
50.690000000000005,1937590023.2391143
50.71,1915681982.0771947
50.730000000000004,1922588648.5106728
50.75000000000001,1897597218.932436
50.77,1923193288.9829175
50.79,1806970916.8554132
50.81,1791612321.9901404
50.830000000000005,1774094042.5300527
50.85,1746549135.39694
50.870000000000005,1756191363.8003137
50.89000000000001,1609672413.7156036
50.910000000000004,1606048288.2749844
50.93,1570063845.9664147
50.95,1500858932.9120405
50.970000000000006,1481736631.5537767
50.99,1455128043.812086
51.010000000000005,1422910280.0754538
51.03,1395202758.821581
51.050000000000004,1401972338.4563994
51.07,1334374348.442207
51.09,1335746477.411448
51.11000000000001,1309603559.3289623
51.13,1338512143.9406142
51.150000000000006,1329700843.9091322
51.17,1321899129.3189213
51.190000000000005,1285116667.1184123
51.21,1255777991.0839257
51.230000000000004,1239382913.191864
51.25000000000001,1243454278.2538202
51.27,1269299223.327683
51.29,1274418464.9919436
51.31,1261141523.8963034
51.330000000000005,1171849831.4073
51.35,1254272133.09904
51.370000000000005,1208969915.5011091
51.39000000000001,1180678930.6076436
51.410000000000004,1162121432.49197
51.43,1182085572.5987952
51.45,1199118146.4515932
51.470000000000006,1202957877.621732
51.49,1224996847.2469897
51.510000000000005,1215632692.9640944
51.53,1177274351.1201842
51.550000000000004,1135690777.4126897
51.57,1175514779.9610558
51.59,1136804815.750139
51.61000000000001,1135671804.4056485
51.63,1200761859.1598601
51.650000000000006,1168372955.8976681
51.67,1172674735.4640164
51.690000000000005,1205289429.5253246
51.71,1189243261.0279727
51.730000000000004,1193373646.1806984
51.75000000000001,1182101013.9477456
51.77,1190947055.5311837
51.79,1137004488.9797974
51.81,1105997853.6157203
51.830000000000005,1149346989.1722806
51.85,1147391121.7876124
51.870000000000005,1161150275.0074632
51.89000000000001,1197473883.2230701
51.910000000000004,1172885867.8476534
51.93,1235981424.906388
51.95,1193784477.5028307
51.970000000000006,1150434398.540121
51.99,1167910704.2012455
52.010000000000005,1163722600.690681
52.03,1148971431.9484198
52.050000000000004,1159004627.2730765
52.07,1171487447.0268075
52.09,1163464190.7809036
52.11000000000001,1208988910.7834902
52.13,1186216626.9987433
52.150000000000006,1195904794.8028114
52.17,1159987440.4644153
52.190000000000005,1153366721.6044707
52.21,1166916647.6075926
52.230000000000004,1178711010.152303
52.25000000000001,1153037979.459733
52.27,1139369629.608588
52.29,1136831599.7196848
52.31,1177787980.706944
52.330000000000005,1173031305.0978029
52.35,1189096107.0269341
52.370000000000005,1148851835.954215
52.39,1155902586.9918468
52.410000000000004,1137711521.1046684
52.43,1219322346.3034625
52.45,1180301723.3051078
52.470000000000006,1154659800.0860689
52.49,1161028665.0919576
52.510000000000005,1107805078.2237773
52.53,1161918882.1481645
52.550000000000004,1200332961.0128367
52.57,1171824648.108027
52.59,1176845018.8053033
52.61000000000001,1173526583.9823658
52.63,1145143547.2123775
52.650000000000006,1109125348.6511197
52.67,1132183914.3463943
52.690000000000005,1143178715.3976393
52.71,1120316447.745127
52.730000000000004,1109591208.1402056
52.75000000000001,1219851018.081816
52.77,1179039801.8270674
52.79,1137176839.824674
52.81,1143269749.1523292
52.830000000000005,1147355742.676201
52.85,1138801455.8168952
52.870000000000005,1110094358.0878804
52.89,1125587355.3013837
52.910000000000004,1139172457.6660178
52.93,1120950981.2241373
52.95,1137639469.7674363
52.970000000000006,1129981991.9318948
52.99,1127417151.0987732
53.010000000000005,1191772311.4096894
53.03,1134621373.592074
53.050000000000004,1107932584.2018583
53.07,1121165318.0855591
53.09,1167180653.9220953
53.11000000000001,1180383528.4922345
53.13,1124753570.169024
53.150000000000006,1102333767.0741677
53.17,1105352782.447498
53.190000000000005,1161754949.9944842
53.21,1155811910.8332837
53.230000000000004,1155309705.0076666
53.25000000000001,1150960384.2223525
53.27,1114788853.5978186
53.29,1102762510.2354612
53.31,1122224344.3357763
53.330000000000005,1114839199.0444293
53.35,1080874687.576882
53.370000000000005,1092440423.920249
53.39,1161465958.3831213
53.410000000000004,1156237341.6901686
53.43,1109402296.910434
53.45,1079396591.737953
53.470000000000006,1088652641.5718758
53.49,1070784010.0844455
53.510000000000005,1110101240.7774732
53.53,1089862103.8363976
53.550000000000004,1141956805.3005052
53.57,1143936287.2363064
53.59,1101262255.5632775
53.61000000000001,1117557727.6921792
53.63,1121078796.3660038
53.650000000000006,1145994098.2073455
53.67,1130366039.3156805
53.690000000000005,1119162294.5039792
53.71,1162725216.5104334
53.730000000000004,1111477431.0293527
53.75000000000001,1153193210.5721197
53.77,1093851917.0639255
53.79,1101041780.353079
53.81,1102074141.371732
53.830000000000005,1118936758.891178
53.85,1133250723.972331
53.870000000000005,1156826762.8843665
53.89,1113477895.5890422
53.910000000000004,1112441490.738182
53.93,1117967104.1987944
53.95,1097359810.0157173
53.970000000000006,1090447408.705337
53.99,1103394313.0627005
54.010000000000005,1139912081.0261538
54.03,1139048775.8220503
54.050000000000004,1165184652.1580813
54.07,1167472603.9160388
54.09,1134127454.342362
54.11000000000001,1122843444.5962613
54.13,1119282682.3045428
54.15,1081572180.0808756
54.17,1126139329.0430646
54.190000000000005,1131889311.1109972
54.21,1095880368.9444993
54.230000000000004,1182524080.3853238
54.25000000000001,1181096472.498185
54.27,1075411550.614388
54.29,1126033558.8298063
54.31,1130139305.7239614
54.330000000000005,1109528249.4168231
54.35,1126181417.9369304
54.370000000000005,1168866307.4580183
54.39,1098416024.4023352
54.410000000000004,1119064647.064563
54.43,1119306877.260088
54.45,1100729458.2156165
54.470000000000006,1151395395.8077285
54.49,1109165345.7204077
54.510000000000005,1092475150.003583
54.53,1121501091.812984
54.550000000000004,1119908659.292022
54.57,1084297193.1694677
54.59,1064247181.9004108
54.61000000000001,1112036201.5696404
54.63,1093481508.1601992
54.65,1079779597.0614188
54.67,1079368824.7562501
54.690000000000005,1099708546.716796
54.71,1112355513.6016164
54.730000000000004,1143216154.3795695
54.75000000000001,1082476470.5595186
54.77,1066188595.001279
54.79,1098245174.6425936
54.81,1143719664.2683165
54.830000000000005,1104243086.0440032
54.85,1072394238.7545614
54.870000000000005,1119280679.7495494
54.89,1123105920.4496775
54.910000000000004,1029119001.5666747
54.93,1080350207.8238814
54.95,1061899432.5112011
54.970000000000006,1084080913.41075
54.99,1120526673.1815586
55.010000000000005,1087929182.5609775
55.03,1135304031.3870695
55.050000000000004,1151991901.2365777
55.07,1125592276.5941749
55.09,1111247522.8293083
55.11000000000001,1143722436.628413
55.13,1097198423.7719002
55.15,1096856868.462965
55.17,1085789760.1863422
55.190000000000005,1108839794.8355114
55.21,1087629490.8886323
55.230000000000004,1085601648.3194416
55.25000000000001,1085662022.5685434
55.27,1103871932.0105572
55.29,1147059285.7821822
55.31,1114386706.6881826
55.330000000000005,1103662667.928405
55.35,1096219275.6973662
55.370000000000005,1100120653.0664093
55.39,1046565236.0911334
55.410000000000004,1043865932.9949324
55.43,1047416027.8183699
55.45,1074081989.5072784
55.470000000000006,1077327490.0850148
55.49,1051412873.4092797
55.510000000000005,1072928647.0129616
55.53,1107193747.7292073
55.550000000000004,1101230053.5550578
55.57,1077315253.4966812
55.59,1082704199.9186008
55.61000000000001,1107811981.6678813
55.63,1100518008.171564
55.65,1122700927.154932
55.67,1089511679.1283274
55.690000000000005,1090922845.5890768
55.71,1085064554.3903508
55.730000000000004,1063872437.1939712
55.75000000000001,1094414815.3432887
55.77,1079332201.8532403
55.79,1067357802.4146163
55.81,1102498829.126842
55.830000000000005,1082568481.2603698
55.85,1111786040.8936298
55.870000000000005,1136791616.4905536
55.89,1092537878.2038515
55.910000000000004,1100187183.322145
55.93,1116675912.419845
55.95,1090096717.6348915
55.970000000000006,1103996385.3318834
55.99,1133101030.463127
56.010000000000005,1095312403.2140095
56.03,1113308497.013988
56.050000000000004,1069186667.793003
56.07,1118099015.4033747
56.09,1127204739.9281712
56.11000000000001,1125504882.6542947
56.13,1126825127.618306
56.15,1103894926.6949172
56.17,1103577393.1506815
56.190000000000005,1012733467.7199515
56.21,1123445558.192399
56.230000000000004,1122352429.099912
56.25000000000001,1097977187.665247
56.27,1104649843.4890692
56.29,1130010013.6153283
56.31,1063842192.3391844
56.330000000000005,1063002390.8508717
56.35,1097797673.1777449
56.37,1133860457.970224
56.39000000000001,1120637414.0411406
56.410000000000004,1115008299.9106755
56.43,1102174962.7902577
56.45,1067777191.144925
56.470000000000006,1083102436.2075999
56.49,1102908331.0777645
56.51,1114377489.0771956
56.53,1085099315.8479946
56.550000000000004,1103557772.629575
56.57,1073896616.5299456
56.59,1055825125.2668729
56.61000000000001,1081549072.348317
56.63,1119583523.9161453
56.65,1071248018.2119321
56.67,1069533798.5585301
56.690000000000005,1080894365.0042317
56.71,1091738245.1622376
56.730000000000004,1029553964.7918268
56.75000000000001,1085564407.3285184
56.77,1053224051.184492
56.79,1034921736.5069399
56.81,1055121508.5745152
56.830000000000005,1037057487.216824
56.85,1066608654.480486
56.87,1091825624.240969
56.89000000000001,1098884830.7190902
56.910000000000004,1097599559.3367345
56.93,1108862956.2662182
56.95,1082706876.3576143
56.970000000000006,1101668765.563453
56.99,1096825263.4784095
57.01,1077102403.6233761
57.03,1043906477.5097853
57.050000000000004,1089270172.4390144
57.07,1089983545.1531622
57.09,1076145040.4039118
57.11000000000001,1087477616.703678
57.13,1072919465.3027197
57.15,1029363949.2369131
57.17,1109284136.4988804
57.190000000000005,1112157865.027038
57.21,1080109233.212003
57.230000000000004,1077774751.4476848
57.25000000000001,1076167987.4714003
57.27,1040133845.5699517
57.29,1103804022.7801766
57.31,1066927134.2522587
57.330000000000005,1052283405.7661202
57.35,1046476445.8596467
57.37,1091636562.9170742
57.39000000000001,1109923871.9011362
57.410000000000004,1046165196.4361645
57.43,1066845363.178545
57.45,1079980597.2717805
57.470000000000006,1035924486.1153997
57.49,1089372584.054951
57.51,1051188605.8579931
57.53,1069300105.2111013
57.550000000000004,1099689192.5564628
57.57,1054336964.606378
57.59,1052539389.0054803
57.61000000000001,1098287613.8961003
57.63,1096658793.8265707
57.65,1103480408.8902524
57.67,1063349626.8661703
57.690000000000005,1038443778.2254027
57.71,1039271157.101343
57.730000000000004,1078034777.34241
57.75000000000001,1068288857.4571868
57.77,1055706257.2611401
57.79,1049997343.7651762
57.81,1040188049.034908
57.830000000000005,1036269184.6469324
57.85,1021013500.766304
57.87,1074407330.4466217
57.89000000000001,1103690672.610083
57.910000000000004,1083399012.5302055
57.93,1080887362.2705696
57.95,1094550233.7073674
57.970000000000006,1042501951.5073769
57.99,1095185039.7061384
58.01,1058407985.7174385
58.03,1099516355.4200423
58.050000000000004,1088628189.1585612
58.07,1093681408.0242946
58.09,1059713645.4323007
58.11000000000001,1084107636.8446195
58.13,1000017013.8707511
58.15,1081297264.6700776
58.17,1121039394.7446244
58.190000000000005,1088673561.7292268
58.21,1046411138.504931
58.230000000000004,1080950672.8437526
58.25000000000001,1057659112.9143403
58.27,1073485435.1057144
58.29,1104146943.4664567
58.31,1038516262.7384299
58.330000000000005,1018252091.3921034
58.35,1026010777.5652275
58.37,1031461814.359083
58.39,1070881285.1824303
58.410000000000004,1078473200.3305032
58.43,1061932160.2078974
58.45,1031736390.0095599
58.470000000000006,1049882251.8483316
58.49,1041948230.5296429
58.51,1085929839.0584602
58.53,1059681098.6024889
58.550000000000004,1023821784.5421826
58.57,1042132171.9552578
58.59,1098320664.439844
58.61000000000001,1073315150.0607486
58.63,1037416138.1762582
58.65,1099409104.4569552
58.67,1062035999.7978877
58.690000000000005,1043772567.7976816
58.71,1086738099.0517957
58.730000000000004,1088134281.7374969
58.75000000000001,1025616019.5519687
58.77,1041603000.1326337
58.79,1042482750.2077535
58.81,1028622631.2913557
58.830000000000005,1093093360.410704
58.85,1047666939.0484158
58.87,1065743633.9998386
58.89,1016124491.055454
58.910000000000004,1016148796.6430229
58.93,1066636258.1436449
58.95,1069758764.2151006
58.970000000000006,1043051754.4578806
58.99,1080700738.492032
59.01,1037932353.6310573
59.03,1049674890.279479
59.050000000000004,1050176820.3040259
59.07,1022039998.189535
59.09,1002300120.6972425
59.11000000000001,1023768684.5534768
59.13,1040070302.1100742
59.15,1054274329.1003724
59.17,1061733183.6174561
59.190000000000005,1095634697.2234323
59.21,1071561680.406275
59.23,1096336970.449342
59.25000000000001,1065408971.031989
59.27,1079373582.321288
59.29,1075714357.4682443
59.31,1068581271.1450683
59.330000000000005,1073527377.9049815
59.35,1045637967.9315265
59.37,1021184257.7369834
59.39,1021483588.6367089
59.410000000000004,999796154.8016461
59.43,1040812324.5521505
59.45,1060098859.2478004
59.470000000000006,1028788915.4895356
59.49,1034209873.9996308
59.51,1056467788.1400208
59.53,1047643052.2610091
59.550000000000004,1087132971.9560282
59.57,1117288076.108902
59.59,1053863640.7161252
59.61000000000001,1093872265.2622495
59.63,1047376735.1691269
59.65,1046646942.080948
59.67,1066414547.208036
59.690000000000005,1057983201.8452146
59.71,1034038844.6666107
59.73,1042745733.6212851
59.75000000000001,1029925917.8328195
59.77,1051885161.8086617
59.79,1079946884.7221696
59.81,1112694065.083774
59.830000000000005,1088922139.9402275
59.85,1033073789.0438327
59.87,983441334.1045778
59.89,1052250052.0258706
59.910000000000004,1085432979.8709106
59.93,1068745506.3018821
59.95,1003666400.6363913
59.970000000000006,1054484622.5189573
59.99,1031384818.0369028
60.01,1036322957.5249089
60.03,1071149739.1350344
60.050000000000004,1052043798.3163576
60.07,1082150931.625376
60.09,1044067428.7257699
60.11000000000001,1064143757.3715928
60.13,1064301994.4274188
60.15,1057723596.4822536
60.17,1041922334.9165846
60.190000000000005,1008568112.1294345
60.21,1077892735.3325627
60.23,1070497997.3354706
60.25000000000001,1002188884.5904399
60.27,1019500611.1561983
60.29,1042859694.083952
60.31,1031197642.5431465
60.330000000000005,1005294369.9343901
60.35,1021736731.2898992
60.37,1043034460.3109797
60.39,1042814545.8104088
60.410000000000004,1065642000.5155431
60.43,1051667692.244719
60.45,1064292594.6689928
60.470000000000006,1033270231.5302646
60.49,1027799290.2995265
60.51,1026857944.7255273
60.53,1016651760.291319
60.550000000000004,1029358693.0889672
60.57,1039089316.9980729
60.59,987230474.0915967
60.61000000000001,1033033584.6663945
60.63,1068287401.3054267
60.65,1059214845.4868238
60.67,1015841989.8865852
60.690000000000005,1003844234.4423114
60.71,1017477487.7994871
60.73,1054196570.5120558
60.75000000000001,1008823399.7298481
60.77,1005717543.8513676
60.79,1041592830.4535254
60.81,1083936402.8893752
60.830000000000005,1047422492.5932386
60.85,1033134013.0782287
60.87,1024878300.7075466
60.89,1001093463.0727662
60.910000000000004,1031824806.2331767
60.93,1038037113.301869
60.95,1040596847.6472663
60.970000000000006,1052696352.2147307
60.99,1003897291.2989773
61.01,1055570019.707321
61.03,1068190314.2031626
61.050000000000004,1010640191.1801108
61.07,1014764929.0644481
61.09,1015756017.4632308
61.11000000000001,1044362568.611309
61.13,1026345375.3250128
61.15,1033266026.3767904
61.17,1079420616.1328773
61.190000000000005,1018835763.6764705
61.21,1001062670.6115104
61.23,1015425850.3460028
61.25000000000001,1047489827.5713289
61.27,1067445743.0742283
61.29,1019554843.6314131
61.31,1092105070.4465322
61.330000000000005,1026182199.2785472
61.35,1026354105.78344
61.37,1055485801.9282327
61.39,1023811348.7739116
61.410000000000004,1032914524.1331751
61.43,1025263706.9151945
61.45,994493977.9204831
61.470000000000006,1010233778.2962507
61.49,1020792112.2817813
61.51,1038772629.5602723
61.53,1043157832.070601
61.550000000000004,1036775280.2149196
61.57,1071805336.8174597
61.59,1011139659.0771754
61.61000000000001,992008182.5477065
61.63,1056261904.8038385
61.65,1017346388.9557667
61.67,1034068086.2865708
61.690000000000005,1015186677.7833345
61.71,1023953102.1295239
61.73,1001455776.1983683
61.75000000000001,990574665.8159025
61.77,997240006.3245023
61.79,1011055595.8380859
61.81,1018321043.3701576
61.830000000000005,1006819554.8579816
61.85,1019294574.0960896
61.87,1037384368.5731933
61.89,1027424213.9048463
61.910000000000004,1022491463.0061733
61.93,1011503643.259178
61.95,1029413448.1867198
61.970000000000006,1020765175.2463802
61.99,1012251184.944841
62.01,1062183737.0441762
62.03,988002229.0902816
62.050000000000004,1033951640.1631328
62.07,1053104913.6037021
62.09,1063087139.369753
62.11000000000001,1029418200.3977661
62.13,1025606520.90878
62.15,1006017170.301538
62.17,1021193780.4270822
62.190000000000005,1014559328.8241379
62.21,992821107.5059042
62.23,1023671304.4543575
62.25,1056406464.4902489
62.27,1043339411.572875
62.29,1045346349.3037877
62.31,1036415949.1862513
62.330000000000005,1037994983.0944445
62.35,1014733639.7230251
62.37,1052584292.7682552
62.39,1011198907.2001892
62.410000000000004,997262202.2435486
62.43,1015546818.1511167
62.45,1008398708.5993904
62.470000000000006,1055208635.6409959
62.49,1031854967.1074249
62.51,1026199716.6059892
62.53,1001029756.1976444
62.550000000000004,1038222750.4889596
62.57,1035068573.7754551
62.59,1065114151.1789511
62.61000000000001,1070142500.0852306
62.63,1072596446.9215229
62.65,1075435875.4658718
62.67,1015621080.5925524
62.690000000000005,988243649.7593263
62.71,1045359289.9180857
62.73,1010890303.0991497
62.75,1017853704.159477
62.77,1028452737.1424841
62.79,977857731.0919942
62.81,1064801168.7685596
62.830000000000005,1062027192.3978316
62.85,1045409785.1985538
62.87,1047043774.2200961
62.89,1058159584.5593967
62.910000000000004,1033003476.9438888
62.93,1047379744.9309784
62.95,1056953173.7780926
62.970000000000006,1030139607.3780633
62.99,1069159141.1412363
63.01,1021154190.6671067
63.03,997730256.7372414
63.050000000000004,1018648563.7860286
63.07,1070548948.7853801
63.089999999999996,1074533485.8284857
63.11000000000001,1078412622.022345
63.13,1027080249.3652554
63.15,1077464593.6410818
63.17,1081387868.0066044
63.190000000000005,1056333206.6340289
63.21,996784026.4069129
63.23,1011540707.6093973
63.25,997100041.1345217
63.27,1013180023.9040561
63.29,990073335.3772676
63.31,990974700.3575336
63.330000000000005,965973472.3783612
63.35,1029009815.9606854
63.37,1020927051.8347017
63.39,1001659144.758315
63.410000000000004,1005476945.3429347
63.43,980980634.7195797
63.45,1050334278.4448044
63.470000000000006,999509628.8453711
63.49,969251877.9456731
63.51,1025042923.5653403
63.53,1004708502.4089175
63.550000000000004,1041987704.0095677
63.57,1074181958.6387966
63.589999999999996,1054545490.3019004
63.61000000000001,1052209014.4789653
63.63,1051248815.6509058
63.65,1071060109.2320195
63.67,999720203.4420166
63.690000000000005,1016946821.0286425
63.71,1030403065.1166509
63.73,1032646408.2672672
63.75,1079819666.3895993
63.77,1019422168.0592393
63.79,1061334645.4657983
63.81,1045928844.5274003
63.830000000000005,1076368266.855406
63.85,1033877392.4806521
63.87,994576798.8314282
63.89,1018787529.5181246
63.910000000000004,1064801645.2224472
63.93,1043190029.1762819
63.95,1075601782.9225721
63.970000000000006,1030108810.9441609
63.99,1027689647.2511393
64.00999999999999,1032934122.2144932
64.02999999999999,1068772479.6593596
64.05,1093342581.57972
64.07,1054351055.7513709
64.08999999999999,1036887570.6269047
64.11,1049119553.2708398
64.13,1025985831.9011174
64.14999999999999,1034582855.5734531
64.17,1048125056.2503569
64.19,1062047337.6893677
64.21,1061664120.59171
64.22999999999999,1049322824.3382325
64.24999999999999,1113458652.7517827
64.27,1137184899.0161579
64.28999999999999,1096481586.4210422
64.30999999999999,1079976275.1664696
64.33,1125488448.8806572
64.35,1133403930.1865878
64.36999999999999,1156304001.203949
64.39,1163645469.3265424
64.41,1171404532.2729108
64.42999999999999,1198945103.1985204
64.45,1287771099.8439906
64.47,1265249645.4057922
64.49,1269994736.3420327
64.50999999999999,1297561891.8292098
64.52999999999999,1320358517.515399
64.55,1380578205.5877311
64.57,1367578281.563346
64.58999999999999,1476465312.2699165
64.61,1550413717.2667701
64.63,1588438193.3497238
64.64999999999999,1635668779.996078
64.67,1730383386.0895934
64.69,1839409879.2665834
64.71,1966189739.5523493
64.72999999999999,2031881056.6773791
64.74999999999999,2196340907.3118777
64.77,2310472933.7095723
64.78999999999999,2493539187.765367
64.80999999999999,2605229623.9261875
64.83,2651633299.067241
64.85,2838980690.384229
64.86999999999999,2984738044.0501757
64.89,3090200095.851232
64.91,3297065577.653393
64.92999999999999,3458822554.2065005
64.95,3535797995.2183027
64.97,3708576582.68949
64.99,3756708792.309214
65.00999999999999,3843733224.8511047
65.02999999999999,3926501673.2175875
65.05,3969458266.3839536
65.07,3906536389.50053
65.08999999999999,3961878681.1424475
65.11,3883240967.1449943
65.13,3898354253.4412184
65.14999999999999,3773857292.5227613
65.17,3698135126.2887683
65.19,3494653537.2273045
65.21,3405124460.3933215
65.22999999999999,3301620964.639209
65.24999999999999,3168484949.890958
65.27,3014355671.9540076
65.28999999999999,2894310133.3687234
65.30999999999999,2788404629.0933948
65.33,2663530072.131069
65.35,2475001824.084599
65.36999999999999,2360614745.7305365
65.39,2226439045.320026
65.41,2080275192.3506167
65.42999999999999,2019445943.2781641
65.45,1923806405.1356196
65.47,1723912770.1416779
65.49,1682011696.1442728
65.50999999999999,1678068087.1676204
65.52999999999999,1549947404.4704125
65.55,1485590246.8554506
65.57,1481335693.7028463
65.58999999999999,1379106999.2313163
65.61,1319917864.1759686
65.63,1317590222.6765568
65.64999999999999,1272052189.2017667
65.67,1256708701.5403183
65.69,1206684140.7495708
65.71,1191751571.2273023
65.72999999999999,1136650945.2688816
65.74999999999999,1091391370.147326
65.77,1113109818.394019
65.78999999999999,1154611587.0068
65.80999999999999,1119290282.0229976
65.83,1105836941.0242357
65.85,1093016228.9382284
65.86999999999999,1107156735.3935437
65.89,1108795276.3687596
65.91,1045183999.8622215
65.92999999999999,1033880279.4864593
65.95,1025320737.6556928
65.97,1002178505.0618316
65.99,1074043990.612187
66.00999999999999,1086880303.5688665
66.02999999999999,985071761.5850637
66.05,1026899873.7549894
66.07,1002202449.4073284
66.08999999999999,1012664343.4419839
66.11,1050526513.9831345
66.13,1007050586.9201581
66.14999999999999,1056940750.5880986
66.17,986224288.8798544
66.19,1028262498.2977719
66.21,1072337906.0507641
66.22999999999999,1034008905.4207354
66.24999999999999,975034134.3975335
66.27,1009606140.7352977
66.28999999999999,1011704774.6502614
66.30999999999999,988074327.8255417
66.33,977200976.3141791
66.35,1034018090.7682718
66.36999999999999,1053256718.8057489
66.39,988936290.7570517
66.41,1005245805.3469872
66.42999999999999,955211495.6249325
66.45,968158752.3707943
66.47,971893694.8861347
66.49,967312373.0160365
66.50999999999999,985249634.9495294
66.52999999999999,998826676.4527057
66.55,974786864.9158521
66.57,1033164760.9028506
66.58999999999999,1001954352.514589
66.61,970319342.1399117
66.63,959165763.0654573
66.64999999999999,978954060.1179575
66.67,1008277310.1486588
66.69,960358829.6217269
66.71,945315634.920131
66.72999999999999,1007072772.4945364
66.74999999999999,976652139.532682
66.77,956199856.8507864
66.78999999999999,975907514.4301069
66.80999999999999,933805496.3023245
66.83,953253639.1872697
66.85,1001288771.0655645
66.86999999999999,992928545.8409562
66.89,951614537.9129125
66.91,894760801.003004
66.92999999999999,963144852.9360943
66.94999999999999,961957974.400476
66.97,986640925.2309519
66.99,948734442.7785923
67.00999999999999,969060146.9022086
67.02999999999999,947169130.6296172
67.05,989522275.6854166
67.07,988687090.8565493
67.08999999999999,976643991.6635054
67.11,976370630.2935193
67.13,994944292.1062801
67.14999999999999,965487122.9516761
67.17,958792083.6823372
67.19,965322133.6030993
67.21,970624397.3062118
67.22999999999999,991558008.7167186
67.24999999999999,961601673.3006203
67.27,975605281.7889118
67.28999999999999,968528031.3340819
67.30999999999999,977747540.918873
67.33,941287385.4106996
67.35,971538401.991145
67.36999999999999,996667559.2733588
67.39,926215889.6289613
67.41,967263909.7589973
67.42999999999999,975912734.2830697
67.44999999999999,987165240.5562706
67.47,951177063.8865077
67.49,965406639.7633703
67.50999999999999,922095804.4031456
67.52999999999999,966161300.0884725
67.55,944777286.0329444
67.57,942287493.1392628
67.58999999999999,945722122.104797
67.61,960800734.1826999
67.63,1028250315.8442094
67.64999999999999,1001424032.595579
67.67,917563437.4641865
67.69,972787734.2761235
67.71,959352158.1144165
67.72999999999999,961623362.931211
67.74999999999999,954579063.1830884
67.77,970516108.0246896
67.78999999999999,979454360.8313829
67.80999999999999,972815698.5038893
67.83,981630791.3546317
67.85,976905068.7840619
67.86999999999999,953195199.5687331
67.89,953224327.8119261
67.91,964110457.3011826
67.92999999999999,984468583.4096298
67.94999999999999,1035704140.3317602
67.97,998849729.0620939
67.99,976917010.3455321
68.00999999999999,980350368.5845771
68.02999999999999,972718625.5737982
68.05,986832379.3783041
68.07,945246393.0326031
68.08999999999999,917586572.6120607
68.11,949817690.6281087
68.13,984691485.3103495
68.14999999999999,963019153.087075
68.17,911168687.4479649
68.19,956778681.4594694
68.21,934405102.840956
68.22999999999999,947900598.6247118
68.24999999999999,943740057.8257073
68.27,949221030.5558878
68.28999999999999,937473241.3410593
68.30999999999999,944754135.6366749
68.33,927807130.9583676
68.35,939086663.3121121
68.36999999999999,929926062.1175708
68.39,937106981.2242532
68.41,953130357.5956497
68.42999999999999,950835705.4760901
68.44999999999999,947598904.9031192
68.47,901703719.1141669
68.49,924512174.0099864
68.50999999999999,946371429.3252406
68.52999999999999,942695029.5640917
68.55,946523229.224289
68.57,915665909.4609578
68.58999999999999,941858719.1615398
68.61,950621851.3915488
68.63,967038874.5870323
68.64999999999999,920915995.4802488
68.67,919111480.4120935
68.69,946791679.103609
68.71,949104951.1670147
68.72999999999999,935503385.3544927
68.74999999999999,956905425.2044688
68.77,973848009.5406579
68.78999999999999,963218091.6870432
68.80999999999999,953384458.6740147
68.83,929986378.911576
68.85,952281658.9663895
68.86999999999999,933608502.9808428
68.89,959992004.2048343
68.91,992480575.977483
68.92999999999999,934916528.9613557
68.94999999999999,936509977.0189819
68.97,936923217.7337036
68.99,929685325.7775542
69.00999999999999,932210084.6430137
69.02999999999999,982357348.7771798
69.05,973955678.1827389
69.07,961023769.769956
69.08999999999999,948368544.8971068
69.11,943188823.7911625
69.13,940575964.4087379
69.14999999999999,1013945221.9799633
69.17,975484157.681229
69.19,931107032.5778023
69.21,958301988.3808239
69.22999999999999,934048582.542214
69.24999999999999,917828935.9171951
69.27,977278739.1261092
69.28999999999999,944753210.0046698
69.30999999999999,954112988.3013707
69.33,958833763.393352
69.35,909955593.1827356
69.36999999999999,942620867.432365
69.39,939305755.5346329
69.41,944036364.8463165
69.42999999999999,916014572.9107728
69.44999999999999,981836350.9575208
69.46999999999998,952014804.7065029
69.49,945540354.1912222
69.50999999999999,940941470.9247826
69.52999999999999,916647264.3530524
69.55,933913980.3179281
69.57,935269791.8641208
69.58999999999999,962789968.7337332
69.61,970757852.4078288
69.63,894475973.363841
69.64999999999999,965651841.8960203
69.67,998996196.2765752
69.69,921402532.4535645
69.71,933184575.601615
69.72999999999999,921739633.6999896
69.74999999999999,935719846.1053132
69.77,927742154.440644
69.78999999999999,959482720.735662
69.80999999999999,906398119.222731
69.83,901985360.5931878
69.85,918827825.7150531
69.86999999999999,969907290.3384713
69.89,924492082.3520672
69.91,936747124.2949582
69.92999999999999,935923714.2962152
69.94999999999999,906868577.1325915
69.96999999999998,940985264.5166972
69.99,940061364.4171339
70.00999999999999,934984062.8693696
70.02999999999999,923162130.2789483
70.05,905327694.3861629
70.07,941146626.7297574
70.08999999999999,923931873.6902816
70.11,951823921.1803601
70.13,935371482.208169
70.14999999999999,934087482.9394093
70.17,908877529.8201927
70.19,898931837.114266
70.21,897780831.6605839
70.22999999999999,914357443.633721
70.24999999999999,962764829.2992296
70.27,897633296.2405256
70.28999999999999,889896564.7349886
70.30999999999999,932244219.5023073
70.33,886029571.9992476
70.35,933531591.3815235
70.36999999999999,958811554.0611695
70.39,922499090.0310041
70.41,924382013.0659982
70.42999999999999,941172937.6801517
70.44999999999999,937064432.8541403
70.46999999999998,953837063.5480841
70.49,972611823.4549227
70.50999999999999,951708482.7722765
70.52999999999999,922554440.9788573
70.55,901134383.0607426
70.57,915209613.7953389
70.58999999999999,925179943.9552329
70.61,976029374.7267045
70.63,940218515.4072046
70.64999999999999,952023567.893016
70.67,900333804.0771172
70.69,899074315.1243815
70.71,904493747.94937
70.72999999999999,883162931.9177331
70.74999999999999,957760255.9356374
70.77,961898489.4538873
70.78999999999999,973297582.1931705
70.80999999999999,959768291.7797115
70.83,960544925.9225391
70.85,969796778.0828872
70.86999999999999,937280648.8461434
70.89,884071391.1564331
70.91,892114753.1266109
70.92999999999999,902707074.8743639
70.94999999999999,964962965.4060105
70.96999999999998,912600109.0075363
70.99,926181205.789079
71.00999999999999,911154907.7820579
71.02999999999999,910217100.3138953
71.05,936399545.1056788
71.07,899004224.24235
71.08999999999999,900079004.9212395
71.11,964850390.4218184
71.13,944844597.723223
71.14999999999999,945340122.1489744
71.17,902571133.2746242
71.19,918644710.3658267
71.21,915801870.4242628
71.22999999999999,875284748.3673068
71.24999999999999,928984723.478223
71.27,906715390.9217129
71.28999999999999,949690797.6879295
71.30999999999999,931133961.4459627
71.33,882340888.3714997
71.35,905830372.4706001
71.36999999999999,905457076.5654817
71.39,953466732.06289
71.41,972557643.7858276
71.42999999999999,929905847.6979163
71.44999999999999,964739741.302822
71.46999999999998,987436279.8836594
71.49,972269822.477977
71.50999999999999,930394611.1313943
71.52999999999999,946672740.6207992
71.55,911008864.9738095
71.57,905824138.7031524
71.58999999999999,961717454.1889204
71.61,865130796.8040265
71.63,933375898.6624341
71.64999999999999,949651824.1075239
71.67,926727769.1806097
71.69,955712444.1140152
71.71,915799213.7253431
71.72999999999999,966608793.5759394
71.74999999999999,947044229.2634233
71.77,922070314.5782995
71.78999999999999,918342447.7380118
71.80999999999999,906135484.9112008
71.83,936880749.1526078
71.85,964748246.586287
71.86999999999999,943788195.9332569
71.89,927705839.5723414
71.91,908642322.1040144
71.92999999999999,904766028.3309138
71.94999999999999,894258211.3332064
71.96999999999998,912012831.3884296
71.99,939559321.9796919
72.00999999999999,959534168.1435167
72.02999999999999,930372595.9432971
72.05,963739118.8351436
72.07,959705064.8844308
72.08999999999999,917741574.0482522
72.11,947288888.5071868
72.13,947450929.2106167
72.14999999999999,926897978.7757916
72.17,935120523.0892274
72.18999999999998,932423728.3767847
72.21,922650723.864669
72.22999999999999,917576887.0309147
72.24999999999999,918722233.3102754
72.27,900447800.1666431
72.28999999999999,924177312.2075192
72.30999999999999,919562004.0626835
72.33,929723844.547585
72.35,935658028.0844501
72.36999999999999,945889815.2496805
72.39,919080597.2506106
72.41,877447288.2625059
72.42999999999999,927877758.3225087
72.45,942150125.7168536
72.46999999999998,921680531.6222112
72.49,902781001.9170891
72.50999999999999,863760142.4671683
72.52999999999999,902516085.3663865
72.55,912904713.1867856
72.57,920354276.8481315
72.58999999999999,918515899.485568
72.61,881220562.1454972
72.63,923094398.3049101
72.64999999999999,941142995.293259
72.67,926009717.6626812
72.68999999999998,923679264.3842398
72.71,914713993.4251362
72.72999999999999,891264586.132488
72.74999999999999,883979572.7025267
72.77,877083842.8270123
72.78999999999999,950017620.8907505
72.80999999999999,911982647.885071
72.83,923908438.0390965
72.85,914659229.3218354
72.86999999999999,933371577.2005472
72.89,907736907.1792072
72.90999999999998,904684986.0442508
72.92999999999999,935149877.765809
72.95,899540921.7964439
72.96999999999998,922271665.4245964
72.99,914770008.3980757
73.00999999999999,959072241.0868474
73.02999999999999,937796383.6788837
73.05,936558569.2668201
73.07,951916394.5140798
73.08999999999999,943418352.3409828
73.11,948809674.0400844
73.13,914972807.8550076
73.14999999999999,936351380.8344414
73.17,903709046.4156798
73.18999999999998,930799919.7959812
73.21,903699358.0936104
73.22999999999999,887581785.418612
73.24999999999999,896309702.237593
73.27,960272088.3187661
73.28999999999999,934368562.6944885
73.30999999999999,888977107.0287087
73.33,929507274.4676989
73.35,960794033.3621893
73.36999999999999,909426229.3379902
73.39,914191611.8269457
73.40999999999998,930237800.8164318
73.42999999999999,933726508.8722486
73.45,956300343.7900578
73.46999999999998,948966877.5684843
73.49,932242394.1048617
73.50999999999999,908633171.5057658
73.52999999999999,940025169.0158631
73.55,942550895.2131623
73.57,944029210.5650508
73.58999999999999,949404312.6062841
73.61,948414199.0001374
73.63,903363370.2228357
73.64999999999999,949595637.5075588
73.67,982490817.2035047
73.68999999999998,894095903.760064
73.71,905869044.4970303
73.72999999999999,942217709.4117272
73.74999999999999,966341391.6058799
73.77,964112443.457864
73.78999999999999,944519969.1530386
73.80999999999999,902451601.960829
73.83,886250470.1693987
73.85,944655708.8639423
73.86999999999999,938626755.1075869
73.89,939620403.7767633
73.90999999999998,932963889.1073505
73.92999999999999,929749318.6940031
73.95,919235838.087302
73.96999999999998,942505173.9697778
73.99,908910011.7132622
74.00999999999999,937544883.0471687
74.02999999999999,949577035.7282647
74.05,929545651.2477058
74.07,999418048.6098002
74.08999999999999,996368404.5402313
74.11,984137754.5718523
74.13,1008162961.3778604
74.14999999999999,1012968811.76897
74.17,992488403.7445155
74.18999999999998,1051753212.6057892
74.21,1032340199.1376721
74.22999999999999,1017804217.2649302
74.24999999999999,1010716067.8134164
74.27,1023803657.601268
74.28999999999999,1049375714.0133982
74.30999999999999,1073022961.4583615
74.33,1016698247.2206405
74.35,1093324718.9206572
74.36999999999999,1108190299.011271
74.39,1051036524.513713
74.40999999999998,1086124382.0326
74.42999999999999,1106584991.5902221
74.45,1137249860.9593585
74.46999999999998,1106343221.543258
74.49,1092342550.424929
74.50999999999999,1115973313.5479794
74.52999999999999,1109613840.2820308
74.55,1123439500.0280368
74.57,1129153308.6155474
74.58999999999999,1142196292.7754254
74.61,1117374850.5115154
74.63,1094335407.607925
74.64999999999999,1080030280.6533813
74.67,1088881017.2588224
74.68999999999998,1107360677.1812878
74.71,1131089149.1668932
74.72999999999999,1112174157.942347
74.74999999999999,1046121099.8202287
74.77,1040868847.0242673
74.78999999999999,1034247389.7864618
74.80999999999999,1044534002.323684
74.83,1028915346.6450537
74.85,1014402647.7745128
74.86999999999999,980420531.910918
74.89,1001239680.1396478
74.90999999999998,1032626567.4827536
74.92999999999999,966156305.898751
74.95,975690632.2477063
74.96999999999998,963592151.6003844
74.99,937386537.9520032
75.00999999999999,1006659126.3861126
75.02999999999999,935462910.2550523
75.05,962735149.2947927
75.07,984386615.744151
75.08999999999999,966946675.7875041
75.11,925474108.5309944
75.13,887605850.5471673
75.14999999999999,963613450.5952935
75.17,964051424.2459507
75.18999999999998,966519143.3652129
75.21,927582385.7902437
75.22999999999999,926511669.7305499
75.24999999999999,945270815.4341857
75.27,913349760.4708359
75.28999999999999,903747252.8607546
75.30999999999999,909260391.7784152
75.33,941985023.8923237
75.35,923129795.2010293
75.36999999999999,955910104.6300635
75.39,934893557.8274708
75.40999999999998,981598867.9828385
75.42999999999999,902842442.612435
75.45,909481866.877451
75.46999999999998,900022945.6147804
75.49,924522984.0877808
75.50999999999999,910373215.8316097
75.52999999999999,942082667.7857736
75.55,981142494.0602841
75.57,919323145.8018348
75.58999999999999,885743629.3309802
75.61,924523551.1809157
75.63,931815617.5043298
75.64999999999999,909699124.1841248
75.67,930115556.7260791
75.68999999999998,924372143.7719331
75.71,913664693.7239765
75.72999999999999,879055254.0283289
75.74999999999999,863830842.0095642
75.77,874186485.2835923
75.78999999999999,867515208.1371174
75.80999999999999,930813076.2525018
75.83,914664703.4549243
75.85,914461850.563016
75.86999999999999,892644118.7077738
75.89,891690009.9747726
75.90999999999998,910970982.8887073
75.92999999999999,908727949.2094477
75.95,934266761.6858139
75.96999999999998,897603554.790405
75.99,870391987.7196578
76.00999999999999,902167542.5802282
76.02999999999999,887629798.2854666
76.05,905861624.2217786
76.07,913512126.4741647
76.08999999999999,874713765.5006448
76.11,909518987.2441223
76.13,949891980.6174943
76.14999999999999,925744619.3893466
76.17,859433809.6492037
76.18999999999998,902656572.4542631
76.21,913520035.590168
76.22999999999999,906506827.5678289
76.24999999999999,948825427.4680966
76.27,898398176.3675243
76.28999999999999,917774776.6181663
76.30999999999999,952512585.2038311
76.33,895316485.2214888
76.35,896719119.5893657
76.36999999999999,909993892.4145887
76.39,906687816.6240413
76.40999999999998,950734650.383314
76.42999999999999,916268986.2516817
76.45,972720794.3444076
76.46999999999998,926729845.7526281
76.49,924804110.7791592
76.50999999999999,913297065.3674375
76.52999999999999,944288540.4827586
76.55,921721925.0684985
76.57,933774387.5051368
76.58999999999999,939372714.1733341
76.61,966885719.7487665
76.63,905535088.2245243
76.64999999999999,885769368.2720566
76.67,906439438.9454032
76.68999999999998,917615172.0183734
76.71,853437321.3926216
76.72999999999999,902292058.7587491
76.74999999999999,886852218.6368011
76.77,932259664.2332493
76.78999999999999,914978630.8339825
76.80999999999999,885900426.8806956
76.83,958226768.8029041
76.85,902850842.9811447
76.86999999999999,915567285.8374298
76.89,907334785.5932162
76.90999999999998,943870480.1111209
76.92999999999999,915662678.0447619
76.95,890791139.6112319
76.96999999999998,830431590.8315775
76.99,842702983.6241056
77.00999999999999,890624315.7629861
77.02999999999999,957240111.4874891
77.05,928149127.6337287
77.07,896394422.9418
77.08999999999999,909755939.4476148
77.11,928186240.142042
77.13,895714514.557873
77.14999999999999,882087258.7703667
77.17,951411133.1635497
77.18999999999998,937452280.8400486
77.21,889306923.3690827
77.22999999999999,950534382.1582514
77.24999999999999,931270163.9188418
77.27,891522203.4497316
77.28999999999999,867734887.3518524
77.30999999999999,918379067.3838755
77.33,904001246.3690772
77.35,922572015.00659
77.36999999999999,922670320.0832897
77.39,942869288.1972342
77.40999999999998,963692692.6912414
77.42999999999999,903366112.441236
77.45,885949298.6797283
77.46999999999998,932677028.3324053
77.49,906218858.1349213
77.50999999999999,905481751.9966968
77.52999999999999,910943064.3551332
77.55,915142724.6923234
77.57,895682656.1171339
77.58999999999999,899510736.1476508
77.61,904851500.8164165
77.63,887562668.4046508
77.64999999999999,898458405.0147623
77.67,920025350.0951718
77.68999999999998,924219138.8747159
77.71,866807447.160349
77.72999999999999,871489192.7390003
77.74999999999999,891170922.4352283
77.77,945250551.9650984
77.78999999999999,930514758.6702476
77.80999999999999,887888044.694759
77.83,913554272.9324796
77.85,960259733.3261447
77.86999999999999,961422697.7298379
77.89,973454302.6792945
77.90999999999998,928209655.9208018
77.92999999999999,923274034.411388
77.95,875485259.4136103
77.96999999999998,949988540.6173725
77.99,964392314.31002
78.00999999999999,910616831.5984287
78.02999999999999,947306921.6511487
78.05,914613345.2032367
78.07,894013156.7236264
78.08999999999999,941755493.1369225
78.11,947345377.0017132
78.13,905095264.0553288
78.14999999999999,940832381.0288386
78.17,932947284.7941029
78.18999999999998,914458784.9105201
78.21,930701103.5471598
78.22999999999999,901713269.7564372
78.24999999999999,946880706.1633883
78.27,948184816.8602668
78.28999999999999,967320187.8903486
78.30999999999999,939809884.899514
78.33,941407308.168362
78.35,917889174.2167374
78.36999999999999,951769225.3790702
78.39,909434461.9136671
78.40999999999998,904499481.767612
78.42999999999999,899883023.0564184
78.44999999999999,918215096.5252659
78.46999999999998,894119218.1073433
78.49,916150284.1651413
78.50999999999999,919057402.6610945
78.52999999999999,969193979.0089647
78.55,937286495.6070534
78.57,954031367.4723032
78.58999999999999,921792735.4960057
78.61,999946190.2162479
78.63,918554792.0917267
78.64999999999999,923854626.0048462
78.67,951985936.4848354
78.68999999999998,872113314.4373524
78.71,887697391.3934667
78.72999999999999,927267288.6163415
78.74999999999999,853408332.2614218
78.77,886128476.8463616
78.78999999999999,902096431.1390493
78.80999999999999,910441252.456195
78.83,940990063.6796265
78.85,920133985.4396248
78.86999999999999,922910157.6491859
78.89,970314684.1060653
78.90999999999998,917068532.190851
78.92999999999999,947872623.3716973
78.94999999999999,940536382.2950435
78.96999999999998,931596920.3436605
78.99,922171570.336438
79.00999999999999,918658560.3821052
79.02999999999999,910652604.6066256
79.05,926104208.3473046
79.07,911564457.9922411
79.08999999999999,923889323.9483151
79.11,959855345.0724171
79.13,904522457.4458883
79.14999999999999,943649998.7550318
79.17,955636719.104235
79.18999999999998,921240970.0615504
79.21,931731727.0231533
79.22999999999999,936048335.5181911
79.24999999999999,929899331.739649
79.27,929377770.9717721
79.28999999999999,962768601.1593784
79.30999999999999,945475385.9698288
79.33,920209838.1468121
79.35,904019033.9657296
79.36999999999999,932844954.0609804
79.39,941193974.0111507
79.40999999999998,929279253.4250171
79.42999999999999,959164816.6973859
79.44999999999999,933823855.853948
79.46999999999998,936152726.2442386
79.49,898765605.258806
79.50999999999999,898577901.5878665
79.52999999999999,903092035.0714613
79.55,922832630.9026493
79.57,912744440.3705673
79.58999999999999,917465282.9100205
79.61,972884792.431279
79.63,920684961.3699884
79.64999999999999,938610043.9610575
79.67,936794211.7837708
79.68999999999998,965514660.7272806
79.71,913596105.162349
79.72999999999999,937213911.540415
79.74999999999999,932374101.5092506
79.77,927779714.4960655
79.78999999999999,962017758.7352206
79.80999999999999,990749531.1126312
79.83,978675745.2073771
79.85,925503508.0196496
79.86999999999999,924285586.609718
79.89,926177540.8432763
79.90999999999998,920641611.1535443
79.92999999999999,940903196.8488752
79.94999999999999,876837257.2621068
79.96999999999998,935160049.179176
79.99,965092898.511684
80.00999999999999,928599473.6906254
80.02999999999999,953428108.2319797
80.05,947503567.8290588
80.07,939720814.666946
80.08999999999999,919240194.5121484
80.11,918206458.1766666
80.12999999999998,949377010.6190342
80.14999999999999,946939461.6931813
80.17,940807444.2183232
80.18999999999998,947266294.3019236
80.21,979140431.1457709
80.22999999999999,979351579.0547881
80.24999999999999,949396122.9601392
80.27,970120569.4996803
80.28999999999999,926681567.9881119
80.30999999999999,1001992603.4034356
80.33,967287799.3958912
80.35,937160436.1636317
80.36999999999999,940879254.5651071
80.39,983716122.3432412
80.40999999999998,964256341.1108309
80.42999999999999,994507346.1538751
80.44999999999999,935142960.5864315
80.46999999999998,935018598.0865465
80.49,912442461.8195846
80.50999999999999,977860121.2428299
80.52999999999999,931513386.5260777
80.55,916440847.3034022
80.57,949064106.4589055
80.58999999999999,920329240.729135
80.61,947536597.6813293
80.62999999999998,957076330.121423
80.64999999999999,946590631.4178402
80.67,966440438.2353066
80.68999999999998,960317137.3951086
80.71,972283366.7062919
80.72999999999999,967186011.6451216
80.74999999999999,932977623.7152249
80.77,873410761.2910466
80.78999999999999,950455472.2455103
80.80999999999999,958413698.4033381
80.83,989417659.830921
80.85,917087621.365865
80.86999999999999,982158452.959652
80.89,952963692.5033146
80.90999999999998,977955695.9739181
80.92999999999999,950546014.9278251
80.94999999999999,955370005.1517833
80.96999999999998,990879328.0529792
80.99,1015328670.1694567
81.00999999999999,964041098.4871763
81.02999999999999,947618952.8353028
81.05,984191747.6099708
81.07,1027452065.1631447
81.08999999999999,1016390873.5658791
81.11,1002795487.4618045
81.12999999999998,970907483.1212442
81.14999999999999,1029594306.4238544
81.17,1010498605.486164
81.18999999999998,987263459.4615659
81.21,1013494800.9286696
81.22999999999999,1031754279.5990063
81.24999999999999,994056040.4720657
81.27,1026200759.0275282
81.28999999999999,1058123461.9329557
81.30999999999999,1002690588.2623566
81.33,1037356998.1141701
81.35,1045603042.9279566
81.36999999999999,1028254662.9966737
81.39,1079960681.1556883
81.40999999999998,1049693852.7016248
81.42999999999999,1041641821.2167801
81.44999999999999,1069063975.4529598
81.46999999999998,1090626904.614103
81.49,1063177406.6339886
81.50999999999999,1108563751.8566341
81.52999999999999,1088422882.5731263
81.55,1132485882.8986628
81.57,1119919442.4652116
81.58999999999999,1097266770.0595982
81.61,1140503595.9852467
81.62999999999998,1149042801.103613
81.64999999999999,1220138643.2287173
81.67,1203069425.6169968
81.68999999999998,1288057101.9451518
81.71,1261597333.1776109
81.72999999999999,1238390773.169342
81.74999999999999,1275636945.178322
81.77,1325419246.2535477
81.78999999999999,1378245792.9553888
81.80999999999999,1393905016.5105565
81.83,1450387797.2793052
81.85,1526993329.9195716
81.86999999999999,1550153412.963553
81.89,1653908592.6185942
81.90999999999998,1703306277.0918906
81.92999999999999,1847082402.594072
81.94999999999999,2010110841.3641474
81.96999999999998,2110304365.874437
81.99,2293130685.7266207
82.00999999999999,2411801402.538574
82.02999999999999,2627099344.2323318
82.05,2810983688.4211392
82.07,3024514218.6292834
82.08999999999999,3221608869.439509
82.11,3372079954.939448
82.12999999999998,3731408950.3930893
82.14999999999999,4013050578.616
82.17,4329623061.19003
82.18999999999998,4586390214.09595
82.21,4998594811.387599
82.22999999999999,5149423324.305283
82.24999999999999,5582161457.362482
82.27,5826260586.940796
82.28999999999999,6107408105.602535
82.30999999999999,6378542731.828873
82.33,6597860667.337513
82.35,6613657836.442226
82.36999999999999,6655532052.261632
82.39,6741754097.8830385
82.40999999999998,6699833380.856278
82.42999999999999,6652404579.957154
82.44999999999999,6699255137.478442
82.46999999999998,6485232688.23008
82.49,6480191833.627173
82.50999999999999,6307148113.436059
82.52999999999999,5994056992.689085
82.55,5662471933.5445795
82.57,5479638873.137129
82.58999999999999,5296772017.486858
82.61,5143245687.996564
82.62999999999998,4851462745.0674305
82.64999999999999,4592501194.506157
82.67,4381790764.711404
82.68999999999998,4076605447.369044
82.71,3803676232.957783
82.72999999999999,3595616463.698353
82.74999999999999,3415547093.247094
82.77,3206294239.8479
82.78999999999999,2941930152.6201115
82.80999999999999,2777659367.849345
82.83,2534365796.6196485
82.85,2387608825.214369
82.86999999999999,2203748731.575876
82.89,2109258369.9416962
82.90999999999998,1981891179.9281754
82.92999999999999,1857346156.0013435
82.94999999999999,1756139768.334776
82.96999999999998,1685202484.8068757
82.99,1637590771.4586709
83.00999999999999,1480472666.2540915
83.02999999999999,1452147526.1895046
83.05,1364683811.5167875
83.07,1339530954.316886
83.08999999999999,1330699748.480514
83.11,1278970733.859963
83.12999999999998,1213871014.756586
83.14999999999999,1187546721.2507915
83.17,1212168619.9517882
83.18999999999998,1115686033.6850014
83.21,1162004701.3300142
83.22999999999999,1129102729.3768897
83.24999999999999,1093662375.901683
83.27,1126496855.1747968
83.28999999999999,1101276813.6566887
83.30999999999999,1042202392.7598277
83.33,1058204782.1606195
83.35,1102377650.4442945
83.36999999999999,1025028729.7827736
83.39,1018230353.58184
83.40999999999998,1002733919.590298
83.42999999999999,1053965119.4146554
83.44999999999999,999328926.1421493
83.46999999999998,1025800171.9413798
83.49,1015526379.0186725
83.50999999999999,996366532.6085619
83.52999999999999,993762197.5700768
83.55,1014132976.9346815
83.57,1008770825.8061023
83.58999999999999,940202870.4972006
83.61,945351499.2893462
83.62999999999998,1001752269.3477035
83.64999999999999,966600086.3074572
83.67,947916469.2498493
83.68999999999998,950091634.7385795
83.71,993637450.1901934
83.72999999999999,967616239.9539273
83.74999999999999,957891962.4836016
83.77,960748404.9203649
83.78999999999999,965061547.2655166
83.80999999999999,966629312.9038758
83.83,946798592.7424834
83.85,937757870.6112227
83.86999999999999,932620168.0305198
83.89,990468276.613961
83.90999999999998,961294618.9536486
83.92999999999999,937317316.0069124
83.94999999999999,943606149.2879075
83.96999999999998,951831959.8838664
83.99,921388437.7049766
84.00999999999999,943072147.9523635
84.02999999999999,943672599.828393
84.05,918352189.6940038
84.07,934491137.8500466
84.08999999999999,989419066.5969319
84.11,981609639.6096721
84.12999999999998,918455015.3942772
84.14999999999999,930994985.4434272
84.17,886206317.2863774
84.18999999999998,944395112.4530699
84.21,919608953.867954
84.22999999999999,873689709.6446055
84.24999999999999,928607630.5100778
84.27,909193308.9418771
84.28999999999999,914131854.101304
84.30999999999999,889844166.4849154
84.33,875465590.6034174
84.35,918859930.7133605
84.36999999999999,891035493.5006667
84.39,893364838.0883088
84.40999999999998,946055228.2940061
84.42999999999999,941526070.8179114
84.44999999999999,932990626.4090474
84.46999999999998,916803340.2476499
84.49,927926924.9404123
84.50999999999999,926793948.622061
84.52999999999999,878575470.2791641
84.55,866797298.9851176
84.57,913122415.8092608
84.58999999999999,940022863.6231925
84.61,916639365.1300107
84.62999999999998,903166971.5473158
84.64999999999999,934179792.3818067
84.67,892692155.4587393
84.68999999999998,950585664.1665801
84.71,901007761.5838076
84.72999999999999,886868243.3554938
84.74999999999999,934170023.3228704
84.77,963676545.3587257
84.78999999999999,970463973.4102863
84.80999999999999,942632024.1084534
84.83,911689366.3612552
84.85,926558273.4453113
84.86999999999999,900906036.8296038
84.89,904619449.59697
84.90999999999998,918721680.1916497
84.92999999999999,874419928.8952359
84.94999999999999,904416293.4810492
84.96999999999998,886062740.2452585
84.99,911760211.3017731
85.00999999999999,894621782.6283903
85.02999999999999,918683736.1441202
85.05,943835671.1909896
85.07,928150989.0066801
85.08999999999999,934938212.8039498
85.11,906280220.210022
85.12999999999998,927160209.1491195
85.14999999999999,901471014.571122
85.17,901239028.3593123
85.18999999999998,990147119.5031441
85.21,918442407.1686678
85.22999999999999,914711065.3233778
85.24999999999999,891839363.9628845
85.27,907903797.7086233
85.28999999999999,869920228.4578568
85.30999999999999,895071498.3486996
85.33,944455704.2098906
85.35,912076863.4132473
85.36999999999999,916920524.4986863
85.39,927403916.668786
85.40999999999998,924887306.4777093
85.42999999999999,917490701.8928316
85.44999999999999,923623989.1310242
85.46999999999998,884754370.2898276
85.49,880149093.7909307
85.50999999999999,900231420.4955028
85.52999999999999,927248458.4100205
85.55,925150687.8063618
85.57,924385382.3088889
85.58999999999999,969074807.6515827
85.61,930554013.0171366
85.62999999999998,954781050.8802993
85.64999999999999,877049428.5846199
85.66999999999999,858250171.1388959
85.68999999999998,942887921.2316881
85.71,940466038.4248043
85.72999999999999,938391968.0547229
85.74999999999999,923901511.7908096
85.77,879318178.4033542
85.78999999999999,898901480.7999407
85.80999999999999,908059002.7130555
85.83,872924109.5295693
85.85,908044183.1370008
85.86999999999999,905971198.4582928
85.89,910748085.7125798
85.90999999999998,873068230.22431
85.92999999999999,874688620.5727619
85.94999999999999,914341455.980092
85.96999999999998,917019453.6123654
85.99,893810627.1947128
86.00999999999999,905327112.6003478
86.02999999999999,882601122.3196145
86.05,937482884.2059633
86.07,944540762.1887535
86.08999999999999,946653019.3400013
86.11,928631776.3919446
86.12999999999998,927039467.0316294
86.14999999999999,897084576.4824312
86.16999999999999,946665049.7347779
86.18999999999998,934742554.884492
86.21,870845464.1737187
86.22999999999999,898720934.06959
86.24999999999999,921308143.3751754
86.27,893420622.5187614
86.28999999999999,912945413.4648138
86.30999999999999,904961846.3158704
86.33,898156474.968785
86.35,911455319.5893863
86.36999999999999,863084776.1722556
86.39,883115037.9808091
86.40999999999998,889878652.2033669
86.42999999999999,895093803.933215
86.44999999999999,864279740.4694164
86.46999999999998,882661295.030498
86.49,958632719.9759395
86.50999999999999,950209506.2467023
86.52999999999999,918052898.1756636
86.55,920144672.470675
86.57,909808224.7501537
86.58999999999999,880694462.5156046
86.61,905933779.440106
86.62999999999998,906299804.6643151
86.64999999999999,892441841.809196
86.66999999999999,889309451.65715
86.68999999999998,903946773.662998
86.71,924393389.3639517
86.72999999999999,916842829.6291082
86.74999999999999,860294576.0089657
86.77,923365468.1660427
86.78999999999999,922993903.6640241
86.80999999999999,901292873.038811
86.83,872528664.6839019
86.85,910565596.8440062
86.86999999999999,937333194.6882038
86.89,921007193.1863627
86.90999999999998,878048141.0953857
86.92999999999999,898079011.978404
86.94999999999999,893177562.3807282
86.96999999999998,921875915.0387927
86.99,886502635.0161504
87.00999999999999,880184630.1119959
87.02999999999999,874766140.8299139
87.05,905954160.1121838
87.07,910143813.9142493
87.08999999999999,875918327.4635254
87.11,911919429.8585608
87.12999999999998,913992564.5501498
87.14999999999999,862971028.6307421
87.16999999999999,901341235.8038925
87.18999999999998,905667238.4330622
87.21,918798298.4809754
87.22999999999999,932136678.403769
87.24999999999999,865293889.7713015
87.27,863257284.5527719
87.28999999999999,892066742.4768785
87.30999999999999,927371424.0947994
87.33,903553511.4553143
87.35,903509549.3229791
87.36999999999999,911949175.9431517
87.39,883076907.3157022
87.40999999999998,862198929.7998487
87.42999999999999,894996853.0913093
87.44999999999999,892439103.7267019
87.46999999999998,886980980.834274
87.49,896297972.0440491
87.50999999999999,903058191.525593
87.52999999999999,910138707.3225178
87.55,863866751.8108369
87.57,891142757.1520491
87.58999999999999,907358952.313331
87.61,925023812.706376
87.62999999999998,924939050.4206822
87.64999999999999,894367575.4489588
87.66999999999999,841318085.8030951
87.68999999999998,901422154.4444422
87.71,883795645.0080348
87.72999999999999,888331940.1595823
87.74999999999999,911968210.953769
87.77,886863094.888381
87.78999999999999,915442167.0383552
87.80999999999999,900649529.7389172
87.83,912770247.0448357
87.84999999999998,910050956.7362263
87.86999999999999,866508183.6351295
87.89,896285617.5551146
87.90999999999998,909472519.8488481
87.92999999999999,925427074.593299
87.94999999999999,873775293.5549343
87.96999999999998,889313127.708583
87.99,915054460.541548
88.00999999999999,938836708.7196599
88.02999999999999,884982055.6788799
88.05,878316366.722887
88.07,895019645.341621
88.08999999999999,900411515.6207869
88.11,890282926.902933
88.12999999999998,896697079.2083555
88.14999999999999,865000646.7517847
88.16999999999999,916276375.1664417
88.18999999999998,869572907.9715486
88.21,882192157.0049552
88.22999999999999,896565050.627594
88.24999999999999,872422933.0329695
88.27,878611849.6039883
88.28999999999999,901161659.5551463
88.30999999999999,888548865.3112773
88.33,876379335.8346647
88.34999999999998,858972648.4008547
88.36999999999999,887999102.8180225
88.39,873779100.1122869
88.40999999999998,908007495.4962759
88.42999999999999,889842180.6932579
88.44999999999999,887208006.0544976
88.46999999999998,886120484.6695447
88.49,918177620.4661222
88.50999999999999,877178330.1716696
88.52999999999999,853187510.0051107
88.55,869014314.9252559
88.57,907299087.2315022
88.58999999999999,909544754.6640623
88.61,885342565.065956
88.62999999999998,934341254.6119459
88.64999999999999,885532910.7216985
88.66999999999999,851125038.9408334
88.68999999999998,853919849.8896726
88.71,841026121.0577983
88.72999999999999,889401325.8077478
88.74999999999999,910913127.3979037
88.77,941905577.3861996
88.78999999999999,933893682.02044
88.80999999999999,909257633.6495703
88.83,926008819.2581174
88.84999999999998,852380213.8703465
88.86999999999999,924450194.0676605
88.89,896671406.8540905
88.90999999999998,860692778.7730398
88.92999999999999,865065839.2807401
88.94999999999999,898202572.2954252
88.96999999999998,842656355.5972981
88.99,841872235.907128
89.00999999999999,844651880.2653484
89.02999999999999,834006661.3137687
89.05,882691189.6593682
89.07,856071350.4533519
89.08999999999999,876561168.251962
89.11,921486581.7493259
89.12999999999998,905396036.062883
89.14999999999999,906089754.91983
89.16999999999999,916124422.6043373
89.18999999999998,919069696.7576683
89.21,924800236.3855307
89.22999999999999,904520519.9732349
89.24999999999999,903280243.3279055
89.27,878275759.4144006
89.28999999999999,900048152.739905
89.30999999999999,900929322.9317622
89.33,940373418.0767051
89.34999999999998,924133109.0300975
89.36999999999999,910338294.3103986
89.39,919928462.6143427
89.40999999999998,916057702.0988727
89.42999999999999,890953625.5780023
89.44999999999999,903098345.8163586
89.46999999999998,926632456.6546309
89.49,919873888.5904607
89.50999999999999,894658455.7576319
89.52999999999999,927271819.9593502
89.55,956162472.1383444
89.57,936745348.7183512
89.58999999999999,896664772.88647
89.61,961544181.4744269
89.62999999999998,955699170.0937514
89.64999999999999,927543722.2834157
89.66999999999999,980298243.8978231
89.68999999999998,902497130.6668748
89.71,907828948.6072973
89.72999999999999,971946621.1309438
89.74999999999999,956849658.085304
89.77,974657909.6922523
89.78999999999999,967799415.0732037
89.80999999999999,964656523.613639
89.83,935526763.4782165
89.84999999999998,920565794.5536542
89.86999999999999,926402243.5095756
89.89,994736860.9426925
89.90999999999998,986439613.3823717
89.92999999999999,1023202977.0758355
89.94999999999999,990900402.8371316
89.96999999999998,992116753.3724008
89.99,1008131371.3671262
90.00999999999999,1015760238.7923323
90.02999999999999,989706497.0380934
90.05,1006654876.4024154
90.07,1094108675.102637
90.08999999999999,1100450282.6814706
90.11,1045234904.6602026
90.12999999999998,1059942668.5339509
90.14999999999999,1113456924.6546962
90.16999999999999,1081266928.8134468
90.18999999999998,1083351178.001043
90.21,1080085389.3873043
90.22999999999999,1117799766.0734668
90.24999999999999,1110531011.7140365
90.27,1125256265.2910948
90.28999999999999,1130553445.7404108
90.30999999999999,1167882851.73045
90.33,1180728533.2717097
90.34999999999998,1168348756.4864957
90.36999999999999,1118837504.1093957
90.39,1184146863.3513777
90.40999999999998,1182434233.389317
90.42999999999999,1137045855.4348257
90.44999999999999,1104847454.726127
90.46999999999998,1161794106.520573
90.49,1102974609.980857
90.50999999999999,1172626430.6560047
90.52999999999999,1087290079.9098334
90.55,1109703246.613171
90.57,1117998555.041369
90.58999999999999,1115874869.6599388
90.61,1155648718.1561556
90.62999999999998,1100915232.3832757
90.64999999999999,1075343980.4095736
90.66999999999999,1072666718.2984921
90.68999999999998,1068409808.5324944
90.71,1047516426.8320866
90.72999999999999,1071511145.0159101
90.74999999999999,999807472.3384861
90.77,1056633548.8095486
90.78999999999999,1047306175.9809364
90.80999999999999,1041249140.5158153
90.83,1048164383.5615768
90.84999999999998,1054033480.7494242
90.86999999999999,1043455810.2365716
90.89,1021458611.3206577
90.90999999999998,990274090.4991822
90.92999999999999,946631651.5291417
90.94999999999999,987588626.7313468
90.96999999999998,960238490.2116301
90.99,978439604.5185828
91.00999999999999,1009587073.6207834
91.02999999999999,973856337.7994732
91.05,949914990.1386799
91.07,1015909632.4616314
91.08999999999999,954911874.0319713
91.11,977609518.4296871
91.12999999999998,932372263.37753
91.14999999999999,917149889.9627386
91.16999999999999,938500561.6082425
91.18999999999998,938617534.4328319
91.21,916727364.3000352
91.22999999999999,905322741.51859
91.24999999999999,880262715.7221398
91.27,897863450.8968024
91.28999999999999,905886308.7182937
91.30999999999999,913416959.2813518
91.33,908515905.6726713
91.34999999999998,954021138.1666739
91.36999999999999,903444353.2263328
91.39,957533912.023014
91.40999999999998,876048471.3993467
91.42999999999999,899135906.2074628
91.44999999999999,914407401.9182249
91.46999999999998,913227125.6687294
91.49,879571209.7816873
91.50999999999999,928587278.483097
91.52999999999999,914204178.9437213
91.55,936057099.3309015
91.57,925919207.2328864
91.58999999999999,880251963.4723536
91.61,869202734.5300722
91.62999999999998,890012832.8230196
91.64999999999999,928309381.1980443
91.66999999999999,901883251.1733465
91.68999999999998,883776262.8360924
91.71,890509108.9253561
91.72999999999999,937501617.4427768
91.74999999999999,868140079.8432646
91.77,889051781.0743653
91.78999999999999,896974215.9607987
91.80999999999999,877874202.7811031
91.83,876029883.9888791
91.84999999999998,871580090.9747052
91.86999999999999,844616094.7066296
91.89,840477434.7819159
91.90999999999998,881467126.7479359
91.92999999999999,859190868.0914695
91.94999999999999,914782047.4918953
91.96999999999998,879895284.7651759
91.99,908151391.942891
92.00999999999999,891431058.3261399
92.02999999999999,910334189.9763774
92.05,834598704.3208256
92.07,875395249.0103375
92.08999999999999,896838454.9273201
92.11,909864689.8627199
92.12999999999998,878144971.0905025
92.14999999999999,897398870.658569
92.16999999999999,842675347.4149827
92.18999999999998,871519607.5076599
92.21,868815402.8807501
92.22999999999999,866124008.6367114
92.24999999999999,876691424.321102
92.27,831314944.3462262
92.28999999999999,881050048.0801867
92.30999999999999,869415040.7959926
92.33,849686683.6959596
92.34999999999998,851991492.9181644
92.36999999999999,904248998.2988209
92.39,833812229.9621887
92.40999999999998,839691731.7564197
92.42999999999999,870713762.8493184
92.44999999999999,924509891.6405679
92.46999999999998,898104581.3788998
92.49,881281274.4926718
92.50999999999999,832135392.5477012
92.52999999999999,851088549.5062544
92.55,876009334.7357652
92.57,896182330.402888
92.58999999999999,843585037.0518947
92.61,881296966.7743372
92.62999999999998,892434127.9207615
92.64999999999999,870958567.6687579
92.66999999999999,906498627.8214072
92.68999999999998,892463890.2860229
92.71,877150449.3426309
92.72999999999999,879306458.1922377
92.74999999999999,883697992.1690339
92.77,882435963.5092204
92.78999999999999,874928616.0538515
92.80999999999999,898017113.8905574
92.83,856551736.639058
92.84999999999998,854099990.6279645
92.86999999999999,866869653.9256432
92.89,875531553.428952
92.90999999999998,911808835.5192232
92.92999999999999,862648456.6181726
92.94999999999999,851131187.428938
92.96999999999998,887787126.9988556
92.99,920894906.4586661
93.00999999999999,903156955.705505
93.02999999999999,845913171.3616893
93.05,887609633.3296964
93.07,865415281.3876143
93.08999999999999,872836451.6561637
93.11,861989989.2229177
93.12999999999998,895911749.3824635
93.14999999999999,868271244.9395405
93.16999999999999,841208108.1409918
93.18999999999998,877710949.214459
93.21,887466350.9804536
93.22999999999999,884257153.9318041
93.24999999999999,851860469.0289977
93.27,850283095.4171712
93.28999999999999,853790618.7869316
93.30999999999999,867789720.3731004
93.33,836101623.9671212
93.34999999999998,887901986.4144294
93.36999999999999,847052479.3686846
93.38999999999999,837371613.2671345
93.40999999999998,877899749.9957674
93.42999999999999,863612279.7618593
93.44999999999999,882061148.7422031
93.46999999999998,863189071.7119236
93.49,809341435.0312449
93.50999999999999,850626214.7764603
93.52999999999999,892444877.3991165
93.55,857010630.3543133
93.57,840463297.1749048
93.58999999999999,886183121.6395864
93.61,837688597.7007487
93.62999999999998,864536225.5893298
93.64999999999999,857648627.2311938
93.66999999999999,873259417.3553607
93.68999999999998,861020217.4461274
93.71,863533155.313246
93.72999999999999,889895249.3805504
93.74999999999999,856801257.9685344
93.77,877686510.6559114
93.78999999999999,874610096.8354288
93.80999999999999,852532209.8682861
93.83,870069709.3333628
93.84999999999998,887141256.2051071
93.86999999999999,888560614.729663
93.88999999999999,883518960.2937319
93.90999999999998,870668060.8455371
93.92999999999999,882395680.2812823
93.94999999999999,845559233.9920456
93.96999999999998,852176646.8418405
93.99,864425125.233668
94.00999999999999,848924357.8930598
94.02999999999999,850869321.9911658
94.05,894340460.3236707
94.07,898075589.3993424
94.08999999999999,890079032.7871213
94.11,845924011.0409113
94.12999999999998,846539278.9184225
94.14999999999999,865473330.074882
94.16999999999999,868499508.2052287
94.18999999999998,841379338.9128876
94.21,835528791.8262919
94.22999999999999,884843589.7120755
94.24999999999999,895362021.7908412
94.27,911583886.6552179
94.28999999999999,914068018.7901943
94.30999999999999,901542065.8989064
94.33,815208547.1804293
94.34999999999998,862439504.2139261
94.36999999999999,860314755.6767734
94.38999999999999,885676742.6730814
94.40999999999998,857128827.3295037
94.42999999999999,881836848.3081876
94.44999999999999,922536339.861771
94.46999999999998,883596154.8890688
94.49,878125818.4534423
94.50999999999999,870528806.5657028
94.52999999999999,838055739.1902623
94.55,875119847.0290185
94.57,850119214.9510546
94.58999999999999,865625140.2546811
94.61,836887210.1529846
94.62999999999998,852130322.9071746
94.64999999999999,873961041.5470932
94.66999999999999,859206282.1212095
94.68999999999998,856854479.876895
94.71,861350064.5157956
94.72999999999999,867779883.0334307
94.74999999999999,875771303.4545964
94.77,885129030.7212825
94.78999999999999,863117577.8295336
94.80999999999999,859000661.5087854
94.83,857717608.5069485
94.84999999999998,833884659.7592715
94.86999999999999,826851145.9797493
94.88999999999999,869375511.0502286
94.90999999999998,879618019.1485313
94.92999999999999,876475564.1691551
94.94999999999999,885655559.4131519
94.96999999999998,913585898.9325604
94.99,863928135.2635759
95.00999999999999,890562431.3628492
95.02999999999999,876749835.2073016
95.05,889535665.9582392
95.06999999999998,878517333.3942746
95.08999999999999,885921350.0497445
95.11,871571707.167192
95.12999999999998,920293018.2528393
95.14999999999999,924010711.9462084
95.16999999999999,886052588.1942704
95.18999999999998,920795765.882534
95.21,909512265.9277085
95.22999999999999,920693144.479595
95.24999999999999,896283012.8181814
95.27,954660625.966191
95.28999999999999,913669277.2124165
95.30999999999999,911407884.1857387
95.33,920988159.3871047
95.34999999999998,954945944.0788238
95.36999999999999,938787294.5451992
95.38999999999999,932398305.6527902
95.40999999999998,922412984.7511173
95.42999999999999,892938923.6084691
95.44999999999999,918695913.4271582
95.46999999999998,978361541.0748354
95.49,974613650.4110191
95.50999999999999,943051317.5336056
95.52999999999999,951243648.3538247
95.55,936688582.4609619
95.56999999999998,978593241.6652642
95.58999999999999,953233270.166342
95.61,921658569.8856977
95.62999999999998,953784374.6708621
95.64999999999999,947382603.6641328
95.66999999999999,952505613.9188472
95.68999999999998,987607913.8971627
95.71,952774012.7858696
95.72999999999999,1016449197.9008967
95.74999999999999,1031772708.9289565
95.77,981515719.5345485
95.78999999999999,941984222.7263013
95.80999999999999,979357153.9463776
95.83,941177424.2662805
95.84999999999998,973576449.8530002
95.86999999999999,961109270.210144
95.88999999999999,997950035.2131461
95.90999999999998,960611671.4966706
95.92999999999999,938224667.4876122
95.94999999999999,981666792.2605376
95.96999999999998,931848032.0978565
95.99,930059753.6488643
96.00999999999999,905965737.3786596
96.02999999999999,907259435.1074573
96.05,914266798.444414
96.06999999999998,917815292.9498831
96.08999999999999,870073805.0389025
96.11,875502588.5522515
96.12999999999998,889866678.420661
96.14999999999999,921898980.179156
96.16999999999999,906497136.0831925
96.18999999999998,875780048.9595665
96.21,916134124.9263701
96.22999999999999,911237353.6799455
96.24999999999999,869257307.3831
96.27,869912531.3765954
96.28999999999999,889705078.1291906
96.30999999999999,875934290.0952444
96.33,944459922.7010463
96.34999999999998,870291826.4427578
96.36999999999999,878833057.7325246
96.38999999999999,855541937.4290622
96.40999999999998,859420125.5854625
96.42999999999999,882063525.1155888
96.44999999999999,882240138.216428
96.46999999999998,862272115.5849863
96.49,845645177.4795419
96.50999999999999,845759373.5377822
96.52999999999999,865475060.6700478
96.55,919795066.9484895
96.56999999999998,865213552.9321475
96.58999999999999,829010722.176645
96.61,835213184.4577993
96.62999999999998,840317283.3883402
96.64999999999999,864931190.9864908
96.66999999999999,897156460.7272038
96.68999999999998,858524801.5330609
96.71,838301433.2375754
96.72999999999999,879281696.2728345
96.74999999999999,867125959.221043
96.77,846474780.4155436
96.78999999999999,850549776.580082
96.80999999999999,811281244.3339258
96.83,867433080.9346484
96.84999999999998,847409118.8341584
96.86999999999999,862501918.963141
96.88999999999999,848802057.5739574
96.90999999999998,887501752.5727663
96.92999999999999,860597712.0498579
96.94999999999999,868705978.0992002
96.96999999999998,912940767.0599715
96.99,880941455.0986595
97.00999999999999,918399390.0173804
97.02999999999999,902874235.1549433
97.05,912581224.2462962
97.06999999999998,877564256.3099355
97.08999999999999,844280759.9692885
97.11,890183128.0286918
97.12999999999998,890862859.2458348
97.14999999999999,890801464.3039354
97.16999999999999,887123885.8093033
97.18999999999998,850300129.8639638
97.21,871644229.0654591
97.22999999999999,858910271.3272644
97.24999999999999,863891898.1946225
97.27,877501529.7378261
97.28999999999999,875117375.78115
97.30999999999999,881222077.6207689
97.33,878280209.8574605
97.34999999999998,872472215.5979643
97.36999999999999,876702375.2915617
97.38999999999999,867217250.2629775
97.40999999999998,849657686.2779258
97.42999999999999,900075584.7854677
97.44999999999999,909412011.8742702
97.46999999999998,869748383.9510646
97.49,874397259.2390668
97.50999999999999,890416671.9169592
97.52999999999999,834371332.1902632
97.55,869551898.1430581
97.56999999999998,903069199.4203981
97.58999999999999,914809933.2405188
97.61,886897745.025598
97.62999999999998,894660852.9502078
97.64999999999999,846029501.7144786
97.66999999999999,869803084.6650198
97.68999999999998,868428471.8951794
97.71,899094358.3935513
97.72999999999999,869890770.970329
97.74999999999999,889804373.9758323
97.77,916523947.3345033
97.78999999999999,878876727.9860626
97.80999999999999,893720173.9573677
97.83,863332064.6074866
97.84999999999998,923426479.1697506
97.86999999999999,885674074.6117814
97.88999999999999,831169998.1247097
97.90999999999998,876343866.082581
97.92999999999999,913685582.9078273
97.94999999999999,916652887.9940112
97.96999999999998,971587000.7834563
97.99,930813305.883664
98.00999999999999,929882121.0406471
98.02999999999999,901812576.8776146
98.05,888762660.416412
98.06999999999998,932762532.0094657
98.08999999999999,919948137.7754308
98.11,966878855.2606283
98.12999999999998,934529596.6125667
98.14999999999999,953833092.3498316
98.16999999999999,916465069.5014225
98.18999999999998,954707723.5160881
98.21,956730737.8376194
98.22999999999999,998963338.5455967
98.24999999999999,1010653325.7038376
98.27,973218880.0056523
98.28999999999999,1015883504.1620142
98.30999999999999,1043739323.7179515
98.33,1090818744.2230778
98.34999999999998,1112932537.035865
98.36999999999999,1088627781.4635005
98.38999999999999,1126508280.3893569
98.40999999999998,1133007852.9627259
98.42999999999999,1094081588.3367336
98.44999999999999,1201724052.70327
98.46999999999998,1309759702.4768171
98.49,1320547291.6888196
98.50999999999999,1334459769.0572758
98.52999999999999,1372777223.3093379
98.55,1360940722.8973486
98.56999999999998,1498980237.3699715
98.58999999999999,1567002699.0286713
98.61,1614576365.5891416
98.62999999999998,1756680095.9008632
98.64999999999999,1807537471.1051412
98.66999999999999,1899458271.5797045
98.68999999999998,1946889820.722578
98.71,2010086769.8463311
98.72999999999999,2052020439.1469724
98.74999999999999,2264868055.7788734
98.77,2354925080.4438834
98.78999999999999,2443062148.4886856
98.80999999999999,2519383649.042255
98.83,2603767290.5812225
98.84999999999998,2703356381.667679
98.86999999999999,2793279996.78576
98.88999999999999,2877374795.9369516
98.90999999999998,2996065203.6606793
98.92999999999999,3060007423.8485
98.94999999999999,3066733321.2612953
98.96999999999998,3066951120.676707
98.99,3089084766.255393
99.00999999999999,3059318884.927165
99.02999999999999,3078152340.123492
99.05,3021915888.0421433
99.06999999999998,3029530049.0867324
99.08999999999999,2966078841.466149
99.11,3013090806.6349616
99.12999999999998,2956081722.553381
99.14999999999999,2860464412.684423
99.16999999999999,2746431363.776432
99.18999999999998,2722908470.0410094
99.21,2667806668.3675456
99.22999999999999,2597584345.146664
99.24999999999999,2517570869.04047
99.27,2517137681.6359825
99.28999999999999,2494238292.1351743
99.30999999999999,2316787784.0474296
99.33,2279269749.6017566
99.34999999999998,2263361988.564251
99.36999999999999,2128564782.5138078
99.38999999999999,2040447946.601762
99.40999999999998,1995116818.1806042
99.42999999999999,1909855250.494184
99.44999999999999,1801257068.9047613
99.46999999999998,1790349358.3560538
99.49,1696639013.4321024
99.50999999999999,1586137387.2086084
99.52999999999999,1533172160.0339353
99.55,1493304660.3529522
99.56999999999998,1458698506.6870315
99.58999999999999,1364810283.3725603
99.61,1343246425.6863089
99.62999999999998,1294617446.0853305
99.64999999999999,1265638818.9461212
99.66999999999999,1237707947.990091
99.68999999999998,1184950184.0728555
99.71,1142906105.3312404
99.72999999999999,1126815895.9711208
99.74999999999999,1105518943.5122857
99.77,1122402582.4329298
99.78999999999999,1010809231.4431136
99.80999999999999,1047484713.4540112
99.83,1085316761.4450667
99.84999999999998,1040486430.327756
99.86999999999999,990506228.0850961
99.88999999999999,989029371.1652067
99.90999999999998,966017609.8399847
99.92999999999999,984489119.3942486
99.94999999999999,941850122.5147789
99.96999999999998,914213584.3749987
99.99,898754531.7563027
100.00999999999999,944447624.7542052
100.02999999999999,913725287.608767
100.05,934542950.2200651
100.06999999999998,895398457.4153421
100.08999999999999,883708361.3540792
100.11,875575095.6872227
100.12999999999998,898526229.4305159
100.14999999999999,869240879.8838221
100.16999999999999,865754387.4880615
100.18999999999998,851231235.4737413
100.21,843510480.45157
100.22999999999999,864979214.4067969
100.24999999999999,864522668.2644494
100.27,848987437.0212928
100.28999999999999,851767064.5041381
100.30999999999999,878219398.5979198
100.33,863412887.715232
100.34999999999998,844149305.0685897
100.36999999999999,829582293.3415554
100.38999999999999,836372004.7178086
100.40999999999998,836603095.6927172
100.42999999999999,837743642.4144886
100.44999999999999,870447652.2433487
100.46999999999998,869080422.4207001
100.49,804693812.2673215
100.50999999999999,850340746.1837397
100.52999999999999,891348287.410915
100.55,880646449.1129711
100.56999999999998,848066014.4399313
100.58999999999999,824403522.9589479
100.60999999999999,859957231.7060821
100.62999999999998,804042578.8736837
100.64999999999999,848008449.3346497
100.66999999999999,823162010.3103786
100.68999999999998,829267645.1781825
100.71,863456621.6429973
100.72999999999999,846510455.9454726
100.74999999999999,869529407.1702303
100.77,821437778.3928808
100.78999999999999,842536709.2643676
100.80999999999999,863073237.2736641
100.83,806807822.0419365
100.84999999999998,818543796.1089389
100.86999999999999,833284857.11223
100.88999999999999,838401784.3458577
100.90999999999998,870238249.8996842
100.92999999999999,850424837.9683433
100.94999999999999,869776815.1996031
100.96999999999998,858688260.2726735
100.99,853474327.3237423
101.00999999999999,825858171.4072107
101.02999999999999,814206009.6998179
101.05,813552647.2360235
101.06999999999998,846958319.7912438
101.08999999999999,846326124.1500111
101.10999999999999,818530576.361321
101.12999999999998,797930273.3711722
101.14999999999999,818840100.3384435
101.16999999999999,847043413.2265323
101.18999999999998,805897105.4701616
101.21,789136400.8682759
101.22999999999999,795418556.8988374
101.24999999999999,819292445.4060123
101.27,798130315.0973417
101.28999999999999,836731685.394043
101.30999999999999,853010398.0370705
101.33,821233968.5428892
101.34999999999998,799287610.8926723
101.36999999999999,797354167.0284117
101.38999999999999,830439973.5045258
101.40999999999998,829266560.5013002
101.42999999999999,764205843.2717943
101.44999999999999,808717754.669162
101.46999999999998,757550798.7211614
101.49,775631292.514822
101.50999999999999,778368897.1205639
101.52999999999999,787350880.6934671
101.55,733469410.9103081
101.56999999999998,805424607.6586405
101.58999999999999,814298646.7033867
101.60999999999999,795727364.4502181
101.62999999999998,783155565.407929
101.64999999999999,834075735.9968667
101.66999999999999,861018124.3850911
101.68999999999998,798037081.7924794
101.71,821894312.490165
101.72999999999999,771246887.4012034
101.74999999999999,824915722.9088387
101.77,795944037.7727681
101.78999999999999,798812550.6150824
101.80999999999999,757863308.5460451
101.83,803314811.4751302
101.84999999999998,811682410.4872537
101.86999999999999,797146410.6002756
101.88999999999999,798077614.7840418
101.90999999999998,815145205.6983811
101.92999999999999,812992112.0338918
101.94999999999999,814980729.3477324
101.96999999999998,773865983.6579493
101.99,803834507.8770458
102.00999999999999,774127359.5093497
102.02999999999999,797715498.8334583
102.05,803890823.8320681
102.06999999999998,789328087.7214177
102.08999999999999,814152937.732908
102.10999999999999,856785737.2271464
102.12999999999998,807481927.225081
102.14999999999999,792270501.932873
102.16999999999999,825887622.2141976
102.18999999999998,819737700.705721
102.21,786619386.8838938
102.22999999999999,805323122.6136305
102.24999999999999,769004853.9633617
102.27,795753754.0052027
102.28999999999999,829557129.6793544
102.30999999999999,799252654.2793573
102.33,847113007.668573
102.34999999999998,797469391.0858045
102.36999999999999,792293785.293653
102.38999999999999,798662768.2462664
102.40999999999998,786136998.2815616
102.42999999999999,773174252.8992301
102.44999999999999,801525558.7022364
102.46999999999998,836812511.3803751
102.49,820596405.329744
102.50999999999999,832960418.4076681
102.52999999999999,843700607.7271942
102.55,847601549.4695685
102.56999999999998,796029105.1754237
102.58999999999999,787299886.1380863
102.60999999999999,843943574.5937089
102.62999999999998,806272786.11848
102.64999999999999,782271190.6305133
102.66999999999999,778527344.206576
102.68999999999998,802583877.9744807
102.71,837673639.3846103
102.72999999999999,794758734.2177466
102.74999999999999,826025621.0449654
102.77,803815715.5670601
102.78999999999998,780417436.8295666
102.80999999999999,794159106.351157
102.83,780440885.5534216
102.84999999999998,748122533.321092
102.86999999999999,789794709.164558
102.88999999999999,798791719.4785439
102.90999999999998,805635433.4524676
102.92999999999999,802944870.7848588
102.94999999999999,800099366.801293
102.96999999999998,784586441.0538949
102.99,769478721.9480425
103.00999999999999,762136304.6220016
103.02999999999999,786413879.5797654
103.05,802391059.5396076
103.06999999999998,814200496.970094
103.08999999999999,808210495.9420561
103.10999999999999,774654729.2689519
103.12999999999998,790993812.7548167
103.14999999999999,784243297.7007346
103.16999999999999,782133445.5904454
103.18999999999998,788298025.8803124
103.21,799720924.7695414
103.22999999999999,737031892.080706
103.24999999999999,821749790.0511703
103.27,793264203.9210706
103.28999999999998,764488173.9460784
103.30999999999999,760953592.3330725
103.33,806057482.7824068
103.34999999999998,747765313.2082417
103.36999999999999,742908473.5602065
103.38999999999999,805265507.135776
103.40999999999998,796005882.864509
103.42999999999999,765988081.018057
103.44999999999999,784836655.3798355
103.46999999999998,800694953.6865382
103.49,815615243.4986318
103.50999999999999,797620859.4018174
103.52999999999999,785772265.8165071
103.55,807795136.4327693
103.56999999999998,797073975.3385966
103.58999999999999,779564873.1411554
103.60999999999999,792789276.475711
103.62999999999998,820720461.5198172
103.64999999999999,766739373.3556185
103.66999999999999,822200582.1630466
103.68999999999998,786671274.9953065
103.71,764948479.9030834
103.72999999999999,795133524.4083827
103.74999999999999,814632147.3926009
103.77,798742167.0568831
103.78999999999998,795794298.6819125
103.80999999999999,804309209.8888856
103.83,783033519.3607928
103.84999999999998,792776972.6384137
103.86999999999999,766427791.3400918
103.88999999999999,777137563.6147265
103.90999999999998,788947091.4762343
103.92999999999999,753528520.5275388
103.94999999999999,777021473.3587505
103.96999999999998,788347883.519114
103.99,781621016.8861678
104.00999999999999,821376765.1754831
104.02999999999999,812215048.6240758
104.05,796193612.016954
104.06999999999998,823339528.7053232
104.08999999999999,813276071.2403316
104.11,734118411.4657862
104.12999999999998,785886625.485675
104.14999999999999,835448372.2710024
104.17,811103235.3331512
104.18999999999998,775634792.71537
104.21,787405872.1851542
104.22999999999998,755731372.3996423
104.24999999999999,755930431.0794674
104.27,789380932.5698127
104.28999999999998,791160844.8932196
104.30999999999999,792017642.9370068
104.33,792380998.0669188
104.34999999999998,806497564.5385147
104.36999999999999,781425287.3353565
104.39,781226758.5659089
104.40999999999998,784776455.833412
104.42999999999999,773080522.889573
104.44999999999997,759999367.4643998
104.46999999999998,778191163.3408847
104.49,815201544.0221568
104.50999999999998,762572719.4422282
104.52999999999999,774782184.5898615
104.55,764875598.1682298
104.56999999999998,765380523.7665979
104.58999999999999,822394097.5668278
104.61,778934429.5491711
104.62999999999998,803940185.1721946
104.64999999999999,760548556.4625683
104.67,792365654.6582384
104.68999999999998,791282171.3016165
104.71,790024496.7204542
104.72999999999998,754829331.2515175
104.74999999999999,757671878.9150113
104.77,761143814.6872722
104.78999999999998,751427747.5003008
104.80999999999999,745900166.1851825
104.83,789471561.4963421
104.84999999999998,713404212.8309197
104.86999999999999,753546933.0721533
104.89,778047805.0270102
104.90999999999998,786316517.5566396
104.92999999999999,834612672.8284698
104.94999999999997,774979964.7492673
104.96999999999998,762240973.5762299
104.99,774807974.8583188
105.00999999999998,776311285.7114549
105.02999999999999,773294357.2018348
105.05,810397740.3581452
105.06999999999998,773710421.4504464
105.08999999999999,691114409.5156783
105.11,736095870.7923297
105.12999999999998,749091290.1217344
105.14999999999999,787102211.4185395
105.17,745304419.5002038
105.18999999999998,775325003.9805526
105.21,791381821.0549304
105.22999999999998,822905303.6838005
105.24999999999999,776396899.9977801
105.27,764959516.8893765
105.28999999999998,789262237.8229849
105.30999999999999,762169061.3114401
105.33,768501331.2683802
105.34999999999998,786392868.8979275
105.36999999999999,715087511.6887158
105.39,744148383.0837337
105.40999999999998,772752283.5475785
105.42999999999999,789062440.5999664
105.44999999999997,774718445.599969
105.46999999999998,781457887.4793292
105.49,763885895.1593908
105.50999999999998,768856211.530743
105.52999999999999,778528356.027539
105.55,774339377.0200981
105.56999999999998,800924114.0724053
105.58999999999999,776323725.8865491
105.61,769618802.6683631
105.62999999999998,799823586.4890281
105.64999999999999,795252147.9196354
105.67,789246626.90345
105.68999999999998,774575902.8037772
105.71,762820434.9398592
105.72999999999998,783631689.7238656
105.74999999999999,748195327.0144625
105.77,732645546.0899055
105.78999999999998,730233589.9751911
105.80999999999999,761377776.1689351
105.83,754684455.755611
105.84999999999998,802711930.2187183
105.86999999999999,770449925.8782395
105.89,770629658.4888691
105.90999999999998,798136067.1615665
105.92999999999999,782625690.9451941
105.94999999999997,806072207.6808399
105.96999999999998,757561223.7697582
105.99,747827969.7007331
106.00999999999998,789611222.3313743
106.02999999999999,752779658.1619567
106.05,738841751.2733337
106.06999999999998,770396087.4069684
106.08999999999999,826827767.5131655
106.11,780857900.8170944
106.12999999999998,757449727.3595275
106.14999999999999,773877141.9236202
106.17,772741444.6154646
106.18999999999998,763174510.4007531
106.21,745559160.8945125
106.22999999999998,821832572.9823533
106.24999999999999,818267882.2602514
106.27,800550421.7605822
106.28999999999998,770641387.6839243
106.30999999999999,763208989.1857032
106.33,809248686.7928486
106.34999999999998,773972675.1974127
106.36999999999999,816274368.1965051
106.39,738068681.786266
106.40999999999998,743520973.7198988
106.42999999999999,737459542.7729067
106.44999999999997,735059742.5914658
106.46999999999998,757996879.019132
106.49,747024757.3288536
106.50999999999998,739191322.3877327
106.52999999999999,738421421.9041064
106.55,779871815.326192
106.56999999999998,781688728.0427403
106.58999999999999,742793831.9155076
106.61,768402797.8692714
106.62999999999998,729750533.8045852
106.64999999999999,783249934.938171
106.67,746171036.5917892
106.68999999999998,776785404.7145548
106.71,759906531.4301593
106.72999999999998,804310695.2785641
106.74999999999999,748380401.6188477
106.77,730934248.364628
106.78999999999998,746509230.1995519
106.80999999999999,724925161.9498639
106.83,727391743.248819
106.84999999999998,754985152.8687568
106.86999999999999,763389400.6088867
106.89,805697355.7588499
106.90999999999998,774677070.4862971
106.92999999999999,734352879.506437
106.94999999999997,752941186.4822583
106.96999999999998,709870748.0660698
106.99,733286767.18835
107.00999999999998,776274182.5952969
107.02999999999999,783931441.4132476
107.05,767400449.8035865
107.06999999999998,738346368.7834271
107.08999999999999,744257219.1071749
107.11,774010734.1742275
107.12999999999998,762457125.4338653
107.14999999999999,791359812.409479
107.17,776857594.3421313
107.18999999999998,764482104.5419282
107.21,762949925.8395753
107.22999999999998,778416711.9154077
107.24999999999999,724204847.6805947
107.27,752722750.8137394
107.28999999999998,753786325.6557096
107.30999999999999,728163909.2722676
107.33,740281654.991972
107.34999999999998,747518974.0723863
107.36999999999999,761582599.202415
107.39,781078375.781247
107.40999999999998,790796153.3143595
107.42999999999999,750779227.5033684
107.44999999999997,737471354.2141236
107.46999999999998,730677626.3265443
107.49,715180280.4844999
107.50999999999998,722656937.3822749
107.52999999999999,723805874.2843413
107.55,731984349.3818032
107.56999999999998,756043724.8847427
107.58999999999999,754489525.5677167
107.61,752823451.629215
107.62999999999998,777041595.8129138
107.64999999999999,726073193.7918764
107.67,776813721.7242585
107.68999999999998,780688449.1960073
107.71,755415550.1100456
107.72999999999998,749132649.2767816
107.74999999999999,776296953.0859524
107.77,730832454.6599524
107.78999999999998,741562811.4509876
107.80999999999999,764728624.2307427
107.83,763927734.4173375
107.84999999999998,742472288.7228806
107.86999999999999,746254646.7983996
107.89,782616818.2243416
107.90999999999998,760580872.9041636
107.92999999999999,772070821.3071455
107.94999999999997,772040978.692315
107.96999999999998,778363818.2795887
107.99,763767346.9698595
108.00999999999998,755334807.8352246
108.02999999999999,744646175.0263524
108.05,742043073.1232755
108.06999999999998,785771716.0117382
108.08999999999999,766009046.2051473
108.11,778895419.556893
108.12999999999998,774089006.700747
108.14999999999999,772378331.7277306
108.17,719612926.4827323
108.18999999999998,750638933.670312
108.21,724689465.0403196
108.22999999999998,748419356.6233845
108.24999999999999,738962608.9141874
108.27,750075994.470154
108.28999999999998,771940282.9841332
108.30999999999999,761956520.3616415
108.33,736790626.9062315
108.34999999999998,793505313.6058335
108.36999999999999,770899011.4118015
108.39,767759483.1242747
108.40999999999998,742016084.2447959
108.42999999999999,754210734.6773721
108.44999999999997,772664006.9892122
108.46999999999998,779989721.5313954
108.49,744479064.6548198
108.50999999999998,732857491.9285678
108.52999999999999,726093432.704028
108.55,711636544.5646172
108.56999999999998,740878209.8349836
108.58999999999999,779024321.1480234
108.61,758742675.8642359
108.62999999999998,759892764.7052447
108.64999999999999,765407113.2051765
108.67,779612376.4565642
108.68999999999998,753984816.9714031
108.71,761156698.1775774
108.72999999999998,747820024.9991047
108.74999999999999,761805356.9104931
108.77,758703248.0775492
108.78999999999998,729410960.0907252
108.80999999999999,773305328.814464
108.83,716441362.588083
108.84999999999998,721565840.3713808
108.86999999999999,752612259.8518612
108.89,749698041.004009
108.90999999999998,760984210.97133
108.92999999999999,750597011.9339736
108.94999999999997,736614949.8393401
108.96999999999998,760327472.6672978
108.99,745396335.5589118
109.00999999999998,749200836.7318274
109.02999999999999,775105720.2752213
109.05,709644718.3913052
109.06999999999998,749904335.1821454
109.08999999999999,752799601.3641857
109.11,738416399.6231549
109.12999999999998,742818956.5330694
109.14999999999999,743421361.6841983
109.16999999999997,726112294.9979303
109.18999999999998,738217328.9757968
109.21,729253179.5798813
109.22999999999998,722019308.3980302
109.24999999999999,695456215.2263616
109.27,740981686.660654
109.28999999999998,749416334.5679746
109.30999999999999,698493127.8278245
109.33,714806999.8939352
109.34999999999998,729381760.7963821
109.36999999999999,781431729.7320701
109.39,746964346.5674714
109.40999999999998,728599694.1510487
109.42999999999999,708733216.7222939
109.44999999999997,738145303.2376597
109.46999999999998,735358015.1158673
109.49,758959571.1878897
109.50999999999998,712470822.4797387
109.52999999999999,705298445.6731822
109.55,727295814.0706346
109.56999999999998,726510760.4944094
109.58999999999999,748827387.3056297
109.61,773854084.3690764
109.62999999999998,749507836.3363223
109.64999999999999,742836480.2215867
109.66999999999997,721614103.6223254
109.68999999999998,770549990.2683314
109.71,749709142.9896625
109.72999999999998,732254574.6326474
109.74999999999999,706673163.9404058
109.77,724535206.3226962
109.78999999999998,719050720.8304844
109.80999999999999,777360692.175331
109.83,810108011.3623804
109.84999999999998,758894685.4242008
109.86999999999999,750060127.4965712
109.89,739548553.2948675
109.90999999999998,750366015.1713283
109.92999999999999,743902366.3593864
109.94999999999997,712771282.2699618
109.96999999999998,713017092.8911043
109.99,752169243.9423813
110.00999999999998,723545756.3205305
110.02999999999999,703262259.5686665
110.05,725887702.6467842
110.06999999999998,733493642.6017536
110.08999999999999,712711981.6102363
110.11,732429957.3334322
110.12999999999998,744312627.3190824
110.14999999999999,740017185.3405538
110.16999999999997,729889481.3106775
110.18999999999998,751703390.2465436
110.21,754254532.2788115
110.22999999999998,755815548.0160259
110.24999999999999,764215259.8010187
110.27,756222705.6881084
110.28999999999998,736731242.4676341
110.30999999999999,733056789.1574436
110.33,726140952.6919991
110.34999999999998,757778373.6964387
110.36999999999999,730289878.6307542
110.39,702013798.1749533
110.40999999999998,728934814.0823082
110.42999999999999,731168257.5818504
110.44999999999997,769050576.2063633
110.46999999999998,785139073.0184742
110.49,739350748.0282251
110.50999999999998,737985167.4158864
110.52999999999999,783750818.2454674
110.55,744794512.6796781
110.56999999999998,718895388.1628455
110.58999999999999,732705158.8196211
110.61,766952932.2509013
110.62999999999998,757429033.3786815
110.64999999999999,757569511.8034669
110.66999999999997,733643533.5629957
110.68999999999998,782000620.8951855
110.71,758297198.5993221
110.72999999999998,732835348.2555892
110.74999999999999,749246401.7322927
110.77,699847619.2109222
110.78999999999998,752031841.7535572
110.80999999999999,738532623.5276084
110.83,695450907.0286697
110.84999999999998,742198487.448117
110.86999999999999,752789939.6446221
110.89,716293450.486767
110.90999999999998,708125229.6331735
110.92999999999999,733268423.728416
110.94999999999997,715661203.145847
110.96999999999998,781739733.3666668
110.99,773255550.4543799
111.00999999999998,746189175.3035874
111.02999999999999,718721471.272008
111.05,725504485.9983126
111.06999999999998,732740136.3812478
111.08999999999999,784078888.3425773
111.11,753541939.1516558
111.12999999999998,730941707.8415442
111.14999999999999,728223707.252109
111.16999999999997,738795623.6385688
111.18999999999998,721100705.929158
111.21,744340255.7755797
111.22999999999998,774929307.9914206
111.24999999999999,748462267.2890191
111.27,744568162.7581829
111.28999999999998,756876840.1898185
111.30999999999999,738617779.3061284
111.33,740622721.3922758
111.34999999999998,724136143.7919539
111.36999999999999,724161036.6633768
111.39,758715298.7744228
111.40999999999998,710148382.3497022
111.42999999999999,731394548.4442042
111.44999999999997,726923636.622317
111.46999999999998,742965404.6524248
111.49,745509537.1333845
111.50999999999998,749530132.340055
111.52999999999999,774852557.5639492
111.55,763258251.3780648
111.56999999999998,737928542.8989788
111.58999999999999,736589978.0718526
111.61,676968931.5671886
111.62999999999998,688229370.3369323
111.64999999999999,711481588.2716647
111.66999999999997,767137696.5383198
111.68999999999998,717717783.6250876
111.71,735877419.0192094
111.72999999999998,775703518.6741407
111.74999999999999,750225917.0726632
111.77,721564938.8749628
111.78999999999998,755091837.2027125
111.80999999999999,752698353.6528772
111.83,777894726.3767878
111.84999999999998,764812368.4693387
111.86999999999999,768665512.6936562
111.89,748375595.0744816
111.90999999999998,749458864.8644632
111.92999999999999,738868699.801202
111.94999999999997,733505163.0539348
111.96999999999998,722088677.6930293
111.99,701136534.4494125
112.00999999999998,722983340.7849401
112.02999999999999,724940230.9914018
112.05,743384708.522306
112.06999999999998,734175081.759381
112.08999999999999,743214258.3619003
112.11,746849962.0359668
112.12999999999998,753056526.4215227
112.14999999999999,739050415.2520903
112.16999999999997,736916654.6139545
112.18999999999998,707412884.4982942
112.21,771859546.8223778
112.22999999999998,736614539.9284503
112.24999999999999,745675287.8618165
112.27,723664915.7318983
112.28999999999998,727872731.7782949
112.30999999999999,706518306.8556393
112.33,747447832.6497388
112.34999999999998,702833113.451906
112.36999999999999,736460453.994408
112.39,746536621.0465134
112.40999999999998,764386405.1423563
112.42999999999999,723092037.5377774
112.44999999999997,758303229.73624
112.46999999999998,713061426.7062162
112.49,727871917.9367874
112.50999999999998,747374293.6172752
112.52999999999999,707000293.8367295
112.55,741411034.4932102
112.56999999999998,749830765.2235608
112.58999999999999,742647718.7046499
112.61,722810664.7511297
112.62999999999998,733283565.5726112
112.64999999999999,764287874.7901071
112.66999999999997,742526310.9169778
112.68999999999998,682860899.0750318
112.71,745401962.2653505
112.72999999999998,757062742.2210298
112.74999999999999,732312303.0227435
112.77,743429243.8125861
112.78999999999998,758658671.2967844
112.80999999999999,739884971.4196028
112.83,727084610.9593145
112.84999999999998,726296623.3459713
112.86999999999999,751355010.8971659
112.89,752043593.5028603
112.90999999999998,724250055.939914
112.92999999999999,740793975.03334
112.94999999999997,727871263.9500304
112.96999999999998,735490256.2579943
112.99,699393698.1627742
113.00999999999998,720084444.8868389
113.02999999999999,724223359.6519909
113.05,726976356.2092208
113.06999999999998,722589500.585781
113.08999999999999,704607089.2301447
113.11,720150287.2990757
113.12999999999998,721180183.7495219
113.14999999999999,745186544.6310537
113.16999999999997,759976923.54179
113.18999999999998,717845495.3258952
113.21,717635817.8376502
113.22999999999998,757777658.5864905
113.24999999999999,802118068.5780841
113.27,770399169.813977
113.28999999999998,753789264.685959
113.30999999999999,735653017.494103
113.33,742243313.3873496
113.34999999999998,740382536.6394649
113.36999999999999,731776946.988541
113.39,698403042.4318359
113.40999999999998,713233691.6763748
113.42999999999999,713547225.936001
113.44999999999997,745984410.3859515
113.46999999999998,712618781.4833323
113.49,723422000.1834701
113.50999999999998,704354029.4285578
113.52999999999999,777523522.0119725
113.55,752129695.2560605
113.56999999999998,774307590.2290405
113.58999999999999,760127818.6320415
113.61,723626376.1838847
113.62999999999998,716746979.9724373
113.64999999999999,760678069.7598374
113.66999999999997,713981386.849676
113.68999999999998,714878554.1033237
113.71,725109602.0219305
113.72999999999998,772447944.1900969
113.74999999999999,736531706.726333
113.77,723455208.836869
113.78999999999998,718316280.0354805
113.80999999999999,734913512.5985515
113.83,714791501.5423634
113.84999999999998,742215950.9679968
113.86999999999999,759571726.3844637
113.89,716262865.7229673
113.90999999999998,711840162.802193
113.92999999999999,746021879.3716106
113.94999999999997,751732624.1462423
113.96999999999998,764938756.8540207
113.99,752955021.9770284
114.00999999999998,710712155.8350589
114.02999999999999,750593084.2052987
114.05,714921133.7831748
114.06999999999998,723133747.477405
114.08999999999999,756958732.7178831
114.11,744369957.4301115
114.12999999999998,771372389.1943316
114.14999999999999,739013955.5817432
114.16999999999997,718013080.3773186
114.18999999999998,712884238.533005
114.21,729760063.6786563
114.22999999999998,720243928.1713108
114.24999999999999,745899103.3885992
114.27,765161207.4332855
114.28999999999998,757474512.755196
114.30999999999999,746379268.5547396
114.33,735578961.4520334
114.34999999999998,752873230.66628
114.36999999999999,700068215.0791404
114.39,723238226.7038398
114.40999999999998,730284841.9416741
114.42999999999999,736814863.704897
114.44999999999997,743838301.4838389
114.46999999999998,724135095.8056122
114.49,762333563.3423678
114.50999999999998,790911153.4779135
114.52999999999999,772988301.8440353
114.55,740999432.4249275
114.56999999999998,745962543.5730048
114.58999999999999,784556710.8307033
114.61,775700706.581284
114.62999999999998,761662865.3251584
114.64999999999999,765514518.7736472
114.66999999999997,765102827.8687135
114.68999999999998,756074143.9573033
114.71,755627840.1852592
114.72999999999998,759772758.513216
114.74999999999999,798967293.0584766
114.77,768898926.4087597
114.78999999999998,773621274.9927086
114.80999999999999,802178538.0593909
114.83,770785360.2994045
114.84999999999998,779647871.6849232
114.86999999999999,787761922.7224913
114.89,776554759.0611748
114.90999999999998,780746706.1363677
114.92999999999999,770576952.383277
114.94999999999997,832861194.5198923
114.96999999999998,787394976.536557
114.99,775386110.07193
115.00999999999998,812284324.9693216
115.02999999999999,823793960.0076519
115.05,779343278.8345743
115.06999999999998,836522438.3066419
115.08999999999999,816186552.989948
115.11,801465546.9376609
115.12999999999998,829571704.391616
115.14999999999999,850937050.6036721
115.16999999999997,860127933.2755246
115.18999999999998,808685879.9583906
115.21,878505964.8137656
115.22999999999998,837666288.969058
115.24999999999999,883173875.7339797
115.27,849423801.5778173
115.28999999999998,859945128.0061905
115.30999999999999,875101415.4055886
115.33,831865613.5743216
115.34999999999998,859545459.8215718
115.36999999999999,908900560.9232188
115.39,917609841.4795846
115.40999999999998,927441690.8703152
115.42999999999999,915964981.3186831
115.44999999999997,952489075.0581973
115.46999999999998,941974075.4276149
115.49,969812761.0682669
115.50999999999998,966097567.6357996
115.52999999999999,1040228579.1652894
115.55,1013563962.9531566
115.56999999999998,984997288.999208
115.58999999999999,1056796182.1108464
115.61,1039092023.8058903
115.62999999999998,1085808631.07353
115.64999999999999,1105357221.6912675
115.66999999999997,1131239842.1046374
115.68999999999998,1168135063.3867218
115.71,1134117105.5083084
115.72999999999998,1206718790.9436035
115.74999999999999,1207545328.5065048
115.77,1260273034.877797
115.78999999999998,1266539819.831161
115.80999999999999,1313487852.8289487
115.83,1320496992.0574374
115.84999999999998,1393737079.5875773
115.86999999999999,1409091866.7612293
115.89,1486254819.0444622
115.90999999999998,1530019951.6545284
115.92999999999999,1491459633.2016811
115.94999999999997,1564345575.8968182
115.96999999999998,1601984819.8079164
115.99,1651805851.278481
116.00999999999998,1656652674.189323
116.02999999999999,1786945738.602707
116.05,1755598912.835378
116.06999999999998,1812870858.157671
116.08999999999999,1820844697.3502362
116.11,1853174693.418387
116.12999999999998,1985634513.8748686
116.14999999999999,2030397186.8817945
116.16999999999997,2065488455.9503145
116.18999999999998,2047539853.7228436
116.21,2127712892.8495328
116.22999999999998,2159526030.5774956
116.24999999999999,2236561950.405531
116.27,2317936034.5998397
116.28999999999998,2392872920.098803
116.30999999999999,2345347561.191889
116.33,2281044240.956624
116.34999999999998,2367095651.0634956
116.36999999999999,2387839373.827726
116.38999999999997,2399413956.0674877
116.40999999999998,2408582641.58458
116.42999999999999,2500618598.750861
116.44999999999997,2441507703.4465413
116.46999999999998,2440634788.117891
116.49,2414014272.621644
116.50999999999998,2354189516.6885366
116.52999999999999,2390834594.5183806
116.55,2351201730.349395
116.56999999999998,2270698215.6028895
116.58999999999999,2305518226.0734744
116.61,2346881570.3787074
116.62999999999998,2402230563.8921514
116.64999999999999,2271084767.127065
116.66999999999997,2284754343.654922
116.68999999999998,2241576691.263686
116.71,2236429177.163075
116.72999999999998,2236122553.7104974
116.74999999999999,2197507124.365439
116.77,2099992765.7396026
116.78999999999998,2085481386.3240902
116.80999999999999,2045790199.058823
116.83,2011227573.0252936
116.84999999999998,2027076941.5066624
116.86999999999999,1961829715.963319
116.88999999999997,1963949466.299665
116.90999999999998,1856242855.308379
116.92999999999999,1838420437.2459137
116.94999999999997,1825510386.176857
116.96999999999998,1747185902.9822063
116.99,1698149378.2207177
117.00999999999998,1649452677.4135625
117.02999999999999,1654990046.868993
117.05,1638797368.261664
117.06999999999998,1559524413.7009077
117.08999999999999,1490911391.2307794
117.11,1429733081.8828194
117.12999999999998,1421088978.5756423
117.14999999999999,1427540505.3882787
117.16999999999997,1420467620.4751685
117.18999999999998,1403942274.5622125
117.21,1461204659.74183
117.22999999999998,1337489355.278227
117.24999999999999,1276874352.012487
117.27,1241138253.984211
117.28999999999998,1265282832.8268106
117.30999999999999,1182698825.8657951
117.33,1165817181.861531
117.34999999999998,1175987734.9910996
117.36999999999999,1141282887.6785305
117.38999999999997,1098885513.5165894
117.40999999999998,1100386668.2945433
117.42999999999999,1054088103.39429
117.44999999999997,1048250217.2463579
117.46999999999998,1061969166.3354335
117.49,999269437.7978264
117.50999999999998,1019529348.0399046
117.52999999999999,1038658114.9948713
117.55,985760298.3345802
117.56999999999998,999877136.208714
117.58999999999999,1007983955.7354242
117.61,932408493.0950001
117.62999999999998,937988464.2468799
117.64999999999999,917661605.4559513
117.66999999999997,910077763.7122008
117.68999999999998,907365528.26144
117.71,866565784.9921243
117.72999999999998,834916535.3097795
117.74999999999999,853479144.599339
117.77,847092417.1400506
117.78999999999998,850215490.530099
117.80999999999999,839696591.3526905
117.83,864421821.7830179
117.84999999999998,812916489.4975595
117.86999999999999,826336743.0037948
117.88999999999997,857088564.1967145
117.90999999999998,862024619.7551587
117.92999999999999,828682938.3864487
117.94999999999997,822072443.658463
117.96999999999998,846008748.9817251
117.99,814256182.0336194
118.00999999999998,807020413.8600646
118.02999999999999,849381613.2981379
118.05,791888605.0415967
118.06999999999998,783069638.9290391
118.08999999999999,763668143.2090454
118.11,789778833.3831017
118.12999999999998,803725883.5367519
118.14999999999999,795318878.7168881
118.16999999999997,785984003.2115023
118.18999999999998,788603820.9984663
118.21,733544930.7355502
118.22999999999998,774733764.6297616
118.24999999999999,774529574.4743264
118.27,730332920.7636131
118.28999999999998,740473238.5609374
118.30999999999999,782421426.7277482
118.33,757337127.757787
118.34999999999998,756966706.567832
118.36999999999999,750217048.4816355
118.38999999999997,739973096.8022314
118.40999999999998,740128382.5202103
118.42999999999999,729298999.7439219
118.44999999999997,707577445.124351
118.46999999999998,733495638.217982
118.49,706551663.9831694
118.50999999999998,744380842.9679915
118.52999999999999,773148412.850078
118.55,718558856.0676886
118.56999999999998,704306224.5334263
118.58999999999999,706282608.4764534
118.61,729499659.7539243
118.62999999999998,730912157.4809096
118.64999999999999,721740654.1331491
118.66999999999997,731546196.9970545
118.68999999999998,725456661.8155783
118.71,751762935.5690829
118.72999999999998,736787529.4255183
118.74999999999999,752628470.0051486
118.77,684769135.8393402
118.78999999999998,658474948.6189404
118.80999999999999,706584824.0406055
118.83,717603530.2909528
118.84999999999998,708289108.2935214
118.86999999999999,724913479.9562873
118.88999999999997,734865339.1004959
118.90999999999998,685427165.8714119
118.92999999999999,738179419.1769346
118.94999999999997,708494701.1119001
