Two Theta,Summed Intensity
40.53000000000001,1447749073.08047
40.550000000000004,1416886573.575554
40.57000000000001,1399116114.0943863
40.59,1409333390.7141666
40.61000000000001,1430280057.1071758
40.63,1460753252.0833657
40.650000000000006,1447570820.034836
40.67,1439175981.1874104
40.690000000000005,1428185901.2124975
40.71000000000001,1502782833.0843768
40.730000000000004,1458088083.7176743
40.75000000000001,1385760214.035794
40.77,1422350259.3217397
40.790000000000006,1456699731.9627523
40.81,1452554508.7098866
40.830000000000005,1491179720.9741704
40.85,1437738326.917405
40.870000000000005,1380718554.8058295
40.89000000000001,1343198357.3792627
40.910000000000004,1381943162.3692615
40.93000000000001,1395535833.9483995
40.95,1451221845.874623
40.970000000000006,1427862714.9849875
40.99,1457714084.7573006
41.010000000000005,1425683657.6950228
41.03000000000001,1469158064.1589532
41.050000000000004,1480287332.5030243
41.07000000000001,1417516434.9910033
41.09,1408051655.0451596
41.11000000000001,1406815762.1246643
41.13,1386361048.963492
41.150000000000006,1419312479.3544064
41.17,1407238417.1874049
41.190000000000005,1414076974.7255752
41.21000000000001,1377924356.5081267
41.230000000000004,1474880681.8381312
41.25000000000001,1395643626.4736588
41.27,1445010158.9763007
41.290000000000006,1479996502.7087374
41.31,1415166579.457932
41.330000000000005,1396626195.6367278
41.35,1435412496.8105862
41.370000000000005,1373109839.7330241
41.39000000000001,1398016268.9954846
41.410000000000004,1477682392.7698708
41.43000000000001,1459698734.9111135
41.45,1435849684.7165225
41.470000000000006,1412951670.727056
41.49,1427053245.1482441
41.510000000000005,1489716320.335883
41.53000000000001,1466133348.876129
41.550000000000004,1431076730.1371143
41.57000000000001,1460504467.6929011
41.59,1434053837.664888
41.61000000000001,1461323259.5189383
41.63,1451440648.7611845
41.650000000000006,1440676756.6024714
41.67,1397864150.2197464
41.690000000000005,1453507037.9979064
41.71000000000001,1432204921.5115547
41.730000000000004,1381333078.0881557
41.75000000000001,1446462564.6070266
41.77,1439941933.0907292
41.790000000000006,1412098262.077832
41.81,1410628450.8497484
41.830000000000005,1399853270.8306065
41.85,1442565667.2566972
41.870000000000005,1472421854.1255062
41.89000000000001,1437656749.0895157
41.910000000000004,1363369132.9710517
41.93000000000001,1454148381.76897
41.95,1454670134.8323944
41.970000000000006,1455594108.5215762
41.99,1460484632.2067523
42.010000000000005,1480499123.9103463
42.03000000000001,1476880121.439573
42.050000000000004,1481302341.7532556
42.07000000000001,1486305942.1817768
42.09,1482095167.2735543
42.11000000000001,1494087902.0764363
42.13,1535123679.3486562
42.150000000000006,1486634789.0542557
42.17,1462081012.966135
42.190000000000005,1536183213.9960792
42.21000000000001,1510419507.93019
42.230000000000004,1515659191.689284
42.25000000000001,1480892261.611451
42.27,1497152804.0533156
42.290000000000006,1532043602.8332963
42.31,1471200814.7768257
42.330000000000005,1430832414.5754597
42.35,1460686475.7183852
42.370000000000005,1535621256.1103618
42.39000000000001,1510371089.5747135
42.410000000000004,1438630932.072581
42.43000000000001,1544897731.0771697
42.45,1519144360.1882157
42.470000000000006,1527120160.1234498
42.49,1539148310.0331204
42.510000000000005,1505571731.2866962
42.53000000000001,1507580203.4604654
42.550000000000004,1545503573.0653691
42.57000000000001,1567814845.378121
42.59,1564279500.643115
42.61000000000001,1514630690.9582233
42.63,1580292642.7591872
42.650000000000006,1601595476.3575852
42.67,1540482722.4738526
42.690000000000005,1537109703.8938007
42.71000000000001,1557233535.5759678
42.730000000000004,1543940928.821075
42.75000000000001,1578045667.4548583
42.77,1551982630.777533
42.790000000000006,1595153202.5126123
42.81,1523021231.9577227
42.830000000000005,1499759628.8000343
42.85,1571461861.0926218
42.870000000000005,1647835314.8421428
42.89000000000001,1669219343.6273108
42.910000000000004,1707763633.7479544
42.93000000000001,1579658164.9788785
42.95,1572572802.4913461
42.970000000000006,1612590399.5049467
42.99,1608517549.4541454
43.010000000000005,1636890496.1721983
43.03000000000001,1694703498.3732018
43.050000000000004,1695610088.5131652
43.07000000000001,1731334709.7649078
43.09,1885624875.9541516
43.11000000000001,1884033582.6647136
43.13,1820765076.7588463
43.150000000000006,1916419317.4698322
43.17,1884835385.0771623
43.190000000000005,1960350607.1616552
43.21,2044416850.718788
43.230000000000004,2112154178.060563
43.25000000000001,2201717173.098596
43.27,2342290553.8558
43.290000000000006,2491774868.8099213
43.31,2589559409.396271
43.330000000000005,2682657378.0784397
43.35,2819466665.4545627
43.370000000000005,2832602439.535773
43.39000000000001,2986340526.1099973
43.410000000000004,3007042646.624662
43.43000000000001,3035928134.733085
43.45,3121336547.5662103
43.470000000000006,3282342985.7914925
43.49,3229377411.50366
43.510000000000005,3294408393.96837
43.53000000000001,3331272652.01767
43.550000000000004,3280137350.634169
43.57000000000001,3110663123.361596
43.59,3060015370.2601767
43.61000000000001,3013013222.459034
43.63,2934722124.0752735
43.650000000000006,2867737045.162059
43.67,2809127705.0489206
43.690000000000005,2731434727.9616327
43.71,2658674616.258679
43.730000000000004,2619864099.1026525
43.75000000000001,2514208516.8040266
43.77,2511762630.708386
43.790000000000006,2464776141.7522407
43.81,2408522487.1269
43.830000000000005,2258354095.9386854
43.85,2289860405.5799136
43.870000000000005,2175628099.253712
43.89000000000001,2179147517.986843
43.910000000000004,2140122844.527488
43.93000000000001,2153806037.110707
43.95,2135005317.3107934
43.970000000000006,2154784423.112301
43.99,2132094200.5311902
44.010000000000005,2238142254.3781495
44.03000000000001,2243100562.191153
44.050000000000004,2242935476.0012546
44.07000000000001,2265389987.504085
44.09,2249827192.265311
44.11000000000001,2348817429.4894037
44.13,2468590112.6345687
44.150000000000006,2556763618.618516
44.17,2544139507.629903
44.190000000000005,2744362514.6764545
44.21,2869034339.573766
44.230000000000004,3077991800.187976
44.25000000000001,3236379570.7057333
44.27,3523787545.4338903
44.290000000000006,3895513731.793738
44.31,4299149228.189235
44.330000000000005,4858465029.955338
44.35,5583157257.241764
44.370000000000005,6403425468.470509
44.39000000000001,7403441422.118235
44.410000000000004,8739066250.842093
44.43000000000001,10224754291.956652
44.45,12080576967.092796
44.470000000000006,13882249813.462334
44.49,16269055705.808704
44.510000000000005,18689524339.444225
44.53000000000001,20999552304.596157
44.550000000000004,23677716787.162254
44.57000000000001,26171915324.508965
44.59,28446591718.633163
44.61000000000001,30172882757.664906
44.63,32060220178.569458
44.650000000000006,33149370747.018448
44.67,34091764003.259514
44.690000000000005,34558029586.331764
44.71,34336454931.782784
44.730000000000004,34218264246.942413
44.75000000000001,33136184036.4961
44.77,31360659810.602657
44.790000000000006,29570642832.226177
44.81,27364922387.117416
44.830000000000005,25141084423.724163
44.85,22776339119.62827
44.870000000000005,20208044571.59921
44.89000000000001,17764907604.5717
44.910000000000004,15536892402.997
44.93000000000001,13528966008.340216
44.95,11645783238.857956
44.970000000000006,9786625970.2142
44.99,8342494375.460659
45.010000000000005,7082139537.004791
45.03000000000001,5967494303.739166
45.050000000000004,5005669857.585437
45.07000000000001,4410174848.385675
45.09,3934645092.6229234
45.11000000000001,3428308351.717395
45.13,3142548475.7236853
45.150000000000006,2851249235.4566293
45.17,2577201104.5757785
45.190000000000005,2370423350.83015
45.21,2261862090.4413605
45.230000000000004,2159797735.3149333
45.25000000000001,2169496423.1122084
45.27,2086742391.303185
45.290000000000006,1950488292.8892689
45.31,1845765344.958505
45.330000000000005,1828126350.8288178
45.35,1781186467.399915
45.370000000000005,1720834587.0523207
45.39000000000001,1741554892.9857953
45.410000000000004,1690379552.9376166
45.43000000000001,1633875415.302791
45.45,1699410219.9647305
45.470000000000006,1557363526.131069
45.49,1553183355.3096285
45.510000000000005,1563071434.0212603
45.53000000000001,1556452491.044747
45.550000000000004,1547789072.0141475
45.57,1529904713.715309
45.59,1492086015.697265
45.61000000000001,1508532639.1496565
45.63,1499091277.7193701
45.650000000000006,1484401000.4828238
45.67,1495790812.65057
45.690000000000005,1390576452.1211486
45.71,1420959487.7899086
45.730000000000004,1497246991.0473797
45.75000000000001,1455434733.5390031
45.77,1454569042.0522666
45.790000000000006,1401786316.856126
45.81,1438105518.2837067
45.830000000000005,1462774582.8910635
45.85,1434110007.6459959
45.870000000000005,1366648456.9091482
45.89000000000001,1384892347.3553057
45.910000000000004,1418015523.5309026
45.93000000000001,1413589805.6978304
45.95,1401488701.8290744
45.970000000000006,1389601901.6569633
45.99,1396862333.8836846
46.010000000000005,1378080409.461636
46.03,1403246286.525854
46.050000000000004,1337588735.4350493
46.07,1353578645.58359
46.09,1362963495.4777713
46.11000000000001,1424039816.5781195
46.13,1385037753.1315143
46.150000000000006,1327469111.878253
46.17,1320009414.4928083
46.190000000000005,1357769083.3386817
46.21,1359992148.2084193
46.230000000000004,1393432334.817851
46.25000000000001,1324762271.0452192
46.27,1396442322.2205389
46.290000000000006,1398381828.6341386
46.31,1384917345.252677
46.330000000000005,1338904652.8637497
46.35,1374078401.7156994
46.370000000000005,1348459283.5827596
46.39000000000001,1327294377.810771
46.410000000000004,1364637910.8028648
46.43000000000001,1274579472.455762
46.45,1304825536.1862013
46.470000000000006,1367118282.020681
46.49,1344291693.4465418
46.510000000000005,1348571485.506101
46.53,1301546403.3134663
46.550000000000004,1359541264.1265311
46.57,1329473692.8885827
46.59,1328385321.332229
46.61000000000001,1341422508.0935967
46.63,1305746112.2992623
46.650000000000006,1357013406.5113053
46.67,1326055977.3453987
46.690000000000005,1329934590.933253
46.71,1347087272.5025668
46.730000000000004,1338477312.1727972
46.75000000000001,1255293375.2882056
46.77,1262029273.552643
46.790000000000006,1295361681.739525
46.81,1286585314.366714
46.830000000000005,1309034715.003323
46.85,1312312685.3507717
46.870000000000005,1287767185.7541163
46.89000000000001,1328450895.2449372
46.910000000000004,1274846848.5208576
46.93000000000001,1273909567.7979176
46.95,1245646804.074414
46.970000000000006,1261034760.4013462
46.99,1270809328.859834
47.010000000000005,1326834306.0194485
47.03,1290922727.1752641
47.050000000000004,1295225864.0941849
47.07,1320449697.5431068
47.09,1267645433.3107853
47.11000000000001,1303592728.7895625
47.13,1330332492.1365848
47.150000000000006,1313412662.7697861
47.17,1317002917.6165993
47.190000000000005,1293547615.562389
47.21,1309957168.5361059
47.230000000000004,1267286001.6183908
47.25000000000001,1256597036.7965744
47.27,1326755244.9898827
47.290000000000006,1244021328.5216894
47.31,1288396318.6273263
47.330000000000005,1292541905.6764174
47.35,1211758921.7988312
47.370000000000005,1291270047.0190485
47.39000000000001,1259353541.4487267
47.410000000000004,1279072555.5165334
47.43000000000001,1295120159.3513236
47.45,1233229181.760088
47.470000000000006,1217082912.2130637
47.49,1242821091.9103441
47.510000000000005,1234469907.0570369
47.53,1261828276.2097704
47.550000000000004,1284600147.7264578
47.57,1256433596.5484686
47.59,1195184116.3481195
47.61000000000001,1242673609.7872193
47.63,1246003894.9927075
47.650000000000006,1230626760.72573
47.67,1254713150.6976807
47.690000000000005,1275043767.2132142
47.71,1233411565.3054464
47.730000000000004,1298421153.3905334
47.75000000000001,1257458863.0805163
47.77,1211268138.714549
47.790000000000006,1269561046.879289
47.81,1241818343.3741963
47.830000000000005,1279647028.7643976
47.85,1244034221.7998118
47.870000000000005,1238818829.7735796
47.89000000000001,1271795666.5009854
47.910000000000004,1216619649.3287005
47.93000000000001,1256115156.8449662
47.95,1221996356.9806511
47.970000000000006,1244278686.172765
47.99,1297513095.491915
48.010000000000005,1279840071.3533518
48.03000000000001,1197960491.3557427
48.050000000000004,1297982507.679881
48.07,1293206302.8331332
48.09,1284161798.1680815
48.11000000000001,1223750788.3712971
48.13,1253771710.4582272
48.150000000000006,1266619874.799541
48.17,1247709036.304591
48.190000000000005,1268228042.6147614
48.21,1249485170.0160363
48.230000000000004,1236680578.9310963
48.25000000000001,1231481089.788919
48.27,1261734744.6798763
48.290000000000006,1253218140.201976
48.31,1241943908.1717892
48.330000000000005,1254359851.1103172
48.35,1255918598.2740567
48.370000000000005,1260160874.2419977
48.39000000000001,1255604790.1798382
48.410000000000004,1236942152.8553898
48.43,1201860084.278411
48.45,1248425640.8232503
48.470000000000006,1259830655.9840226
48.49,1239978807.1723819
48.510000000000005,1257221781.1514323
48.53000000000001,1266520516.6961899
48.550000000000004,1276385938.2887177
48.57,1295416330.308806
48.59,1208970858.7144196
48.61000000000001,1242136408.0188165
48.63,1204006938.8710318
48.650000000000006,1239055713.450728
48.67,1247159783.463181
48.690000000000005,1271962189.563281
48.71,1252073734.52002
48.730000000000004,1244660321.3443084
48.75000000000001,1207225852.1661706
48.77,1247753596.7952652
48.790000000000006,1218576743.312248
48.81,1152040486.8907354
48.830000000000005,1176538862.0867882
48.85,1231930117.9737024
48.870000000000005,1267515141.4764168
48.89000000000001,1285733816.419294
48.910000000000004,1219606346.2634778
48.93,1128667343.1262467
48.95,1220733695.69455
48.970000000000006,1254007253.102824
48.99,1261650260.2036626
49.010000000000005,1227177831.2408762
49.03,1236216941.321049
49.050000000000004,1222412240.4810765
49.07,1259137465.8659933
49.09,1246163261.0564122
49.11000000000001,1295576212.6303437
49.13,1238587245.1763322
49.150000000000006,1179605441.8314505
49.17,1171901362.7803032
49.190000000000005,1211362794.7127297
49.21,1190466548.8638735
49.230000000000004,1243287303.9656713
49.25000000000001,1232946355.6008513
49.27,1232534439.8098557
49.290000000000006,1244070846.3257742
49.31,1236731799.087968
49.330000000000005,1228084075.9905856
49.35,1256055908.7647483
49.370000000000005,1213991053.1184509
49.39000000000001,1202058548.7674599
49.410000000000004,1199384807.6419702
49.43,1267581358.6948051
49.45,1212749751.1731715
49.470000000000006,1168076359.3581555
49.49,1247298195.3050678
49.510000000000005,1230415981.92889
49.53,1228151763.2080388
49.550000000000004,1225899492.958258
49.57,1188663008.009066
49.59,1235330101.4713209
49.61000000000001,1234455882.0847201
49.63,1242997467.697716
49.650000000000006,1277299799.93806
49.67,1262288476.6423151
49.690000000000005,1271858590.1254714
49.71,1266705300.298482
49.730000000000004,1195131427.6336355
49.75000000000001,1212558502.5688996
49.77,1195576812.1516688
49.790000000000006,1226304588.4642308
49.81,1232815314.05148
49.830000000000005,1211002773.5433545
49.85,1271873332.8772216
49.870000000000005,1274740655.754656
49.89000000000001,1227510243.9937627
49.910000000000004,1256107468.3977096
49.93,1214049132.2772706
49.95,1253310306.9325957
49.970000000000006,1274046930.6620378
49.99,1252123237.2926648
50.010000000000005,1231507080.7682552
50.03,1274875635.3494077
50.050000000000004,1298660342.5757844
50.07,1342831824.8237052
50.09,1271351919.8540597
50.11000000000001,1336465232.2434397
50.13,1292781623.2678204
50.150000000000006,1320705803.690385
50.17,1329836529.606893
50.190000000000005,1355398754.8871915
50.21,1383500572.8143158
50.230000000000004,1405973281.4295962
50.25000000000001,1464084277.403399
50.27,1468499132.4300392
50.29,1481705121.2895384
50.31,1474045712.2896478
50.330000000000005,1552712644.1192453
50.35,1556756978.189797
50.370000000000005,1615000747.5335271
50.39000000000001,1652633783.8947027
50.410000000000004,1646354607.558299
50.43,1700034696.3326786
50.45,1737180889.2933214
50.470000000000006,1754225759.749496
50.49,1797737640.0164506
50.510000000000005,1797287041.1811376
50.53,1864183555.0728908
50.550000000000004,1890078571.9042993
50.57,1911784480.161686
50.59,1986343537.7101521
50.61000000000001,2012762394.9317133
50.63,2027366570.6558144
50.650000000000006,2018008781.4935725
50.67,1992785208.681349
50.690000000000005,2043254500.3860898
50.71,1954773695.3839688
50.730000000000004,1895975403.6766417
50.75000000000001,1916610718.5839658
50.77,1898453773.4177015
50.79,1804509752.9193742
50.81,1732547825.0853436
50.830000000000005,1733845092.2316313
50.85,1707526063.3498695
50.870000000000005,1647209001.8255675
50.89000000000001,1598915335.4709265
50.910000000000004,1607359304.929957
50.93,1627618403.6828284
50.95,1547669357.4495862
50.970000000000006,1530795465.7999587
50.99,1446823374.2875612
51.010000000000005,1435770649.8417082
51.03,1438277656.2053268
51.050000000000004,1354252910.804876
51.07,1317564153.4834876
51.09,1377728303.1843824
51.11000000000001,1413620616.665631
51.13,1317028996.0726333
51.150000000000006,1267640980.7785482
51.17,1233408662.570979
51.190000000000005,1338144141.500944
51.21,1280051741.1121085
51.230000000000004,1248527448.603445
51.25000000000001,1199204154.9528494
51.27,1213635579.217776
51.29,1227951194.9840245
51.31,1272939034.0109189
51.330000000000005,1246587516.751791
51.35,1227745368.3431902
51.370000000000005,1196399649.6972332
51.39000000000001,1222344543.918012
51.410000000000004,1227934945.3945026
51.43,1187841761.942909
51.45,1221844272.277178
51.470000000000006,1200191232.6303923
51.49,1203165354.7999592
51.510000000000005,1192387195.152967
51.53,1186025363.3287826
51.550000000000004,1181989157.8366966
51.57,1222490967.8461697
51.59,1149443330.8451688
51.61000000000001,1195860632.922777
51.63,1183452447.3459728
51.650000000000006,1185515257.0703864
51.67,1189836359.129368
51.690000000000005,1199067771.0568266
51.71,1152693628.134528
51.730000000000004,1139441972.5981812
51.75000000000001,1195539482.8110993
51.77,1231098173.458307
51.79,1162902732.6361969
51.81,1131149217.7804012
51.830000000000005,1135104958.9911423
51.85,1173337047.0551841
51.870000000000005,1138539077.5757952
51.89000000000001,1169209000.5712957
51.910000000000004,1156466296.8726678
51.93,1178032467.859167
51.95,1166558683.6699526
51.970000000000006,1165959437.1389027
51.99,1200049688.5595922
52.010000000000005,1174761777.745386
52.03,1182997628.0810826
52.050000000000004,1204370689.2056162
52.07,1175222813.203619
52.09,1197700325.9574223
52.11000000000001,1161787683.7667475
52.13,1141458125.2481778
52.150000000000006,1182497617.3404171
52.17,1177945626.011032
52.190000000000005,1161043190.9909117
52.21,1150171673.8250792
52.230000000000004,1172372936.754201
52.25000000000001,1155504054.163175
52.27,1153788113.941081
52.29,1208473582.670096
52.31,1167087981.6714113
52.330000000000005,1092200182.271407
52.35,1125531614.2449915
52.370000000000005,1146766201.2998478
52.39,1170968793.435973
52.410000000000004,1224395641.1160889
52.43,1172015916.7623265
52.45,1180905400.1458566
52.470000000000006,1147247106.6556501
52.49,1141755382.7415752
52.510000000000005,1129339473.719069
52.53,1149116043.9713624
52.550000000000004,1209455323.7902722
52.57,1109708776.6250932
52.59,1112877725.792496
52.61000000000001,1125951687.300898
52.63,1087424528.414428
52.650000000000006,1116262770.1660783
52.67,1147939091.378981
52.690000000000005,1159319589.1778932
52.71,1118413627.2140033
52.730000000000004,1126839309.742729
52.75000000000001,1194599241.5832942
52.77,1112246246.2409
52.79,1130692095.0360124
52.81,1110767317.7305148
52.830000000000005,1142492738.527773
52.85,1166220459.7872555
52.870000000000005,1177433117.850694
52.89,1157711239.2952757
52.910000000000004,1193924292.1539085
52.93,1207287887.032993
52.95,1168408065.6740136
52.970000000000006,1114049020.2360222
52.99,1104407492.0080333
53.010000000000005,1146607357.7521358
53.03,1146394105.4592464
53.050000000000004,1122605986.3984914
53.07,1128953033.5645726
53.09,1121905239.7434566
53.11000000000001,1154032368.094751
53.13,1161219688.9864588
53.150000000000006,1082015963.8946462
53.17,1102217544.6135232
53.190000000000005,1130359979.527526
53.21,1151002362.5452785
53.230000000000004,1146463920.2035158
53.25000000000001,1111233313.579709
53.27,1130681195.2153766
53.29,1145989109.8547206
53.31,1115100023.8962018
53.330000000000005,1123642925.3807185
53.35,1113513776.4802792
53.370000000000005,1123681863.7540135
53.39,1106205825.7540557
53.410000000000004,1138579959.6330702
53.43,1095129252.7180417
53.45,1161824861.8740885
53.470000000000006,1078871701.0302334
53.49,1108514891.8362803
53.510000000000005,1119273970.1455598
53.53,1120941669.6474237
53.550000000000004,1116288707.3074188
53.57,1090467349.8528306
53.59,1137938549.3795063
53.61000000000001,1115253199.9488196
53.63,1099188969.0949
53.650000000000006,1074308184.3788633
53.67,1131778435.3922217
53.690000000000005,1098894756.2588675
53.71,1132654333.3735821
53.730000000000004,1136644580.364053
53.75000000000001,1135943287.573102
53.77,1153319920.8622415
53.79,1107344283.5243418
53.81,1107493007.446991
53.830000000000005,1111406616.923198
53.85,1141217907.1988435
53.870000000000005,1089765702.8042488
53.89,1115881444.8985913
53.910000000000004,1117679804.4692392
53.93,1121428311.3119338
53.95,1089511106.047325
53.970000000000006,1106046690.0996628
53.99,1136437054.0723736
54.010000000000005,1127223428.8364508
54.03,1128274068.3888326
54.050000000000004,1095706198.9702485
54.07,1083482492.7363183
54.09,1115259937.6179867
54.11000000000001,1160149406.9028747
54.13,1136381149.1040883
54.15,1075117217.2601514
54.17,1086282805.0237558
54.190000000000005,1096175357.3036003
54.21,1119111566.9203644
54.230000000000004,1100567651.0056472
54.25000000000001,1106354733.8761292
54.27,1139224484.618688
54.29,1172967209.225801
54.31,1098772088.5382988
54.330000000000005,1139220883.6382189
54.35,1062124736.5867363
54.370000000000005,1090376699.7560363
54.39,1139003776.4364796
54.410000000000004,1117189636.4414742
54.43,1090874676.1054149
54.45,1122821732.621257
54.470000000000006,1132179953.995189
54.49,1113724760.1106381
54.510000000000005,1106938707.064593
54.53,1068462894.7437254
54.550000000000004,1150071444.1186993
54.57,1111821082.127188
54.59,1168149877.3056543
54.61000000000001,1123421879.07887
54.63,1092489114.1831279
54.65,1119191237.2558932
54.67,1140460353.4766939
54.690000000000005,1116332801.7622163
54.71,1103902439.7718718
54.730000000000004,1125246505.448544
54.75000000000001,1069665906.020948
54.77,1105991758.74172
54.79,1091037084.0869272
54.81,1082739608.2034326
54.830000000000005,1138396013.2830894
54.85,1077007739.5869172
54.870000000000005,1095421438.8686018
54.89,1075457702.3744164
54.910000000000004,1078277915.5448132
54.93,1086906872.76551
54.95,1106119645.7421465
54.970000000000006,1151925489.72678
54.99,1166723477.813238
55.010000000000005,1077317751.7728179
55.03,1115257716.9788866
55.050000000000004,1084050278.9408991
55.07,1134062567.8444712
55.09,1114586487.8025558
55.11000000000001,1129696936.628711
55.13,1136230332.3000326
55.15,1059848863.9041358
55.17,1108007922.6296263
55.190000000000005,1111816930.4784524
55.21,1127589569.3466845
55.230000000000004,1114495089.7984133
55.25000000000001,1102358390.186952
55.27,1124383390.8627703
55.29,1105822818.3269522
55.31,1112158041.0284674
55.330000000000005,1076225599.645215
55.35,1093036229.3545663
55.370000000000005,1106193198.3905325
55.39,1114982397.0504868
55.410000000000004,1123742889.8956835
55.43,1098993603.7314603
55.45,1124800537.90183
55.470000000000006,1091023417.3381634
55.49,1071771126.9836593
55.510000000000005,1021729752.5970268
55.53,1111964314.2912648
55.550000000000004,1126246862.10768
55.57,1055484418.1922514
55.59,1079553232.48654
55.61000000000001,1107546646.6114929
55.63,1128306223.0161817
55.65,1059636614.2156901
55.67,1058543162.1159098
55.690000000000005,1051942751.5285333
55.71,1094300526.4612956
55.730000000000004,1088569125.2509308
55.75000000000001,1052969235.678943
55.77,1107616729.128251
55.79,1090705621.288882
55.81,1075166715.8675675
55.830000000000005,1110521498.07197
55.85,1078548061.5695634
55.870000000000005,1108684305.3057458
55.89,1124712292.1348941
55.910000000000004,1080725560.3836212
55.93,1130092496.5594416
55.95,1065346029.2631185
55.970000000000006,1062353245.9493858
55.99,1078108330.2087023
56.010000000000005,1111721564.9330704
56.03,1056948626.5634593
56.050000000000004,1112887658.8042438
56.07,1064583847.8281424
56.09,1060065098.941307
56.11000000000001,1029888786.6690296
56.13,1083872214.0368645
56.15,1081046466.356483
56.17,1084775644.3093078
56.190000000000005,1132600772.5034695
56.21,1121108221.3693938
56.230000000000004,1063130186.594139
56.25000000000001,1077432753.0598412
56.27,1086030642.1336365
56.29,1078784938.7658665
56.31,1078411692.7250612
56.330000000000005,1087113467.9686158
56.35,1105404983.7721956
56.37,1069949546.4051927
56.39000000000001,1074975589.7625628
56.410000000000004,1097835291.029614
56.43,1081503428.215445
56.45,1144453265.6322951
56.470000000000006,1090162578.2001731
56.49,1060117225.5596155
56.51,1042814860.4906116
56.53,1082802491.0361416
56.550000000000004,1053255888.1414487
56.57,1108544922.8008623
56.59,1061277137.6305058
56.61000000000001,1067836817.5554534
56.63,1118739735.83579
56.65,1041104120.0741938
56.67,1059345030.9824466
56.690000000000005,1120126253.6521876
56.71,1116041121.9573166
56.730000000000004,1088087398.5493712
56.75000000000001,1145043101.2153614
56.77,1137101615.6449883
56.79,1072506235.3586041
56.81,1034055824.6442163
56.830000000000005,1072675315.0688387
56.85,1065394813.2492952
56.87,1074422932.52695
56.89000000000001,1070681200.1213269
56.910000000000004,1100701006.258419
56.93,1075166058.1203966
56.95,1038270410.2254238
56.970000000000006,1087064381.0267355
56.99,1109073136.242601
57.01,1107864666.2225344
57.03,1090283097.5503037
57.050000000000004,1048998129.9918082
57.07,1059215031.9055313
57.09,1121075554.0685377
57.11000000000001,1126522982.1608934
57.13,1081780614.4205337
57.15,1057516918.8727399
57.17,1109989670.4068966
57.190000000000005,1060468741.0918667
57.21,1076461897.4192219
57.230000000000004,1063046381.1389776
57.25000000000001,1057702468.690439
57.27,1118759040.0536232
57.29,1135850497.869384
57.31,1134323665.6713378
57.330000000000005,1029150026.1179798
57.35,1079752598.0815241
57.37,1070721779.2511035
57.39000000000001,1064291527.8444809
57.410000000000004,1070442677.0423357
57.43,1062768532.1492015
57.45,1105501203.4851713
57.470000000000006,1049218899.7520275
57.49,1091461778.7085693
57.51,1026880452.2555993
57.53,1063378153.2733278
57.550000000000004,1042245770.2870893
57.57,1034928194.8717196
57.59,1061649571.4469147
57.61000000000001,1076213976.694652
57.63,1080407462.8156128
57.65,1065831248.8025707
57.67,1040539344.0088556
57.690000000000005,1087068050.9693167
57.71,1079873913.0367224
57.730000000000004,1036268394.8470899
57.75000000000001,1089729306.572171
57.77,1061713323.6335841
57.79,1076294626.1466594
57.81,1059822479.6003258
57.830000000000005,1046198167.6477386
57.85,1059720293.3949715
57.87,1029622313.49582
57.89000000000001,1025013713.6888076
57.910000000000004,1096817840.1327615
57.93,1061288873.8848917
57.95,1051164808.0991037
57.970000000000006,1057003968.4249564
57.99,1053407213.2446362
58.01,1027472501.4181459
58.03,1019703791.0101286
58.050000000000004,1046709090.4376131
58.07,1089317474.734098
58.09,1116472933.3690424
58.11000000000001,1109494326.1093845
58.13,1108044490.711739
58.15,1114355613.2415442
58.17,1082956228.9411275
58.190000000000005,1053159957.3702106
58.21,1063315347.9981817
58.230000000000004,1084647522.2760336
58.25000000000001,1051634971.760018
58.27,1056192701.513319
58.29,1055558918.098243
58.31,1052241448.6322073
58.330000000000005,1073949048.252451
58.35,1085561018.85125
58.37,1030082651.0187485
58.39,1048518862.3671592
58.410000000000004,1049776881.2745883
58.43,1008971486.6057864
58.45,1052550083.4171683
58.470000000000006,1018925557.9208379
58.49,1022558631.0640416
58.51,1048623873.0968599
58.53,1036177354.3448454
58.550000000000004,990299571.0709571
58.57,1058699081.2069665
58.59,1045387201.4975239
58.61000000000001,1054493841.1600285
58.63,1062697844.3884641
58.65,1055840465.553768
58.67,1042059833.3336723
58.690000000000005,1014116793.1738286
58.71,994480325.6022257
58.730000000000004,1031646085.6958413
58.75000000000001,1048800453.6488048
58.77,1087184507.122399
58.79,1059238426.7068088
58.81,1045549342.2150594
58.830000000000005,1040380547.7439872
58.85,1054554570.0939312
58.87,1008562033.4749753
58.89,1047410239.1280235
58.910000000000004,1063890111.4502095
58.93,1094376839.6794014
58.95,1046979453.6917629
58.970000000000006,1025600673.2146728
58.99,1059477998.8610691
59.01,1067839902.0369252
59.03,1045718560.397364
59.050000000000004,1037759963.9494162
59.07,1028695358.5687087
59.09,1072599335.3754718
59.11000000000001,1064953935.4980896
59.13,1045093109.7218578
59.15,1059247882.7166685
59.17,1045438541.6708119
59.190000000000005,1040216617.4241734
59.21,1049649211.4316304
59.23,1012047601.2131197
59.25000000000001,1072796356.1083375
59.27,1048977370.3783945
59.29,1038526507.2411917
59.31,1075575228.1147208
59.330000000000005,1037956701.7404201
59.35,1077706307.9933283
59.37,1076692617.6748543
59.39,1032864051.0231483
59.410000000000004,1016141116.5814962
59.43,1029210409.3309388
59.45,1048464869.1141047
59.470000000000006,1039269735.9450583
59.49,1012830460.0667733
59.51,1024226446.2212512
59.53,1045486628.7506964
59.550000000000004,1011011611.4799061
59.57,1033458171.8319362
59.59,1034735725.143771
59.61000000000001,1041354418.5991285
59.63,1046432706.3763592
59.65,1081925125.7629933
59.67,1046811027.4814289
59.690000000000005,1029270613.1956108
59.71,1015220044.9656798
59.73,1054239036.1675906
59.75000000000001,1034796352.8206234
59.77,1039492405.7231712
59.79,1036184924.6256661
59.81,1072804089.8444935
59.830000000000005,1050829619.7614578
59.85,997731115.6949224
59.87,1033632772.4252261
59.89,1051459591.2800121
59.910000000000004,1034722411.6651458
59.93,1039571963.261799
59.95,1042933627.8462739
59.970000000000006,1071647724.2337804
59.99,1135640308.643573
60.01,1065266540.6387866
60.03,1051912421.6239761
60.050000000000004,1069703066.9632771
60.07,1102582605.1438863
60.09,1073623131.6220597
60.11000000000001,1089299983.705981
60.13,1067148303.1528385
60.15,1071557688.0660758
60.17,1084274831.8792946
60.190000000000005,1078495837.523046
60.21,1097494038.34913
60.23,1044775236.9657888
60.25000000000001,1041762563.3484846
60.27,1065301308.5561024
60.29,1038086636.4830843
60.31,1074895333.2642453
60.330000000000005,1078993221.2655625
60.35,1028521311.4097763
60.37,1002505114.0888162
60.39,1041242165.5105875
60.410000000000004,1020093379.2310375
60.43,996690734.2967912
60.45,1007572210.3739192
60.470000000000006,996797008.2949151
60.49,1049400399.6322868
60.51,1004110850.6808323
60.53,1003165738.1754192
60.550000000000004,1060534893.5949982
60.57,1038230164.1724075
60.59,1024369314.9280074
60.61000000000001,1061877534.0707994
60.63,1050740892.4280496
60.65,1066501694.8352336
60.67,1031981075.4607546
60.690000000000005,1033808472.5535463
60.71,1000995244.8193083
60.73,1009836769.787903
60.75000000000001,1036139459.5168154
60.77,1035068775.3305345
60.79,1066030843.9421519
60.81,1022147810.6144587
60.830000000000005,988959707.6147995
60.85,1039653024.5207299
60.87,1027089379.923715
60.89,1037300718.1383138
60.910000000000004,1005579669.1524096
60.93,1014394913.9639146
60.95,1022240129.4763465
60.970000000000006,1019422788.7235072
60.99,1066760565.5601445
61.01,1000222485.2403061
61.03,1000162218.8105114
61.050000000000004,1029036425.116023
61.07,1030369347.8261212
61.09,1014052994.2828087
61.11000000000001,1050749514.0393854
61.13,991794801.0668966
61.15,1054529740.8956447
61.17,978217975.3406708
61.190000000000005,1029935357.1139818
61.21,954492857.4806404
61.23,1066272378.40182
61.25000000000001,996358880.7631117
61.27,1025003992.0657179
61.29,1040504482.8233815
61.31,1045511927.4565462
61.330000000000005,995590837.2002285
61.35,1026667155.2693309
61.37,1014702366.3566186
61.39,1061357277.4892974
61.410000000000004,1070489886.3358774
61.43,1008056608.1361358
61.45,1037206857.6348702
61.470000000000006,1068220993.9948215
61.49,1046477792.1926281
61.51,1040227988.4553132
61.53,1052679941.6612518
61.550000000000004,1025236357.7684544
61.57,1002546689.1418489
61.59,1015599848.4361115
61.61000000000001,1025303514.6701006
61.63,989762058.2698746
61.65,1012427749.8799556
61.67,995708411.249984
61.690000000000005,1020752499.6329418
61.71,1030210249.9810091
61.73,1077684506.893535
61.75000000000001,1109562767.5634773
61.77,1047825421.1758931
61.79,1062758085.3195792
61.81,1014138136.2482026
61.830000000000005,1030620369.3848258
61.85,1014246925.5758088
61.87,1061500718.7755347
61.89,1035159948.387181
61.910000000000004,1010393004.7458676
61.93,999796314.7457199
61.95,1002615557.1499456
61.970000000000006,1046514988.9042894
61.99,1042716550.0751888
62.01,1078866388.3247375
62.03,1050439440.8054353
62.050000000000004,1027730768.0599735
62.07,1043634412.3085659
62.09,1049761129.067062
62.11000000000001,1057956083.3447394
62.13,1034358044.3368229
62.15,1030836524.8471733
62.17,996944765.6435865
62.190000000000005,971817728.382173
62.21,1015098711.1980916
62.23,995361451.3085042
62.25,1010366185.2690359
62.27,1012108731.5317843
62.29,1044832677.2620183
62.31,1013044947.2000865
62.330000000000005,1045008942.6332436
62.35,1016145732.3258895
62.37,1061212349.181965
62.39,1034905221.5413119
62.410000000000004,1033999310.145636
62.43,1007733940.9185407
62.45,1025261593.6532749
62.470000000000006,1013090401.8140223
62.49,1022267383.170352
62.51,1130555775.5148435
62.53,1078174621.3756142
62.550000000000004,1010553237.781518
62.57,995834176.3038957
62.59,1026811295.4359957
62.61000000000001,1038361379.8726652
62.63,1045167004.0193368
62.65,1006965435.3378181
62.67,1041389905.4707887
62.690000000000005,1074744269.6645882
62.71,1060904669.8944663
62.73,1031624847.7955236
62.75,1063941773.1427652
62.77,998943864.7525504
62.79,1037161176.3431484
62.81,1020448725.2640201
62.830000000000005,1048807626.182509
62.85,1048239621.7735139
62.87,1032622336.2013017
62.89,1045228124.5125486
62.910000000000004,1065541419.3469477
62.93,1069985532.3356469
62.95,1021734094.6297293
62.970000000000006,1011904213.7334441
62.99,1004056006.6052916
63.01,1004317128.4631418
63.03,1072627697.355447
63.050000000000004,1084922032.229608
63.07,1046168546.6996919
63.089999999999996,1031610558.2688853
63.11000000000001,1048419798.5270467
63.13,1048173181.9642255
63.15,985364943.6925226
63.17,942741824.8278663
63.190000000000005,926500018.5209241
63.21,1036365545.5060866
63.23,1023193945.7357918
63.25,1006065181.6899278
63.27,1067304113.4805223
63.29,1019260108.0319929
63.31,1014884963.7788622
63.330000000000005,1065764492.83719
63.35,999824638.8127885
63.37,1038356960.6320063
63.39,1048938042.5775952
63.410000000000004,1035742239.0780885
63.43,1035134823.5521817
63.45,1013849462.6274669
63.470000000000006,1063673982.1637212
63.49,1017329486.1163893
63.51,1041487501.4402263
63.53,1042188815.706537
63.550000000000004,1022950020.8802197
63.57,1023196932.4289573
63.589999999999996,976501791.8687934
63.61000000000001,1016792998.4430978
63.63,1064059284.4499186
63.65,1035661676.4049754
63.67,1039645697.3145812
63.690000000000005,1054990784.6880882
63.71,1051586891.167587
63.73,1015949765.6049633
63.75,1022590455.893374
63.77,1052930951.2879046
63.79,1046343388.2658069
63.81,1024863802.9714209
63.830000000000005,1034126996.4780608
63.85,1021023863.7953389
63.87,1020583785.3561891
63.89,1019354769.0805598
63.910000000000004,988137890.9785248
63.93,974401355.0296651
63.95,1006732374.3565261
63.970000000000006,1050823832.577163
63.99,1006132771.8661287
64.00999999999999,1042652122.2926913
64.02999999999999,1051658049.0069673
64.05,1019424352.0120538
64.07,1094039177.20004
64.08999999999999,1071247823.2492833
64.11,1058902148.5075784
64.13,1098761021.6156564
64.14999999999999,1087257370.3363688
64.17,1148115544.7620685
64.19,1085746772.8939161
64.21,1062343636.7069776
64.22999999999999,1108236692.2411702
64.24999999999999,1136526816.0158274
64.27,1134887907.3037744
64.28999999999999,1169941814.6744828
64.30999999999999,1144069941.9624536
64.33,1154519369.8076475
64.35,1134262171.265788
64.36999999999999,1156988655.2632108
64.39,1172538881.5913315
64.41,1139578589.9122925
64.42999999999999,1225869869.865218
64.45,1212665098.9116383
64.47,1222322795.7640352
64.49,1294036673.5807188
64.50999999999999,1309621951.7310274
64.52999999999999,1404150631.234454
64.55,1420651251.0175006
64.57,1520644628.42524
64.58999999999999,1496144644.1691532
64.61,1590357522.2500792
64.63,1693166061.8028471
64.64999999999999,1747127493.8508365
64.67,1901812121.9174268
64.69,1925508331.529775
64.71,2067247207.8415537
64.72999999999999,2161305062.6414275
64.74999999999999,2228356760.386632
64.77,2441021449.9059486
64.78999999999999,2554439830.8435025
64.80999999999999,2770777693.220871
64.83,2873862368.143327
64.85,3098594084.6097503
64.86999999999999,3152523055.4163413
64.89,3313465384.9185095
64.91,3448481593.41108
64.92999999999999,3571507190.52117
64.95,3776668716.587455
64.97,3810257973.465884
64.99,3958713295.1778517
65.00999999999999,4034582047.909115
65.02999999999999,4127332653.2427506
65.05,4127365195.7248974
65.07,4144976212.534286
65.08999999999999,4009617583.112969
65.11,3960056234.499662
65.13,3955909765.3456388
65.14999999999999,3857234681.151566
65.17,3725087746.5493846
65.19,3668102532.995828
65.21,3470641873.5224867
65.22999999999999,3425388995.758655
65.24999999999999,3170233037.4592023
65.27,3105313009.4768105
65.28999999999999,2908926247.539789
65.30999999999999,2800466286.1894226
65.33,2597568582.705834
65.35,2498768801.345332
65.36999999999999,2316913542.9734716
65.39,2248415245.4794307
65.41,2055101844.4250357
65.42999999999999,1949128180.4184809
65.45,1869454684.693932
65.47,1758490929.4349837
65.49,1664407331.0948749
65.50999999999999,1647159620.1331108
65.52999999999999,1568150128.2028906
65.55,1506890043.5815885
65.57,1455524836.2682114
65.58999999999999,1376086804.3773024
65.61,1374695749.0338147
65.63,1299228631.569159
65.64999999999999,1249842458.1131725
65.67,1228539469.2729516
65.69,1218700213.2893646
65.71,1224080401.7082858
65.72999999999999,1130714523.0806868
65.74999999999999,1144330762.2407033
65.77,1121756159.849857
65.78999999999999,1112853935.3254788
65.80999999999999,1069966727.0407655
65.83,1061388455.3292462
65.85,1073081035.9639778
65.86999999999999,1071886946.5432813
65.89,1059602233.5074505
65.91,1043306014.9559344
65.92999999999999,1039852198.9993321
65.95,1058742279.6887579
65.97,1087365944.4592419
65.99,1060873855.8751413
66.00999999999999,1028226224.5775436
66.02999999999999,1009884072.0880582
66.05,1052905838.9653496
66.07,1038326031.159194
66.08999999999999,1016759603.7546229
66.11,1032556761.0923086
66.13,993478715.5706248
66.14999999999999,1001471649.5668801
66.17,970042187.7984476
66.19,980744687.2955483
66.21,1018650672.1327012
66.22999999999999,980333401.2462687
66.24999999999999,1017707649.6100678
66.27,1003950623.1508421
66.28999999999999,961884947.4942824
66.30999999999999,980208373.3127215
66.33,994458297.2572745
66.35,973560713.0262647
66.36999999999999,964955616.307764
66.39,981889041.6985201
66.41,989642159.5480757
66.42999999999999,990766345.5459169
66.45,993558206.4819958
66.47,1015643361.119176
66.49,965005856.7290108
66.50999999999999,983462744.5519234
66.52999999999999,1013091449.0002075
66.55,1032387210.7764511
66.57,993607949.1183192
66.58999999999999,1010021866.435571
66.61,1021410960.7617908
66.63,996884826.7081555
66.64999999999999,971588617.863337
66.67,985586290.7640467
66.69,961908763.7194473
66.71,996222003.2426758
66.72999999999999,985453013.7855079
66.74999999999999,951078496.1081954
66.77,996737577.7430625
66.78999999999999,1003843235.7052935
66.80999999999999,997338730.7226325
66.83,912430968.5795913
66.85,958590376.1480843
66.86999999999999,982724764.7827324
66.89,1020317935.8884153
66.91,999244276.9364488
66.92999999999999,983901630.6246098
66.94999999999999,1002847962.4845692
66.97,970388303.8038394
66.99,940559485.5052544
67.00999999999999,945457154.1521122
67.02999999999999,956867157.6807941
67.05,974631131.3773816
67.07,979390312.8566246
67.08999999999999,948424739.1847835
67.11,944267730.7658516
67.13,968570769.4191984
67.14999999999999,952769598.3603789
67.17,955851907.199235
67.19,934105776.5042739
67.21,1025498868.8090166
67.22999999999999,1014700832.3859533
67.24999999999999,967922701.4497068
67.27,1029509320.9108202
67.28999999999999,999983365.4125038
67.30999999999999,944447849.0464438
67.33,925314325.5641992
67.35,934492794.1735449
67.36999999999999,991702568.7464906
67.39,984395082.6207298
67.41,952241929.5940171
67.42999999999999,930831635.8750759
67.44999999999999,946762550.150124
67.47,932790717.6058611
67.49,1005793678.7565961
67.50999999999999,980300721.2868766
67.52999999999999,980098340.004995
67.55,962014077.1684681
67.57,1023622998.1564046
67.58999999999999,916078237.5079902
67.61,927373321.4038038
67.63,903719350.4007981
67.64999999999999,1010919595.0106099
67.67,1015145835.6995777
67.69,959435652.884132
67.71,966711349.7883381
67.72999999999999,936963104.6153688
67.74999999999999,991637676.5875915
67.77,1002157211.001972
67.78999999999999,975819205.6983364
67.80999999999999,1002060567.4089805
67.83,944040972.8924936
67.85,973168796.7580385
67.86999999999999,964275461.5445001
67.89,949502682.2964522
67.91,966956064.1431246
67.92999999999999,978445509.2465729
67.94999999999999,970369999.2044
67.97,964182037.837223
67.99,917129653.8518856
68.00999999999999,939886818.9594536
68.02999999999999,995999385.9877588
68.05,980062530.3883308
68.07,978358507.1484128
68.08999999999999,939867078.4926142
68.11,942533977.3850354
68.13,970572137.55405
68.14999999999999,946771883.8209696
68.17,940667990.274691
68.19,927331371.4344709
68.21,922179781.5411633
68.22999999999999,983517347.9319376
68.24999999999999,925804122.536161
68.27,918046498.6025178
68.28999999999999,932558812.939663
68.30999999999999,971151910.7411162
68.33,983818461.6841791
68.35,929140001.8257042
68.36999999999999,954161947.4390465
68.39,948580561.683339
68.41,956288911.2786977
68.42999999999999,978449686.8649478
68.44999999999999,979429748.4391292
68.47,980075189.7115165
68.49,962826196.838664
68.50999999999999,897920302.835056
68.52999999999999,946107584.5248125
68.55,890086258.4777671
68.57,936423433.9371958
68.58999999999999,997466160.7944732
68.61,911820162.5647516
68.63,929187800.7273273
68.64999999999999,903302438.7589978
68.67,905362351.0356665
68.69,925906717.3108174
68.71,953656850.3927916
68.72999999999999,918747826.9709404
68.74999999999999,932656870.7254694
68.77,935669421.6778325
68.78999999999999,945871310.5945332
68.80999999999999,973658305.66681
68.83,973064243.0127901
68.85,940337513.1306617
68.86999999999999,949086846.4597236
68.89,964232673.752624
68.91,935141081.2142322
68.92999999999999,957554884.795034
68.94999999999999,959725057.0100209
68.97,993881632.9407086
68.99,963468481.4259484
69.00999999999999,970230991.077553
69.02999999999999,968511787.4605235
69.05,949167011.4019563
69.07,967699294.5460733
69.08999999999999,949932515.1313317
69.11,898213769.511158
69.13,941385297.5291332
69.14999999999999,966359795.8054372
69.17,951860759.3386667
69.19,967060477.9431387
69.21,936434034.8588445
69.22999999999999,947166044.4046147
69.24999999999999,955548455.0552852
69.27,993112141.2855829
69.28999999999999,952087276.9737191
69.30999999999999,979971052.7439338
69.33,944417273.367651
69.35,903229274.8112572
69.36999999999999,943795933.5723512
69.39,970584747.8637753
69.41,958273894.6908503
69.42999999999999,923731676.0459814
69.44999999999999,902011423.5369412
69.46999999999998,904630478.8833995
69.49,937471873.290314
69.50999999999999,954866899.2536073
69.52999999999999,963859905.1561718
69.55,909401813.5936013
69.57,918584171.6754093
69.58999999999999,922084128.5508218
69.61,957051296.3036892
69.63,923413232.3132216
69.64999999999999,953867882.6425284
69.67,932647289.9821365
69.69,961086075.6581527
69.71,940181400.504283
69.72999999999999,911104227.3034892
69.74999999999999,928195791.942709
69.77,910603348.8369887
69.78999999999999,940510906.0633959
69.80999999999999,902654981.4458728
69.83,942660899.6181701
69.85,946573299.303684
69.86999999999999,964693144.2497406
69.89,940568579.0617306
69.91,924854632.4066474
69.92999999999999,913298888.1740421
69.94999999999999,953771518.5892545
69.96999999999998,963510220.8165869
69.99,966696864.1529282
70.00999999999999,953139416.8891679
70.02999999999999,883750159.768545
70.05,846298576.9156463
70.07,891999433.3918273
70.08999999999999,941530234.3280634
70.11,907578621.9768728
70.13,943285878.2601107
70.14999999999999,958771651.9707359
70.17,940358264.3898078
70.19,954112943.7493613
70.21,994163724.6125528
70.22999999999999,903829623.0922254
70.24999999999999,867697065.1721103
70.27,909457934.5108396
70.28999999999999,927501009.84311
70.30999999999999,931306782.1124877
70.33,932119262.9685227
70.35,915725480.4754417
70.36999999999999,945922358.8439407
70.39,985487318.2412137
70.41,936914996.2563405
70.42999999999999,923345000.1545699
70.44999999999999,926854731.9187347
70.46999999999998,910939569.986284
70.49,920835202.234821
70.50999999999999,894000645.096527
70.52999999999999,876955776.5845305
70.55,944862730.0054929
70.57,921445258.5307515
70.58999999999999,940541374.1671791
70.61,999212587.1264222
70.63,970369264.8474474
70.64999999999999,927315049.55017
70.67,956793815.6845677
70.69,974037637.7822163
70.71,958140596.7940027
70.72999999999999,932763551.8003666
70.74999999999999,878868588.681307
70.77,884255964.9048358
70.78999999999999,986132246.2697506
70.80999999999999,976406218.3917506
70.83,896909794.1604962
70.85,899764665.3113897
70.86999999999999,893766201.8024582
70.89,944009070.307676
70.91,933268104.2341676
70.92999999999999,899338158.3603562
70.94999999999999,933094211.977295
70.96999999999998,928603003.5974709
70.99,938340618.0998243
71.00999999999999,943333654.538479
71.02999999999999,896309609.8065212
71.05,936015060.4365027
71.07,917709158.7708741
71.08999999999999,929375769.1515967
71.11,931884718.1548606
71.13,889395535.3402394
71.14999999999999,898504466.7093797
71.17,915345607.4617555
71.19,954877348.738529
71.21,936822697.6383884
71.22999999999999,903777989.5070173
71.24999999999999,914227726.7502688
71.27,948131132.463177
71.28999999999999,949000462.403558
71.30999999999999,930677757.8029819
71.33,924961344.5836
71.35,935989081.459384
71.36999999999999,931200820.1829711
71.39,899665434.993732
71.41,976719157.5114621
71.42999999999999,956142088.9970185
71.44999999999999,924991988.778882
71.46999999999998,936189407.8919975
71.49,945955435.0305758
71.50999999999999,924281387.8719276
71.52999999999999,969823005.0003747
71.55,961477666.3840626
71.57,920939730.4076308
71.58999999999999,914601977.6338598
71.61,932280982.2005032
71.63,935406246.0467792
71.64999999999999,919131689.2361898
71.67,935426914.8878638
71.69,913862883.1438437
71.71,942723696.5809863
71.72999999999999,911415757.4806792
71.74999999999999,919285857.3018593
71.77,930464557.3665735
71.78999999999999,935295843.4524469
71.80999999999999,951261831.7811794
71.83,948950985.3289931
71.85,958789780.7722132
71.86999999999999,957965853.1781464
71.89,933404941.040216
71.91,926919652.9529488
71.92999999999999,943531304.2590103
71.94999999999999,938138853.3032466
71.96999999999998,905040761.094227
71.99,903199826.1613764
72.00999999999999,938365617.9614506
72.02999999999999,930705985.3887225
72.05,935399643.3443803
72.07,927779905.8028756
72.08999999999999,913971478.096768
72.11,974075794.4968247
72.13,965135978.4674181
72.14999999999999,908046516.3952403
72.17,895332556.3932562
72.18999999999998,854769238.5303556
72.21,901217775.3487276
72.22999999999999,924857261.5032257
72.24999999999999,888780977.0977597
72.27,900715579.0687742
72.28999999999999,922221962.8808082
72.30999999999999,945982252.5150588
72.33,917130801.7720098
72.35,913509457.2199875
72.36999999999999,926348850.85589
72.39,929445425.2759606
72.41,922582866.6932724
72.42999999999999,902455804.6069182
72.45,969546919.428563
72.46999999999998,958764018.0655279
72.49,962633593.5761986
72.50999999999999,905614465.6927639
72.52999999999999,913855057.7864923
72.55,916760469.1738095
72.57,929696036.0593799
72.58999999999999,939774572.5041682
72.61,882759597.3452264
72.63,904483047.8825034
72.64999999999999,935359830.3196719
72.67,930962128.6694003
72.68999999999998,887032584.4816679
72.71,967480308.1206033
72.72999999999999,955560100.730484
72.74999999999999,934707945.1942604
72.77,884643618.1035258
72.78999999999999,906897481.8087009
72.80999999999999,919589826.4313823
72.83,902511652.5454563
72.85,924190201.5715326
72.86999999999999,943897015.7176404
72.89,930370627.1285248
72.90999999999998,910726637.635215
72.92999999999999,898194902.652989
72.95,928487702.1006515
72.96999999999998,973461610.9604583
72.99,971836314.7261802
73.00999999999999,959023412.8265667
73.02999999999999,944053877.7699506
73.05,940425652.7317697
73.07,919523619.0597972
73.08999999999999,924406403.583553
73.11,951276350.7980034
73.13,967126962.2449034
73.14999999999999,904920031.0981915
73.17,952608871.0690719
73.18999999999998,958912132.4004774
73.21,918440847.7113544
73.22999999999999,928354205.6148703
73.24999999999999,912769260.9234284
73.27,859332059.6655002
73.28999999999999,902891805.3967551
73.30999999999999,920634022.7198092
73.33,924229452.7365831
73.35,931499467.8016796
73.36999999999999,949323866.1935372
73.39,985231481.7428242
73.40999999999998,916462151.5831232
73.42999999999999,934821943.0144606
73.45,923571066.77295
73.46999999999998,951417181.3399642
73.49,912242693.4672577
73.50999999999999,898886052.19038
73.52999999999999,923486528.4827538
73.55,963981690.395058
73.57,969117846.295438
73.58999999999999,925391420.2843227
73.61,860268428.9529374
73.63,900120763.466465
73.64999999999999,925051075.36979
73.67,948434326.4198059
73.68999999999998,952200079.4946882
73.71,895433035.4059831
73.72999999999999,913574708.1949948
73.74999999999999,925872809.4467105
73.77,951824235.6144143
73.78999999999999,939499780.1305321
73.80999999999999,975225353.1198518
73.83,987264197.9019709
73.85,935420875.9929777
73.86999999999999,916798259.7527026
73.89,917937569.3776846
73.90999999999998,931356756.708917
73.92999999999999,941239118.0894285
73.95,951380100.2467151
73.96999999999998,940007607.3444412
73.99,958748260.5718697
74.00999999999999,962559010.8292528
74.02999999999999,958141166.1509519
74.05,984042958.7983752
74.07,1001022529.5295539
74.08999999999999,976921322.3025428
74.11,1060008450.8094226
74.13,1037311804.2392533
74.14999999999999,1028664503.9462132
74.17,993806293.3466266
74.18999999999998,1000870726.0257794
74.21,1032342128.4312799
74.22999999999999,1047951236.4185265
74.24999999999999,1010404189.9980187
74.27,1077402309.4896142
74.28999999999999,1099816002.3383873
74.30999999999999,1114222369.3552186
74.33,1049784521.1631151
74.35,1101639995.180013
74.36999999999999,1128352161.7376394
74.39,1066530422.2098706
74.40999999999998,1146366505.0872576
74.42999999999999,1122825300.3482819
74.45,1106573399.805633
74.46999999999998,1145016508.242233
74.49,1147373745.3246603
74.50999999999999,1160984456.5361583
74.52999999999999,1135477079.6764216
74.55,1180015285.4839723
74.57,1121616392.2312238
74.58999999999999,1121249643.8501942
74.61,1086842247.656458
74.63,1097689105.423047
74.64999999999999,1060056669.5082088
74.67,1030426247.2352469
74.68999999999998,1035456694.0622185
74.71,1104552068.5701613
74.72999999999999,1063637282.9633303
74.74999999999999,1000742576.04313
74.77,1053234017.0418397
74.78999999999999,1069540489.7368411
74.80999999999999,1032487610.5911056
74.83,1023112436.5773691
74.85,1061706697.2166843
74.86999999999999,1009802683.9455339
74.89,1005220236.0021629
74.90999999999998,1021346461.4011337
74.92999999999999,965811138.3345165
74.95,983985044.1910053
74.96999999999998,995484559.505163
74.99,997186389.354553
75.00999999999999,1002339681.243787
75.02999999999999,941049265.46216
75.05,993539900.7781643
75.07,993240652.497668
75.08999999999999,937019686.7265555
75.11,939058395.1949782
75.13,978022438.7309219
75.14999999999999,966041501.1853132
75.17,943995580.4753165
75.18999999999998,955477004.3308543
75.21,933212713.4782681
75.22999999999999,944482687.8465962
75.24999999999999,921284827.113682
75.27,897172738.2822148
75.28999999999999,904572341.0359299
75.30999999999999,942193275.1523584
75.33,917937363.7765725
75.35,906992187.7750654
75.36999999999999,906441256.7830502
75.39,917958285.9590694
75.40999999999998,919462530.251549
75.42999999999999,919058077.5755297
75.45,930394731.4309635
75.46999999999998,919946207.8021861
75.49,907535325.7113115
75.50999999999999,896125885.2691953
75.52999999999999,884793678.7232552
75.55,915544405.0405388
75.57,914181435.6662571
75.58999999999999,989560914.8613906
75.61,886381013.0063976
75.63,960215885.3168352
75.64999999999999,987361119.7010022
75.67,881174548.7319341
75.68999999999998,910290649.9456942
75.71,908201309.2072992
75.72999999999999,957017330.4232574
75.74999999999999,963988726.8259692
75.77,943182604.66938
75.78999999999999,934005518.636574
75.80999999999999,965259380.8470514
75.83,934207319.6991987
75.85,927618072.688035
75.86999999999999,923846542.8652747
75.89,911016113.6437664
75.90999999999998,907381749.771116
75.92999999999999,889663559.3328447
75.95,870862904.8175267
75.96999999999998,911039378.1976919
75.99,889564689.9591198
76.00999999999999,909266404.2330141
76.02999999999999,910271644.7471489
76.05,922989732.7027925
76.07,903131665.0624305
76.08999999999999,918107060.6139741
76.11,953170179.1583472
76.13,948806428.4033831
76.14999999999999,893834045.3773007
76.17,891979526.928184
76.18999999999998,967202847.7979739
76.21,939659425.4424355
76.22999999999999,947722070.3335202
76.24999999999999,938494431.909739
76.27,987562976.0524257
76.28999999999999,946086169.2459757
76.30999999999999,936371135.1685266
76.33,910231777.7680156
76.35,922499323.3084328
76.36999999999999,928113821.9676702
76.39,906639129.630167
76.40999999999998,895472478.9279331
76.42999999999999,899733806.6659868
76.45,887363945.0916734
76.46999999999998,902500622.8929735
76.49,913969076.5220202
76.50999999999999,943530962.0845181
76.52999999999999,922655350.8120304
76.55,928014516.210651
76.57,876175102.7842258
76.58999999999999,909072400.198128
76.61,919432690.4141364
76.63,947072837.2229903
76.64999999999999,882000516.8771589
76.67,944128786.452104
76.68999999999998,931433187.543149
76.71,936058068.0118507
76.72999999999999,944978276.1584611
76.74999999999999,871843777.0566965
76.77,862719329.815881
76.78999999999999,888563376.8299176
76.80999999999999,949916315.8971614
76.83,913263207.406025
76.85,919897308.4682245
76.86999999999999,883889974.0785825
76.89,878498221.2584106
76.90999999999998,911923480.6642381
76.92999999999999,908369041.2230097
76.95,919855763.0934199
76.96999999999998,904118077.3773144
76.99,911101072.9307452
77.00999999999999,914142296.5378565
77.02999999999999,888266767.8955812
77.05,908961388.4867114
77.07,963528477.2453947
77.08999999999999,908259973.133542
77.11,935164577.2087551
77.13,946618054.5526041
77.14999999999999,879042159.1986743
77.17,915965608.6384467
77.18999999999998,923612598.965591
77.21,929572292.9672433
77.22999999999999,904350958.3772194
77.24999999999999,962250879.5236993
77.27,895324431.3476809
77.28999999999999,888894883.1191013
77.30999999999999,943591866.4544858
77.33,915807814.949956
77.35,926887338.7049494
77.36999999999999,944178842.7235619
77.39,917410222.4385896
77.40999999999998,938106929.3615202
77.42999999999999,924828772.0612649
77.45,917273850.6377195
77.46999999999998,945481128.1062893
77.49,923858105.9625089
77.50999999999999,923248910.3339258
77.52999999999999,911169215.0187464
77.55,916110698.5240595
77.57,887794612.1038204
77.58999999999999,939628169.1184677
77.61,915212356.8449053
77.63,927436635.2227812
77.64999999999999,928202248.4623458
77.67,935668282.7123225
77.68999999999998,892846213.788583
77.71,925613001.8855315
77.72999999999999,916217923.018585
77.74999999999999,882219512.350139
77.77,936607612.6433407
77.78999999999999,942370908.2528074
77.80999999999999,923755628.3580909
77.83,913726175.4524561
77.85,915542120.1411031
77.86999999999999,925769064.0849181
77.89,936193374.7857534
77.90999999999998,938203733.3455139
77.92999999999999,925230246.3709276
77.95,946329945.1884297
77.96999999999998,943537700.9051013
77.99,900227231.7580633
78.00999999999999,962338134.5093148
78.02999999999999,951453092.3147017
78.05,947345396.04699
78.07,904844063.1072806
78.08999999999999,903410810.9130011
78.11,942708833.8800709
78.13,931123537.1747376
78.14999999999999,953585003.2990718
78.17,953133838.8966296
78.18999999999998,945667543.5032717
78.21,939257683.4970196
78.22999999999999,961302928.37252
78.24999999999999,906409407.4500747
78.27,931992481.8686894
78.28999999999999,953007903.7622432
78.30999999999999,932977977.9902964
78.33,979273351.0729488
78.35,918985017.9888996
78.36999999999999,900289734.8932376
78.39,906751568.389238
78.40999999999998,956541843.2387322
78.42999999999999,892765365.0959432
78.44999999999999,887890114.183577
78.46999999999998,934809070.987667
78.49,927607494.4751436
78.50999999999999,965173651.5223703
78.52999999999999,864521717.3335798
78.55,941746370.7028261
78.57,940297258.678492
78.58999999999999,918518023.0174778
78.61,940479886.714609
78.63,893377277.2703081
78.64999999999999,890660241.7877944
78.67,908978695.7066371
78.68999999999998,935891666.2235012
78.71,896389706.1831288
78.72999999999999,887883643.3152096
78.74999999999999,962607968.6849701
78.77,926574997.8645227
78.78999999999999,925306248.7635329
78.80999999999999,898663415.5414686
78.83,880067235.6033612
78.85,860892770.6292247
78.86999999999999,879500691.3076801
78.89,906682733.8857589
78.90999999999998,915283563.619721
78.92999999999999,965181442.095569
78.94999999999999,928514813.714018
78.96999999999998,919092787.2440237
78.99,926234347.8386209
79.00999999999999,948608536.9806889
79.02999999999999,985650686.5594733
79.05,942761606.8712367
79.07,952414424.8614517
79.08999999999999,937793212.2817047
79.11,926073178.6698432
79.13,925016905.5855558
79.14999999999999,925716548.9280968
79.17,930559521.1765184
79.18999999999998,920041473.4420586
79.21,950024862.7959037
79.22999999999999,951713481.3624922
79.24999999999999,947188643.4011996
79.27,922832139.4747481
79.28999999999999,915538093.3606212
79.30999999999999,966996492.2720834
79.33,929707698.6138024
79.35,938554329.9875423
79.36999999999999,901060264.7959373
79.39,889562793.0333015
79.40999999999998,924138779.4164244
79.42999999999999,931980922.3077472
79.44999999999999,938695137.9342628
79.46999999999998,916315806.8269458
79.49,945780898.7525489
79.50999999999999,932873604.1472446
79.52999999999999,905517072.0019345
79.55,932196733.7621757
79.57,917662182.6443508
79.58999999999999,953329868.6005118
79.61,902648158.6318283
79.63,912951757.9371017
79.64999999999999,947098017.1093526
79.67,944738572.0594064
79.68999999999998,950050753.3094454
79.71,974838692.0012465
79.72999999999999,976511530.4119631
79.74999999999999,1002782327.3214996
79.77,970880332.397033
79.78999999999999,932208377.5725325
79.80999999999999,934074131.7309281
79.83,940717031.621612
79.85,892348473.1464326
79.86999999999999,936476038.9884156
79.89,913913151.5240113
79.90999999999998,941418997.2824019
79.92999999999999,939209247.8321149
79.94999999999999,923616988.7505391
79.96999999999998,978199526.257603
79.99,938752830.290713
80.00999999999999,948687179.1483742
80.02999999999999,959382138.8725936
80.05,944908014.3909868
80.07,963873813.0246851
80.08999999999999,924340684.108783
80.11,902245922.1504285
80.12999999999998,924466305.2031054
80.14999999999999,972072458.9966689
80.17,938732989.1161473
80.18999999999998,954661642.4579604
80.21,944840152.639792
80.22999999999999,934904001.6565883
80.24999999999999,917323963.0802203
80.27,912844720.2588668
80.28999999999999,961385759.9228969
80.30999999999999,970999277.1581169
80.33,965815815.776585
80.35,971317742.7383852
80.36999999999999,994097664.7289017
80.39,957561393.2424425
80.40999999999998,917346329.8257614
80.42999999999999,926343252.0671234
80.44999999999999,985338267.9949459
80.46999999999998,973800694.3925183
80.49,982286221.1946967
80.50999999999999,918841065.1689417
80.52999999999999,971826258.8638681
80.55,966390599.5178642
80.57,992177902.1109232
80.58999999999999,954865368.3868426
80.61,963913910.7046274
80.62999999999998,936091304.3355943
80.64999999999999,926485484.8622378
80.67,969556691.6740364
80.68999999999998,970552792.6618466
80.71,979576067.3407012
80.72999999999999,961415594.2670318
80.74999999999999,1001098648.2857531
80.77,993467788.1168745
80.78999999999999,975609940.362955
80.80999999999999,989404872.7787937
80.83,932793202.7642844
80.85,952154709.5211096
80.86999999999999,1006955900.886374
80.89,974818032.7251427
80.90999999999998,989063140.7876266
80.92999999999999,961451169.5313386
80.94999999999999,1011548914.409127
80.96999999999998,969898825.772835
80.99,968243808.4106041
81.00999999999999,960071586.2648381
81.02999999999999,943852593.5947295
81.05,1000279797.1803299
81.07,996026616.9951341
81.08999999999999,987343792.3771353
81.11,971012467.0759343
81.12999999999998,1030835752.1740454
81.14999999999999,1062082980.9515916
81.17,1005007783.7090725
81.18999999999998,1070494086.2067828
81.21,1008362083.1468836
81.22999999999999,1016427865.5162207
81.24999999999999,1029553847.8242292
81.27,981274201.7601881
81.28999999999999,1039570027.662675
81.30999999999999,998000121.1293896
81.33,1038470426.7945819
81.35,1042389504.4374149
81.36999999999999,1033928033.6433753
81.39,1018857563.9651757
81.40999999999998,1039939192.6562189
81.42999999999999,1042998720.0116798
81.44999999999999,1087896741.2746017
81.46999999999998,1054422402.8231969
81.49,1077063063.1091073
81.50999999999999,1043127363.1796533
81.52999999999999,1067245067.4341084
81.55,1104476630.6647022
81.57,1085855530.3031921
81.58999999999999,1098599718.9282427
81.61,1159930490.3123145
81.62999999999998,1168665170.5778043
81.64999999999999,1174534795.979399
81.67,1255105029.9829478
81.68999999999998,1277790756.493834
81.71,1258359566.3982239
81.72999999999999,1292876924.635599
81.74999999999999,1322495871.4411237
81.77,1343837499.3607485
81.78999999999999,1417132738.9571486
81.80999999999999,1430828112.8538203
81.83,1546572828.6162724
81.85,1584663133.7252843
81.86999999999999,1675564561.5153196
81.89,1730500938.6508694
81.90999999999998,1832965806.0636468
81.92999999999999,1956111727.1927
81.94999999999999,2088001758.7318752
81.96999999999998,2228451812.906585
81.99,2294184465.033015
82.00999999999999,2577126194.633917
82.02999999999999,2733845566.1484227
82.05,2888666036.370306
82.07,3071204890.140917
82.08999999999999,3459623262.2793713
82.11,3715758551.237737
82.12999999999998,3866613479.6705213
82.14999999999999,4207062542.716786
82.17,4563648258.797807
82.18999999999998,4798293813.607903
82.21,5075394270.494049
82.22999999999999,5250920562.120123
82.24999999999999,5706764365.064623
82.27,6052808630.495945
82.28999999999999,6195917023.350231
82.30999999999999,6347102589.446107
82.33,6523426275.188735
82.35,6593854192.851231
82.36999999999999,6707816011.8289175
82.39,6791958884.544942
82.40999999999998,6785498415.963138
82.42999999999999,6685034757.938636
82.44999999999999,6554662684.283493
82.46999999999998,6403211196.935005
82.49,6194300527.356435
82.50999999999999,6049291226.845918
82.52999999999999,5915323664.850468
82.55,5695326374.580503
82.57,5469810001.448922
82.58999999999999,5270846476.428694
82.61,5002812069.366725
82.62999999999998,4648654022.52679
82.64999999999999,4415163134.785921
82.67,4182282982.8863473
82.68999999999998,4075523132.101965
82.71,3731115829.67513
82.72999999999999,3436382287.828525
82.74999999999999,3211813258.938591
82.77,3087851187.5097814
82.78999999999999,2792788123.728014
82.80999999999999,2704018439.5607347
82.83,2526118390.9619107
82.85,2319638978.566541
82.86999999999999,2210165728.21048
82.89,2075587641.404645
82.90999999999998,1926495431.2257805
82.92999999999999,1808121539.8522117
82.94999999999999,1739770155.1833663
82.96999999999998,1617164925.5523012
82.99,1539992945.4666512
83.00999999999999,1529635723.6870894
83.02999999999999,1444985342.6920643
83.05,1364504764.9963918
83.07,1269422935.9038105
83.08999999999999,1253100537.9499114
83.11,1285251946.37012
83.12999999999998,1277232637.9838502
83.14999999999999,1233502012.4700844
83.17,1191420787.9910023
83.18999999999998,1121402819.6480587
83.21,1126158207.493802
83.22999999999999,1155662428.0381637
83.24999999999999,1140720539.0452783
83.27,1077989001.3953068
83.28999999999999,1117317078.1379476
83.30999999999999,1105996796.9602287
83.33,1012612009.1709493
83.35,1035252880.3164945
83.36999999999999,1056425825.0689598
83.39,1052783269.4320589
83.40999999999998,1086072255.7265928
83.42999999999999,1017434232.5068605
83.44999999999999,1034851262.5288042
83.46999999999998,1026132035.332818
83.49,1052675039.8184922
83.50999999999999,966459330.2363182
83.52999999999999,1002681851.7735059
83.55,1033835180.8483454
83.57,1020084583.7806506
83.58999999999999,957680982.5219891
83.61,1016527068.5523766
83.62999999999998,994529838.8147501
83.64999999999999,982748036.8911098
83.67,984140313.4052292
83.68999999999998,985720451.0543418
83.71,982179094.0146543
83.72999999999999,940114375.4372874
83.74999999999999,971343737.2724676
83.77,996384410.3802266
83.78999999999999,981038422.0956491
83.80999999999999,975076894.9717515
83.83,953819587.7566649
83.85,919254734.7918105
83.86999999999999,991478899.7405773
83.89,953660267.2057375
83.90999999999998,940312737.096546
83.92999999999999,952187535.7661271
83.94999999999999,991825849.4102604
83.96999999999998,966310404.3236984
83.99,958693039.7069399
84.00999999999999,943387250.6603314
84.02999999999999,930139449.2469388
84.05,967915268.8280723
84.07,977786684.9593518
84.08999999999999,954400474.1539003
84.11,960246673.0770208
84.12999999999998,937874922.776324
84.14999999999999,874553805.9949974
84.17,931472552.9716417
84.18999999999998,951676015.7479427
84.21,960459317.1904212
84.22999999999999,968066341.341048
84.24999999999999,966311887.1478758
84.27,908643618.0195131
84.28999999999999,918380894.3007151
84.30999999999999,963515737.3083293
84.33,915722975.6003644
84.35,909259658.1899139
84.36999999999999,924720220.921951
84.39,932526578.7306058
84.40999999999998,948427759.5072217
84.42999999999999,941995735.720982
84.44999999999999,858252288.5690793
84.46999999999998,890409855.9508901
84.49,967739486.6447417
84.50999999999999,939955918.0510542
84.52999999999999,934616083.5072409
84.55,908110173.5974878
84.57,937224746.1174505
84.58999999999999,916872907.403964
84.61,871041080.5927922
84.62999999999998,894576753.8019494
84.64999999999999,932650860.4909666
84.67,906209183.1849544
84.68999999999998,910099442.5220932
84.71,933829230.460202
84.72999999999999,910479424.4580946
84.74999999999999,899792879.3407856
84.77,951352289.1368234
84.78999999999999,917938366.975421
84.80999999999999,876656700.8582644
84.83,893808047.7228622
84.85,913053230.56318
84.86999999999999,914459902.300603
84.89,904799430.0817376
84.90999999999998,944045247.0575179
84.92999999999999,870254902.9151727
84.94999999999999,891354052.4167144
84.96999999999998,917793159.5159318
84.99,903908461.5673347
85.00999999999999,930782090.9854784
85.02999999999999,908357474.6294228
85.05,922804226.4153535
85.07,875074592.8071836
85.08999999999999,888636267.4714427
85.11,879746598.2409174
85.12999999999998,905302504.4121883
85.14999999999999,914167198.1778265
85.17,966255153.1893041
85.18999999999998,965360517.6800003
85.21,934566869.3373902
85.22999999999999,925868598.5819825
85.24999999999999,949151509.9099033
85.27,910284768.7940503
85.28999999999999,908938596.8859261
85.30999999999999,948915175.419773
85.33,892504276.0270617
85.35,942546080.3934951
85.36999999999999,883949300.8947536
85.39,852721709.2025884
85.40999999999998,892332796.5922554
85.42999999999999,934136103.8523394
85.44999999999999,890246279.2363397
85.46999999999998,909596789.760598
85.49,913944580.2730393
85.50999999999999,904381036.2978371
85.52999999999999,925691207.884335
85.55,908254306.3553756
85.57,883949736.4400153
85.58999999999999,902339156.909935
85.61,880714391.2652739
85.62999999999998,893333894.7958875
85.64999999999999,884046722.2795777
85.66999999999999,893586685.4714516
85.68999999999998,874804870.5882794
85.71,888994604.6193467
85.72999999999999,929146699.7284164
85.74999999999999,913430618.0550634
85.77,902083245.6141318
85.78999999999999,858378212.8282491
85.80999999999999,887687684.7517865
85.83,934404687.3572892
85.85,902814860.3416172
85.86999999999999,891419371.9435304
85.89,952390427.180103
85.90999999999998,915053041.2219065
85.92999999999999,953824504.0318
85.94999999999999,911267443.4582803
85.96999999999998,900877414.3905361
85.99,894656217.2899871
86.00999999999999,873954018.5934263
86.02999999999999,899630440.9285468
86.05,897965221.6753006
86.07,882010755.6712153
86.08999999999999,914692397.1680428
86.11,922424881.3875846
86.12999999999998,868905522.4554996
86.14999999999999,851716880.2585297
86.16999999999999,905583118.6178627
86.18999999999998,889748330.6139972
86.21,917667858.5999497
86.22999999999999,892242610.7125553
86.24999999999999,842421953.0842943
86.27,857117052.0267171
86.28999999999999,926563198.10177
86.30999999999999,884929005.6038091
86.33,968015112.1913599
86.35,920481976.6971488
86.36999999999999,900966553.1578715
86.39,928685756.0697551
86.40999999999998,904723751.56246
86.42999999999999,900876820.2936115
86.44999999999999,903109640.6263994
86.46999999999998,916527026.6590964
86.49,880686525.9486256
86.50999999999999,954429933.9322021
86.52999999999999,909422441.1398528
86.55,972800082.4503071
86.57,911401038.532371
86.58999999999999,842372178.7540346
86.61,856627584.3342613
86.62999999999998,850089513.9251503
86.64999999999999,891686383.3694819
86.66999999999999,939665321.8773302
86.68999999999998,894386098.6151797
86.71,936677117.8960296
86.72999999999999,910518141.9623623
86.74999999999999,901565601.5303478
86.77,897423054.5554055
86.78999999999999,879799605.2910985
86.80999999999999,849556285.3791366
86.83,848789038.7109077
86.85,875913537.3807639
86.86999999999999,869969777.1993723
86.89,888781424.9520556
86.90999999999998,899622659.7190583
86.92999999999999,908922933.8074697
86.94999999999999,920726250.9421304
86.96999999999998,835115307.6738963
86.99,887791287.8960097
87.00999999999999,887868328.6898109
87.02999999999999,888779525.1261305
87.05,862078749.2360599
87.07,878175547.7459402
87.08999999999999,824127995.9490259
87.11,874180734.136205
87.12999999999998,894837462.3294227
87.14999999999999,864950811.0656633
87.16999999999999,899486057.9913763
87.18999999999998,863144447.482228
87.21,897617543.733957
87.22999999999999,921783697.4639598
87.24999999999999,886353825.1633307
87.27,867773447.0046543
87.28999999999999,916687687.4255192
87.30999999999999,894707953.7792653
87.33,930065196.4443241
87.35,856080460.7579834
87.36999999999999,892212525.238287
87.39,882284015.7328259
87.40999999999998,861391921.6450303
87.42999999999999,944421825.0611671
87.44999999999999,908945383.8250848
87.46999999999998,902003964.7601799
87.49,932566436.8021008
87.50999999999999,895686485.7161518
87.52999999999999,887437059.4986085
87.55,900370401.0256335
87.57,930377998.8708495
87.58999999999999,927411236.6551481
87.61,916864705.1478188
87.62999999999998,867527340.8400062
87.64999999999999,952296965.3368851
87.66999999999999,887924870.568359
87.68999999999998,889981380.7890791
87.71,878705654.3514421
87.72999999999999,917705775.6282573
87.74999999999999,883518508.6242477
87.77,888832347.2185922
87.78999999999999,901133152.7697492
87.80999999999999,869775890.8053961
87.83,894438363.741329
87.84999999999998,893995078.8521733
87.86999999999999,879633130.3140553
87.89,928718736.4379241
87.90999999999998,939923989.9284894
87.92999999999999,916714484.5931462
87.94999999999999,877139554.4809042
87.96999999999998,921985402.6495289
87.99,919731857.8600142
88.00999999999999,864579301.2213343
88.02999999999999,908744249.9128941
88.05,938388282.0898418
88.07,860864280.590273
88.08999999999999,904138968.8344958
88.11,881838332.3682262
88.12999999999998,922434382.8663337
88.14999999999999,886170501.9707576
88.16999999999999,905282573.2100714
88.18999999999998,863640122.0971994
88.21,946138589.8493577
88.22999999999999,896041109.9543319
88.24999999999999,910595011.9819176
88.27,879184292.2560045
88.28999999999999,915985466.0741912
88.30999999999999,876811391.6529055
88.33,863780293.1697246
88.34999999999998,908077498.4930928
88.36999999999999,868310115.9657029
88.39,855905724.4908494
88.40999999999998,910767569.8086137
88.42999999999999,868444044.9087076
88.44999999999999,879264766.7744235
88.46999999999998,938129653.8744135
88.49,905624083.8946643
88.50999999999999,896129825.1070957
88.52999999999999,878945342.7336268
88.55,905049508.9088445
88.57,936617349.6582133
88.58999999999999,932025354.3296446
88.61,886885863.5376767
88.62999999999998,869858727.1659851
88.64999999999999,860040414.7617658
88.66999999999999,885112039.1570506
88.68999999999998,913077875.2194719
88.71,890164591.0899091
88.72999999999999,918535921.620883
88.74999999999999,866808683.4915946
88.77,848618471.2499709
88.78999999999999,904478555.9857012
88.80999999999999,863592042.3700548
88.83,863225442.4346344
88.84999999999998,874802486.5913028
88.86999999999999,860484778.8343136
88.89,852882303.0015297
88.90999999999998,880816480.3328799
88.92999999999999,840268090.9749248
88.94999999999999,887568164.3436129
88.96999999999998,847037541.1877365
88.99,863353223.7649119
89.00999999999999,895615656.8231194
89.02999999999999,879546673.8771868
89.05,848905859.3626064
89.07,861630353.3568591
89.08999999999999,869792934.4546016
89.11,852652989.090891
89.12999999999998,917938596.3574753
89.14999999999999,883791079.2701155
89.16999999999999,883659199.7363167
89.18999999999998,894671635.6857573
89.21,882960694.5011779
89.22999999999999,885022330.4522483
89.24999999999999,880243173.6136221
89.27,930509743.3989269
89.28999999999999,926728321.7550687
89.30999999999999,872686251.735437
89.33,922418902.4538256
89.34999999999998,859470545.8388357
89.36999999999999,912805761.0868084
89.39,920012529.0702486
89.40999999999998,930734001.345846
89.42999999999999,904093946.1888804
89.44999999999999,928047673.5549833
89.46999999999998,931609822.2578661
89.49,935098164.2279255
89.50999999999999,920694962.9306409
89.52999999999999,878339397.5138592
89.55,908271931.8515341
89.57,877543907.8208096
89.58999999999999,923274702.1773995
89.61,927959617.1604398
89.62999999999998,966957498.1101242
89.64999999999999,921529734.0522751
89.66999999999999,915778194.1331054
89.68999999999998,935499991.5581474
89.71,912419529.4032292
89.72999999999999,924086625.0516503
89.74999999999999,927732327.6665641
89.77,922443775.8929496
89.78999999999999,922923917.885541
89.80999999999999,914517162.3461406
89.83,962095119.3045982
89.84999999999998,983975064.7739335
89.86999999999999,981648831.0583097
89.89,958767634.9175781
89.90999999999998,947078755.5052229
89.92999999999999,973557109.3010553
89.94999999999999,1011785655.454507
89.96999999999998,1013339445.6376169
89.99,1007179769.238999
90.00999999999999,1035188177.2611641
90.02999999999999,1071989750.9553839
90.05,1063193991.2126542
90.07,986257338.722495
90.08999999999999,1027266143.4419956
90.11,1076344984.7939928
90.12999999999998,1067973000.643367
90.14999999999999,1032635645.5410016
90.16999999999999,1109007162.1217046
90.18999999999998,1056904209.5970005
90.21,1088073112.793644
90.22999999999999,1102446681.3548768
90.24999999999999,1165643694.9008858
90.27,1135217177.2857988
90.28999999999999,1159212425.2568521
90.30999999999999,1107084448.9923322
90.33,1122145014.717078
90.34999999999998,1123084262.5653553
90.36999999999999,1113695834.1977413
90.39,1100516169.4099731
90.40999999999998,1130262437.7945826
90.42999999999999,1120334608.3708491
90.44999999999999,1147628145.630652
90.46999999999998,1151352071.4850945
90.49,1137929922.6016574
90.50999999999999,1122808493.3680363
90.52999999999999,1155361266.2095222
90.55,1156052078.5334556
90.57,1113071452.1209085
90.58999999999999,1164464068.7498956
90.61,1144257369.2365031
90.62999999999998,1097262498.566183
90.64999999999999,1053306654.1468788
90.66999999999999,1071808724.2025275
90.68999999999998,1074856531.5255618
90.71,1066123868.1616104
90.72999999999999,1061077156.7842035
90.74999999999999,1025671888.42536
90.77,979462059.7560441
90.78999999999999,1037108252.9488714
90.80999999999999,1011780986.5701692
90.83,997762715.0351638
90.84999999999998,1050560851.2294732
90.86999999999999,1009653356.8011081
90.89,1005913395.3088477
90.90999999999998,979173485.249852
90.92999999999999,984664556.4396878
90.94999999999999,1008974052.1967509
90.96999999999998,992169107.0842149
90.99,938665574.1083046
91.00999999999999,1000385303.0165361
91.02999999999999,975601328.1608821
91.05,971642221.0791439
91.07,969186309.7745801
91.08999999999999,911135478.2987207
91.11,945604529.3882122
91.12999999999998,914906987.1927431
91.14999999999999,916531729.702411
91.16999999999999,936250135.8044266
91.18999999999998,902664317.9896549
91.21,910386772.4146962
91.22999999999999,915731952.6710547
91.24999999999999,889436290.2839298
91.27,878886999.1125716
91.28999999999999,935976075.9322317
91.30999999999999,901220189.5996213
91.33,902316137.8503921
91.34999999999998,908658110.7302622
91.36999999999999,893490893.2469563
91.39,900956749.2622954
91.40999999999998,900663694.1042179
91.42999999999999,922906214.4368757
91.44999999999999,918481096.9052135
91.46999999999998,894446539.1721734
91.49,903896955.9424467
91.50999999999999,941925428.1226687
91.52999999999999,927323705.6117536
91.55,885940325.2527732
91.57,921721249.4302688
91.58999999999999,896915070.0080386
91.61,891408578.5349349
91.62999999999998,878441927.6291887
91.64999999999999,902704839.3963634
91.66999999999999,868947968.05638
91.68999999999998,848634374.2918333
91.71,898462184.5846803
91.72999999999999,907814142.2647656
91.74999999999999,899642897.6225395
91.77,874606403.6889336
91.78999999999999,879982727.266778
91.80999999999999,891161091.6458353
91.83,883653437.2832052
91.84999999999998,886168491.8430817
91.86999999999999,868947822.0842462
91.89,893597148.841841
91.90999999999998,883829845.9638768
91.92999999999999,842982852.3026435
91.94999999999999,839933512.7964501
91.96999999999998,866901061.3756874
91.99,837587002.946124
92.00999999999999,866590885.5347965
92.02999999999999,891992980.94389
92.05,859754870.9622953
92.07,898395842.9532131
92.08999999999999,874612324.0355847
92.11,853863867.8799338
92.12999999999998,880598018.8904094
92.14999999999999,870363771.8708135
92.16999999999999,854798802.3762257
92.18999999999998,867448927.52221
92.21,901750186.7521538
92.22999999999999,876427446.935513
92.24999999999999,894655699.163698
92.27,829348903.3082424
92.28999999999999,878789880.0571008
92.30999999999999,856333148.2010944
92.33,855829307.5916556
92.34999999999998,877393962.2097117
92.36999999999999,857551709.1266266
92.39,869520459.4672719
92.40999999999998,867904902.8642381
92.42999999999999,922092578.2795794
92.44999999999999,886351530.7657217
92.46999999999998,909999648.2130638
92.49,842464742.2149864
92.50999999999999,847929769.4658235
92.52999999999999,884519129.6486886
92.55,907743749.9500291
92.57,872749417.3064244
92.58999999999999,882620379.3520093
92.61,884353075.048009
92.62999999999998,857124326.8556864
92.64999999999999,857697642.8587598
92.66999999999999,885841887.5632229
92.68999999999998,863415830.4608382
92.71,858251618.830848
92.72999999999999,885579292.6499338
92.74999999999999,879501972.0013992
92.77,841566856.0708524
92.78999999999999,841360189.8946059
92.80999999999999,874553722.8330076
92.83,864085965.2688088
92.84999999999998,872807513.5430915
92.86999999999999,868988706.8041621
92.89,840234022.0423636
92.90999999999998,872299885.278727
92.92999999999999,835972931.2180341
92.94999999999999,862351050.672955
92.96999999999998,874711680.2487975
92.99,845811867.4644374
93.00999999999999,874056504.6222341
93.02999999999999,878586768.3811103
93.05,851912325.1468152
93.07,865695343.8304485
93.08999999999999,855994480.7675346
93.11,838326873.9239749
93.12999999999998,895263549.983445
93.14999999999999,890992092.4680465
93.16999999999999,830325935.653142
93.18999999999998,851636575.97439
93.21,871174665.3013328
93.22999999999999,862676466.0958334
93.24999999999999,890375676.0982449
93.27,882997965.8279617
93.28999999999999,871214649.8968165
93.30999999999999,836794949.8105578
93.33,846600026.8971145
93.34999999999998,913498119.7495114
93.36999999999999,902372362.8691747
93.38999999999999,822940323.0393687
93.40999999999998,878736679.0889627
93.42999999999999,872879162.2347835
93.44999999999999,883692804.6580945
93.46999999999998,848363061.8709346
93.49,850090920.3735136
93.50999999999999,858160900.746582
93.52999999999999,899564288.0591373
93.55,849461412.8224194
93.57,878348910.6908795
93.58999999999999,898911086.2876371
93.61,907405058.117781
93.62999999999998,833563628.0949469
93.64999999999999,894290686.1766696
93.66999999999999,909889472.8044868
93.68999999999998,891296476.9886032
93.71,878034092.539389
93.72999999999999,853969801.244727
93.74999999999999,859366532.7856445
93.77,857144906.2289361
93.78999999999999,866751575.5933915
93.80999999999999,851705401.3885173
93.83,856902066.0866331
93.84999999999998,835182958.1960675
93.86999999999999,888694311.9964637
93.88999999999999,881554686.9353415
93.90999999999998,849221310.8004179
93.92999999999999,838481779.0245514
93.94999999999999,885278420.4657217
93.96999999999998,861452281.3811222
93.99,902573797.7340255
94.00999999999999,896666171.1196388
94.02999999999999,871641042.9100544
94.05,886446026.2030491
94.07,865000143.1847252
94.08999999999999,888681214.3897747
94.11,862962080.7299489
94.12999999999998,848647248.1440134
94.14999999999999,884480766.3660637
94.16999999999999,875120830.0106257
94.18999999999998,878436390.4087286
94.21,897794632.1243087
94.22999999999999,869084896.0206728
94.24999999999999,847873403.3030549
94.27,862473907.8696485
94.28999999999999,864315716.5465759
94.30999999999999,883985906.1979381
94.33,884854962.287346
94.34999999999998,870856258.4066665
94.36999999999999,877312572.084575
94.38999999999999,857420715.0591738
94.40999999999998,900076138.1015494
94.42999999999999,886980720.3655478
94.44999999999999,834605153.0198544
94.46999999999998,839982297.9253298
94.49,851815347.0106905
94.50999999999999,825716998.5256591
94.52999999999999,866741442.805117
94.55,861293797.3005366
94.57,848476332.5219718
94.58999999999999,924272960.2062906
94.61,905388610.8833003
94.62999999999998,853656825.7922609
94.64999999999999,849019073.0055084
94.66999999999999,833896577.0471447
94.68999999999998,850071575.6051214
94.71,851782519.917267
94.72999999999999,878373687.3609135
94.74999999999999,890563986.501607
94.77,892890747.8434632
94.78999999999999,911110864.6742145
94.80999999999999,871978604.5567087
94.83,873556258.3222302
94.84999999999998,870328001.8910958
94.86999999999999,854644059.4108123
94.88999999999999,841661881.7751861
94.90999999999998,840370865.6837997
94.92999999999999,870997263.57369
94.94999999999999,876055152.9508611
94.96999999999998,923772144.9660721
94.99,929851829.4661736
95.00999999999999,883591511.4301203
95.02999999999999,933062279.271243
95.05,915565347.8536347
95.06999999999998,862859644.7483641
95.08999999999999,914417833.1213338
95.11,894500683.0232924
95.12999999999998,932720537.7021116
95.14999999999999,855286715.6435595
95.16999999999999,894415429.233457
95.18999999999998,872014822.0378612
95.21,940951679.0541906
95.22999999999999,911314470.5841833
95.24999999999999,917220789.2749134
95.27,914941266.6575817
95.28999999999999,868148421.56211
95.30999999999999,945545425.1720102
95.33,917816676.7483453
95.34999999999998,882065625.208931
95.36999999999999,913501409.3099734
95.38999999999999,873629782.7316233
95.40999999999998,950546549.1402843
95.42999999999999,974477175.020931
95.44999999999999,974296254.3204815
95.46999999999998,965825422.9561077
95.49,951837919.7827258
95.50999999999999,957084469.9689655
95.52999999999999,935233712.412299
95.55,960666419.9947797
95.56999999999998,1034979902.8218627
95.58999999999999,951039861.7369771
95.61,935952138.8226905
95.62999999999998,936708718.093484
95.64999999999999,979043618.9462649
95.66999999999999,1003150315.3197467
95.68999999999998,919944980.3243551
95.71,938956975.1328248
95.72999999999999,963072789.311184
95.74999999999999,972918599.800804
95.77,970604859.9606934
95.78999999999999,956410505.2872409
95.80999999999999,954643089.518725
95.83,904579269.3832905
95.84999999999998,959226357.1936235
95.86999999999999,955722087.6163489
95.88999999999999,963917809.3687086
95.90999999999998,945557870.9867573
95.92999999999999,935530875.1189171
95.94999999999999,923625039.6242288
95.96999999999998,922593960.0794156
95.99,902291356.8248773
96.00999999999999,888748408.0909451
96.02999999999999,925410425.0871317
96.05,884750296.0253664
96.06999999999998,894553135.9614146
96.08999999999999,902972143.0649682
96.11,923878644.5379664
96.12999999999998,913130655.0953562
96.14999999999999,896140343.8438473
96.16999999999999,883028830.695429
96.18999999999998,855099063.1250082
96.21,908829471.2681794
96.22999999999999,909635871.5362506
96.24999999999999,878597303.5111715
96.27,916969992.1207358
96.28999999999999,889553437.896852
96.30999999999999,855832236.7931985
96.33,867180893.6824734
96.34999999999998,873561313.8417487
96.36999999999999,856618661.6387296
96.38999999999999,851545487.0668602
96.40999999999998,880415647.6001577
96.42999999999999,868153373.1777298
96.44999999999999,881917289.2618067
96.46999999999998,871256373.6455178
96.49,877078233.9155325
96.50999999999999,877351658.4734436
96.52999999999999,870585283.7874308
96.55,839206119.7827339
96.56999999999998,854184407.2210205
96.58999999999999,858305366.4886391
96.61,884343480.1038128
96.62999999999998,866967441.3609349
96.64999999999999,809458466.3651388
96.66999999999999,856132140.7799531
96.68999999999998,880345028.6096249
96.71,846152383.5579493
96.72999999999999,866169829.7495713
96.74999999999999,890404979.0207756
96.77,851656056.3279158
96.78999999999999,831674262.1611544
96.80999999999999,865887416.328008
96.83,824614171.598545
96.84999999999998,867213052.6278507
96.86999999999999,837608335.1038873
96.88999999999999,838571150.8644032
96.90999999999998,854936254.0955315
96.92999999999999,913567018.9753323
96.94999999999999,890278746.6120222
96.96999999999998,874168786.5589749
96.99,894939184.5949318
97.00999999999999,808384737.3336592
97.02999999999999,831634807.725058
97.05,859190274.3171637
97.06999999999998,846439799.0532936
97.08999999999999,857070244.532375
97.11,860841000.3886771
97.12999999999998,802432851.8598005
97.14999999999999,856984952.6943202
97.16999999999999,916723619.8875465
97.18999999999998,857056095.3626201
97.21,864850524.7350792
97.22999999999999,869637172.0490679
97.24999999999999,874764695.0034168
97.27,834152929.551264
97.28999999999999,861656269.2736622
97.30999999999999,871195098.5283097
97.33,882884645.857845
97.34999999999998,856739904.6011276
97.36999999999999,854422495.7675297
97.38999999999999,871536039.6316122
97.40999999999998,850365172.1889751
97.42999999999999,867508900.9162842
97.44999999999999,882489807.5941819
97.46999999999998,839626818.3141606
97.49,812538136.7382002
97.50999999999999,890070551.103945
97.52999999999999,866815094.0533128
97.55,878972848.1747249
97.56999999999998,891795958.8435701
97.58999999999999,878397951.6249967
97.61,911752941.9127192
97.62999999999998,878879718.2221254
97.64999999999999,875242255.2607224
97.66999999999999,842287062.0141506
97.68999999999998,850121088.7083771
97.71,898181568.4147028
97.72999999999999,909086825.4521261
97.74999999999999,847651195.951922
97.77,916137755.9128585
97.78999999999999,875367900.6326326
97.80999999999999,876103941.8696748
97.83,915115794.98528
97.84999999999998,870709047.6981808
97.86999999999999,856147112.8333117
97.88999999999999,915199845.0560161
97.90999999999998,898580403.5314622
97.92999999999999,852571271.8824803
97.94999999999999,884644585.3318065
97.96999999999998,888025721.521323
97.99,910360429.210901
98.00999999999999,922788320.0303326
98.02999999999999,918031553.4634868
98.05,923933827.0205754
98.06999999999998,901229687.3504322
98.08999999999999,859423574.3735926
98.11,905585862.454473
98.12999999999998,944974576.7743553
98.14999999999999,945571002.8294457
98.16999999999999,974296027.6066512
98.18999999999998,931839639.4876983
98.21,994885680.1586528
98.22999999999999,1015656813.6764657
98.24999999999999,1010651609.2188026
98.27,992453742.7488205
98.28999999999999,1052756915.0134935
98.30999999999999,1038275092.8008364
98.33,1048015958.2447987
98.34999999999998,1101719691.534077
98.36999999999999,1101384277.1904743
98.38999999999999,1147815230.6322052
98.40999999999998,1174139169.3234165
98.42999999999999,1160585233.355868
98.44999999999999,1278800823.5352263
98.46999999999998,1268246751.6889315
98.49,1308561437.0439234
98.50999999999999,1396246560.0792484
98.52999999999999,1435041941.7400556
98.55,1448646287.0903208
98.56999999999998,1451413225.9911866
98.58999999999999,1504725417.802306
98.61,1638692224.3092473
98.62999999999998,1694256049.1678839
98.64999999999999,1852597743.589842
98.66999999999999,1859084124.109432
98.68999999999998,1972470960.6530664
98.71,2095812145.8405445
98.72999999999999,2180989533.510201
98.74999999999999,2284574228.5148835
98.77,2312146070.769437
98.78999999999999,2383072710.994036
98.80999999999999,2564370436.324028
98.83,2601688456.4557323
98.84999999999998,2698591892.3381405
98.86999999999999,2754689131.8184485
98.88999999999999,2814178603.7317934
98.90999999999998,2904045016.1180687
98.92999999999999,2876337085.4760838
98.94999999999999,2977159400.020337
98.96999999999998,3068083747.699392
98.99,3003581806.1008725
99.00999999999999,2999766828.309589
99.02999999999999,2968985436.6683035
99.05,2992742253.3863406
99.06999999999998,2814464481.10254
99.08999999999999,2866218052.223952
99.11,2808183175.957518
99.12999999999998,2757172818.003956
99.14999999999999,2642521412.585172
99.16999999999999,2637613422.65726
99.18999999999998,2609760202.5498447
99.21,2514927028.9538646
99.22999999999999,2526515822.904743
99.24999999999999,2446439082.639259
99.27,2306714172.5307317
99.28999999999999,2285313657.0321817
99.30999999999999,2213725242.52241
99.33,2148347398.208304
99.34999999999998,2104260651.3221645
99.36999999999999,2013169376.0218747
99.38999999999999,1971982351.7056994
99.40999999999998,1850909890.4246674
99.42999999999999,1838174081.5697973
99.44999999999999,1826194119.4837875
99.46999999999998,1704715531.0487947
99.49,1629638994.5882416
99.50999999999999,1563436404.0216684
99.52999999999999,1518776859.899251
99.55,1430928939.1601484
99.56999999999998,1338368065.6055865
99.58999999999999,1353664311.5751514
99.61,1255905120.903478
99.62999999999998,1268291490.2321968
99.64999999999999,1246276938.9554603
99.66999999999999,1237032088.8483667
99.68999999999998,1144429552.6543167
99.71,1141151329.364313
99.72999999999999,1082482301.4263947
99.74999999999999,1097313746.4508092
99.77,1059329986.4613247
99.78999999999999,1027803037.2216291
99.80999999999999,1009279010.7969614
99.83,1017382268.0747973
99.84999999999998,988741015.819752
99.86999999999999,1000489361.4283402
99.88999999999999,990085068.2612306
99.90999999999998,963268904.6894159
99.92999999999999,989059008.9583457
99.94999999999999,916540173.4138563
99.96999999999998,892477114.4928064
99.99,931046916.6732757
100.00999999999999,895724513.4447553
100.02999999999999,906190874.4757475
100.05,894537538.1463966
100.06999999999998,876413580.5801277
100.08999999999999,877228962.7506505
100.11,916779763.2553486
100.12999999999998,893515169.4693958
100.14999999999999,872986383.9645102
100.16999999999999,900430062.4345376
100.18999999999998,922631799.9981027
100.21,850562654.3451216
100.22999999999999,902290580.3436207
100.24999999999999,891894360.3397115
100.27,867979520.3568338
100.28999999999999,848874968.4167037
100.30999999999999,846420509.5291485
100.33,856678218.0349308
100.34999999999998,854773626.7283111
100.36999999999999,863952580.9506731
100.38999999999999,834484250.2661566
100.40999999999998,883851336.8916109
100.42999999999999,873690185.4913815
100.44999999999999,838730248.7789128
100.46999999999998,855464299.406876
100.49,815422015.0105649
100.50999999999999,832400471.5925258
100.52999999999999,866161878.2193532
100.55,819384312.2740644
100.56999999999998,817400767.0109804
100.58999999999999,837490551.9305696
100.60999999999999,834155042.1582545
100.62999999999998,839565025.0453315
100.64999999999999,854156515.2384045
100.66999999999999,846005194.936052
100.68999999999998,827069679.7339085
100.71,834120843.5826132
100.72999999999999,816477600.2255317
100.74999999999999,814956432.6177406
100.77,823000814.4313909
100.78999999999999,830312432.6877093
100.80999999999999,831189074.3948756
100.83,864320384.060421
100.84999999999998,808066785.518483
100.86999999999999,855951799.2627952
100.88999999999999,818101294.0487291
100.90999999999998,811373763.0281663
100.92999999999999,827052937.0252978
100.94999999999999,798731509.395427
100.96999999999998,832085774.25523
100.99,775688683.7740138
101.00999999999999,788682183.187666
101.02999999999999,780414116.183909
101.05,773909343.8842188
101.06999999999998,829482441.9482911
101.08999999999999,819405134.8480543
101.10999999999999,773256606.1581014
101.12999999999998,804876312.8646268
101.14999999999999,834771189.2430371
101.16999999999999,806458543.1814568
101.18999999999998,774212692.4364083
101.21,789453017.3724935
101.22999999999999,819392313.8740066
101.24999999999999,840835430.2068412
101.27,794527632.9644942
101.28999999999999,826871854.3069489
101.30999999999999,807679688.0160086
101.33,791748368.5829356
101.34999999999998,803764232.2597432
101.36999999999999,791958425.6389132
101.38999999999999,843551979.4968969
101.40999999999998,801173177.2453557
101.42999999999999,804388872.2091044
101.44999999999999,812888737.7295167
101.46999999999998,779762520.7054051
101.49,800487331.9228401
101.50999999999999,767343357.3336613
101.52999999999999,805812690.7968118
101.55,802308281.7679297
101.56999999999998,791802473.8160983
101.58999999999999,777111184.4479718
101.60999999999999,819763581.5438108
101.62999999999998,788869221.1645885
101.64999999999999,776792157.9250193
101.66999999999999,788007935.764383
101.68999999999998,810985543.751035
101.71,807981586.4161807
101.72999999999999,783956514.0959074
101.74999999999999,837144720.7777839
101.77,826389399.1927499
101.78999999999999,777521669.0653882
101.80999999999999,812804447.2259489
101.83,818707595.3644509
101.84999999999998,783117514.9468241
101.86999999999999,763294534.1864972
101.88999999999999,821312550.1973617
101.90999999999998,817423490.379363
101.92999999999999,792234554.799432
101.94999999999999,780439706.3974869
101.96999999999998,812540541.1249427
101.99,814363943.4502888
102.00999999999999,823421944.1169053
102.02999999999999,788368045.4072392
102.05,803189633.2418653
102.06999999999998,834339228.0829626
102.08999999999999,805948591.2843686
102.10999999999999,834925042.585291
102.12999999999998,797340362.4927424
102.14999999999999,863980486.7875211
102.16999999999999,793032482.8127583
102.18999999999998,798977785.6079087
102.21,799744632.7177801
102.22999999999999,786270644.0319264
102.24999999999999,804987992.3582215
102.27,799300422.0303606
102.28999999999999,841896279.9832644
102.30999999999999,829417886.1324037
102.33,869575833.1795543
102.34999999999998,844951352.4333547
102.36999999999999,768281921.788198
102.38999999999999,791329101.4439045
102.40999999999998,765406809.7517201
102.42999999999999,781807958.2621711
102.44999999999999,808742190.2587713
102.46999999999998,806965803.8917682
102.49,743971913.1505778
102.50999999999999,786488457.9434441
102.52999999999999,770533672.2424519
102.55,767990719.1097829
102.56999999999998,761914477.9994563
102.58999999999999,823564353.917524
102.60999999999999,814488763.628682
102.62999999999998,773701585.446157
102.64999999999999,762555806.2437787
102.66999999999999,770402670.6070341
102.68999999999998,783749820.3883699
102.71,775884836.1570977
102.72999999999999,787046947.7064039
102.74999999999999,794384217.7124457
102.77,776489362.801008
102.78999999999998,795121706.7336007
102.80999999999999,789470561.2634715
102.83,776603467.1354717
102.84999999999998,780466638.4943405
102.86999999999999,776117590.8252968
102.88999999999999,799740911.628668
102.90999999999998,797177128.9891987
102.92999999999999,798829334.5913994
102.94999999999999,780008732.7243868
102.96999999999998,760355387.7811358
102.99,851535875.6763045
103.00999999999999,776087608.889188
103.02999999999999,825524084.8228751
103.05,832147999.6427406
103.06999999999998,817631094.2374291
103.08999999999999,786071399.8213294
103.10999999999999,787541212.6321691
103.12999999999998,807172130.649042
103.14999999999999,749173193.1765093
103.16999999999999,794762830.817732
103.18999999999998,812599114.6139935
103.21,823581948.5802457
103.22999999999999,812683879.0544233
103.24999999999999,776668696.0161848
103.27,790341709.2245852
103.28999999999998,807845936.6311498
103.30999999999999,818735741.9736083
103.33,822931030.1040165
103.34999999999998,806209119.1604317
103.36999999999999,782351354.5024468
103.38999999999999,748796924.2019857
103.40999999999998,816573234.2992808
103.42999999999999,810049653.7238892
103.44999999999999,761717735.0627798
103.46999999999998,768410342.9579908
103.49,800873170.1943861
103.50999999999999,822974101.6568565
103.52999999999999,803946823.7873673
103.55,837260567.8998933
103.56999999999998,811854600.0211697
103.58999999999999,787780323.0476848
103.60999999999999,802529672.3660662
103.62999999999998,821186873.9078338
103.64999999999999,811965052.2879192
103.66999999999999,766475120.9001774
103.68999999999998,794881392.8713313
103.71,800273316.3079829
103.72999999999999,794040814.0171964
103.74999999999999,765115262.595662
103.77,756357789.1813339
103.78999999999998,785880588.7027718
103.80999999999999,837056161.7254003
103.83,768590222.8323587
103.84999999999998,797667289.1267399
103.86999999999999,799408001.2112428
103.88999999999999,783476816.7183454
103.90999999999998,770640223.3221624
103.92999999999999,795019276.5128378
103.94999999999999,780605770.7570161
103.96999999999998,798101807.0336789
103.99,794138566.009363
104.00999999999999,824734145.7044643
104.02999999999999,755051684.4027877
104.05,740469597.0507998
104.06999999999998,757314696.7611254
104.08999999999999,805041074.3631791
104.11,818132510.494313
104.12999999999998,779707916.9054481
104.14999999999999,802300446.5275415
104.17,782819993.7099421
104.18999999999998,763449618.5064083
104.21,771272354.9342564
104.22999999999998,789356989.4070629
104.24999999999999,745551957.7956473
104.27,787986103.932761
104.28999999999998,811197702.4665267
104.30999999999999,776725652.0303783
104.33,772502971.3950366
104.34999999999998,752602076.307287
104.36999999999999,798600630.2035897
104.39,760362666.3154792
104.40999999999998,766596538.4527557
104.42999999999999,759028266.2776142
104.44999999999997,786862142.617473
104.46999999999998,780546660.7982893
104.49,796808460.5393384
104.50999999999998,772454243.2572074
104.52999999999999,781482470.1177014
104.55,776986679.5856144
104.56999999999998,760681091.3770745
104.58999999999999,737957999.9796616
104.61,763124858.7858119
104.62999999999998,742286916.5470009
104.64999999999999,800814274.3286644
104.67,812270172.3470222
104.68999999999998,789995191.2176412
104.71,787841109.8290229
104.72999999999998,756117061.4207754
104.74999999999999,777815069.1845199
104.77,770320992.3671149
104.78999999999998,765683169.9544743
104.80999999999999,785561800.9557126
104.83,820656889.5781041
104.84999999999998,773608666.0316265
104.86999999999999,758644595.6216613
104.89,749657172.2096113
104.90999999999998,783917353.3796415
104.92999999999999,744898904.2352948
104.94999999999997,810337192.0187045
104.96999999999998,763387490.8604265
104.99,726923558.0169984
105.00999999999998,746017275.5992867
105.02999999999999,777519164.5195211
105.05,758760063.2578183
105.06999999999998,780222076.007048
105.08999999999999,757961105.509528
105.11,745150350.0182923
105.12999999999998,755330391.4808103
105.14999999999999,750843295.5125777
105.17,767397288.3380463
105.18999999999998,769918286.2471308
105.21,784309720.5830429
105.22999999999998,801343740.0363793
105.24999999999999,788715216.5827063
105.27,770376972.1893529
105.28999999999998,794025730.6326898
105.30999999999999,776185458.8737979
105.33,759901070.7700142
105.34999999999998,774479051.6016564
105.36999999999999,787614394.9507114
105.39,728181123.1197082
105.40999999999998,761624816.1761621
105.42999999999999,746725342.625584
105.44999999999997,777001674.8865316
105.46999999999998,787647687.2842495
105.49,771935298.8803836
105.50999999999998,803924502.6955838
105.52999999999999,762182919.7892447
105.55,754478997.4082819
105.56999999999998,752955618.6181155
105.58999999999999,764939222.4913893
105.61,765833784.5622307
105.62999999999998,762704582.5894424
105.64999999999999,786683270.2009279
105.67,786764972.0665368
105.68999999999998,795907156.0476228
105.71,763428717.4679794
105.72999999999998,748134991.2564188
105.74999999999999,783605038.1057185
105.77,799310124.4567419
105.78999999999998,761947684.6908126
105.80999999999999,759853578.7560822
105.83,774150682.9742452
105.84999999999998,815206700.0907552
105.86999999999999,755447673.8199266
105.89,743608232.8615987
105.90999999999998,772881576.0946698
105.92999999999999,777267271.1029745
105.94999999999997,731694201.7556773
105.96999999999998,725846239.1723373
105.99,748314890.9699081
106.00999999999998,770042346.2529896
106.02999999999999,783665276.9294324
106.05,758007036.4917749
106.06999999999998,730271524.4134912
106.08999999999999,761904818.0022336
106.11,744888108.3920783
106.12999999999998,777459418.2935728
106.14999999999999,795540326.6282325
106.17,773906705.0683014
106.18999999999998,781053332.2221518
106.21,789725459.1024579
106.22999999999998,777659427.6100823
106.24999999999999,765736960.0012363
106.27,748134470.4810115
106.28999999999998,743726319.5657867
106.30999999999999,746564304.186661
106.33,757197785.9280704
106.34999999999998,767433989.2173405
106.36999999999999,784652864.0692875
106.39,759619081.6595187
106.40999999999998,744105615.7422922
106.42999999999999,755440362.9207969
106.44999999999997,717485008.1610851
106.46999999999998,727017056.265287
106.49,814664314.845951
106.50999999999998,777399830.4767286
106.52999999999999,765581062.0014935
106.55,781424651.9774054
106.56999999999998,773173484.5907
106.58999999999999,788937315.7019076
106.61,760397238.5797075
106.62999999999998,736448040.078615
106.64999999999999,743868139.6417421
106.67,764859732.9013783
106.68999999999998,748552822.9832789
106.71,743703810.2263795
106.72999999999998,737551548.1988994
106.74999999999999,726743878.280155
106.77,750770932.5149896
106.78999999999998,753497058.8020765
106.80999999999999,712120927.6841464
106.83,741091498.6804307
106.84999999999998,779234389.1096568
106.86999999999999,750259894.6873869
106.89,746358102.9800283
106.90999999999998,777377511.9126089
106.92999999999999,732952627.4571607
106.94999999999997,735391190.0820521
106.96999999999998,775267765.5065665
106.99,775797473.5703278
107.00999999999998,771179829.7666867
107.02999999999999,764714865.6696613
107.05,753352762.9192966
107.06999999999998,725190585.2380682
107.08999999999999,773116597.1348002
107.11,762108734.5873227
107.12999999999998,736488930.9619949
107.14999999999999,732145646.6239849
107.17,757327443.628794
107.18999999999998,769488193.839416
107.21,732230737.6427118
107.22999999999998,739377436.5903766
107.24999999999999,774489282.9967649
107.27,731234777.4525039
107.28999999999998,711753982.1156379
107.30999999999999,735109388.0568228
107.33,823736165.3465649
107.34999999999998,783578178.7870666
107.36999999999999,758649704.424275
107.39,775607588.6096276
107.40999999999998,742267162.2170864
107.42999999999999,734789947.2369294
107.44999999999997,752971035.1838355
107.46999999999998,751234131.1680949
107.49,759212643.7064093
107.50999999999998,781627690.3211976
107.52999999999999,791644029.8642738
107.55,789622084.3083292
107.56999999999998,728686240.9229977
107.58999999999999,751551663.7811085
107.61,742632994.5380732
107.62999999999998,785201580.960381
107.64999999999999,737632080.3852609
107.67,734157823.2707598
107.68999999999998,734455582.966975
107.71,772873166.0306969
107.72999999999998,738671565.1609508
107.74999999999999,781857034.0449536
107.77,777547301.6443366
107.78999999999998,752799617.3976921
107.80999999999999,721308179.3562942
107.83,765586674.0741343
107.84999999999998,749333163.3388329
107.86999999999999,766262486.2352265
107.89,760167882.7589656
107.90999999999998,787080991.7574736
107.92999999999999,754755212.5243258
107.94999999999997,780924854.058235
107.96999999999998,783859052.6423349
107.99,721213167.2135271
108.00999999999998,734860453.8701417
108.02999999999999,762836518.9760859
108.05,746848837.2494099
108.06999999999998,745378450.6717156
108.08999999999999,757999891.6252195
108.11,752918787.6055609
108.12999999999998,779469997.3982166
108.14999999999999,776607198.7523524
108.17,767433155.7705708
108.18999999999998,782728064.7591558
108.21,781474462.0102428
108.22999999999998,767063914.1680719
108.24999999999999,759317357.4175065
108.27,752358702.2708385
108.28999999999998,779817503.7997103
108.30999999999999,755041935.8314948
108.33,749436568.3223311
108.34999999999998,777082449.774703
108.36999999999999,727944183.6687833
108.39,709170828.6168735
108.40999999999998,718476226.0270594
108.42999999999999,773873418.9036708
108.44999999999997,702977378.853263
108.46999999999998,744488745.7805604
108.49,757420296.9372501
108.50999999999998,773453159.9726578
108.52999999999999,727582752.8397688
108.55,735132001.8410047
108.56999999999998,769857438.539825
108.58999999999999,738419498.8420331
108.61,766987568.3016312
108.62999999999998,744868570.8531512
108.64999999999999,739468976.664709
108.67,763133160.6654699
108.68999999999998,781396926.9418098
108.71,789876729.7028575
108.72999999999998,802626728.789484
108.74999999999999,738314024.9840579
108.77,735287666.783827
108.78999999999998,777167696.150752
108.80999999999999,784052011.0380118
108.83,758684924.6379828
108.84999999999998,748988528.6788739
108.86999999999999,758281300.8842499
108.89,765662624.0257924
108.90999999999998,743980221.9876052
108.92999999999999,736183245.604592
108.94999999999997,767620256.6669998
108.96999999999998,780124690.7293338
108.99,787279005.9943801
109.00999999999998,800934119.5164729
109.02999999999999,779219791.8857622
109.05,777773623.8809065
109.06999999999998,716809155.4631445
109.08999999999999,779475207.8067379
109.11,775635576.9651997
109.12999999999998,756717151.2788543
109.14999999999999,736028469.0050848
109.16999999999997,754465643.0691198
109.18999999999998,740255085.8749479
109.21,744192592.0708907
109.22999999999998,722049036.3941891
109.24999999999999,711908021.2116796
109.27,734480818.2099843
109.28999999999998,732503733.7978464
109.30999999999999,719738416.3236814
109.33,713724753.5028112
109.34999999999998,727655186.3124139
109.36999999999999,791484239.520629
109.39,750645936.885061
109.40999999999998,755435353.3449073
109.42999999999999,734772674.3148171
109.44999999999997,719169978.3827071
109.46999999999998,756168163.1942227
109.49,767369676.0068519
109.50999999999998,777271653.8704312
109.52999999999999,741229279.2691294
109.55,700584350.5742321
109.56999999999998,744986347.5117742
109.58999999999999,771870814.1768738
109.61,757674906.4541717
109.62999999999998,701016055.3844808
109.64999999999999,729162276.1987442
109.66999999999997,762528916.6179283
109.68999999999998,759935189.3876756
109.71,773059630.6181468
109.72999999999998,767510091.64462
109.74999999999999,759665983.1974176
109.77,738941582.0789664
109.78999999999998,736096698.809776
109.80999999999999,710231095.7655042
109.83,741180926.4518863
109.84999999999998,705599827.3505335
109.86999999999999,753376272.3318304
109.89,714373190.1693305
109.90999999999998,740031915.8669076
109.92999999999999,740222791.1203359
109.94999999999997,783416476.5427167
109.96999999999998,748101071.9783375
109.99,767422624.4821323
110.00999999999998,758654935.1495835
110.02999999999999,746597580.9014189
110.05,701353322.2526716
110.06999999999998,776860490.3710854
110.08999999999999,777809880.9393445
110.11,743042329.7981287
110.12999999999998,697820832.2104442
110.14999999999999,750850468.6869987
110.16999999999997,725642526.2048019
110.18999999999998,717312770.9872926
110.21,766925670.620507
110.22999999999998,744421637.1061156
110.24999999999999,775967437.3824298
110.27,781599628.152116
110.28999999999998,736120247.4476404
110.30999999999999,712814963.3567936
110.33,717646998.079327
110.34999999999998,776174750.730268
110.36999999999999,769051589.7981727
110.39,749188203.9335059
110.40999999999998,803692364.0360856
110.42999999999999,740486334.5262887
110.44999999999997,753972009.3074241
110.46999999999998,768231306.722723
110.49,738644625.0779774
110.50999999999998,738593192.960305
110.52999999999999,732064153.2270542
110.55,711679921.1050065
110.56999999999998,728878413.6694152
110.58999999999999,704803277.3045748
110.61,738612054.8234192
110.62999999999998,702302586.7860376
110.64999999999999,735303080.9606326
110.66999999999997,737255756.3991355
110.68999999999998,720391235.5534387
110.71,740856371.3038362
110.72999999999998,759286803.8008589
110.74999999999999,743802112.5546978
110.77,728174931.4646345
110.78999999999998,715006250.0367876
110.80999999999999,755519710.5934018
110.83,763465428.7003307
110.84999999999998,724375567.4318157
110.86999999999999,742939826.5565791
110.89,746593398.4567696
110.90999999999998,753872412.3489013
110.92999999999999,761063482.6349577
110.94999999999997,756008549.9504
110.96999999999998,720652936.8773273
110.99,731049187.9907589
111.00999999999998,697804091.0296597
111.02999999999999,723710514.3360325
111.05,721017711.0741484
111.06999999999998,727411760.4528606
111.08999999999999,740230134.5854956
111.11,790905090.3108487
111.12999999999998,745403438.0149266
111.14999999999999,748518419.1315758
111.16999999999997,761638045.0265799
111.18999999999998,739171059.9388384
111.21,725750797.0646758
111.22999999999998,723595665.0339878
111.24999999999999,729775772.3623772
111.27,714165652.9254762
111.28999999999998,696803325.4232333
111.30999999999999,744019227.0200295
111.33,755071467.0411345
111.34999999999998,741551599.9079851
111.36999999999999,719433453.1508228
111.39,740045210.3747263
111.40999999999998,745427533.4412127
111.42999999999999,710727791.6073503
111.44999999999997,702650554.0061778
111.46999999999998,753892204.0745674
111.49,737155484.0480804
111.50999999999998,742313501.2436768
111.52999999999999,718840735.8461999
111.55,759825158.3404226
111.56999999999998,770076796.9654694
111.58999999999999,751743800.6226417
111.61,754283177.2906612
111.62999999999998,728862495.476142
111.64999999999999,734975138.9817914
111.66999999999997,727050648.7253832
111.68999999999998,746311201.4790579
111.71,768136742.6672226
111.72999999999998,749254827.962703
111.74999999999999,700843426.4426583
111.77,710128147.0149044
111.78999999999998,753994927.1904864
111.80999999999999,747585016.7014924
111.83,735789143.6799536
111.84999999999998,735107529.094061
111.86999999999999,718664776.4733306
111.89,702821546.1858658
111.90999999999998,715714639.5410081
111.92999999999999,750060333.7345797
111.94999999999997,735780941.0665028
111.96999999999998,701531885.1350548
111.99,735085859.6112349
112.00999999999998,737864946.7859126
112.02999999999999,761837804.3831497
112.05,709165119.8846661
112.06999999999998,708909661.835755
112.08999999999999,739666935.6720221
112.11,674436249.3359007
112.12999999999998,713453513.1140426
112.14999999999999,776007828.0114242
112.16999999999997,754581868.6144943
112.18999999999998,742030226.2431979
112.21,679214634.1888492
112.22999999999998,746785266.1756817
112.24999999999999,738982183.1692042
112.27,738834731.326595
112.28999999999998,700475618.3516243
112.30999999999999,693462191.5214211
112.33,740804594.3323491
112.34999999999998,767116161.4421753
112.36999999999999,749273080.1949241
112.39,729555608.5648984
112.40999999999998,689419135.831791
112.42999999999999,730660612.1805075
112.44999999999997,753973489.181176
112.46999999999998,704724375.9967724
112.49,733491554.8089601
112.50999999999998,745472707.1069639
112.52999999999999,712110182.2761718
112.55,690380556.1087856
112.56999999999998,702856797.8161348
112.58999999999999,680171071.0262377
112.61,693876776.5073199
112.62999999999998,752537821.4684263
112.64999999999999,727316550.2607516
112.66999999999997,745391284.8219243
112.68999999999998,769251488.3937589
112.71,725871819.2672284
112.72999999999998,721500119.1230518
112.74999999999999,739974031.0713693
112.77,759860129.7225573
112.78999999999998,735393990.1777763
112.80999999999999,739424949.9387686
112.83,726772398.6232721
112.84999999999998,739550675.738731
112.86999999999999,741056930.6676595
112.89,710254583.8309883
112.90999999999998,748272895.8882099
112.92999999999999,776260458.0309787
112.94999999999997,750823469.2360543
112.96999999999998,719376121.5556309
112.99,717928118.5906401
113.00999999999998,769646789.7997878
113.02999999999999,778810751.1684642
113.05,748219964.5324876
113.06999999999998,738368571.1164664
113.08999999999999,695500303.3489436
113.11,739434171.6722752
113.12999999999998,754178349.5927122
113.14999999999999,724059932.5576378
113.16999999999997,738901417.1336335
113.18999999999998,728502770.3266586
113.21,742305746.2632037
113.22999999999998,745223873.5176721
113.24999999999999,717898993.1908182
113.27,696829335.8277146
113.28999999999998,686936890.3425639
113.30999999999999,727005451.237393
113.33,709719870.017895
113.34999999999998,711046645.1946572
113.36999999999999,725147266.9492909
113.39,724716993.8082047
113.40999999999998,718401406.6432486
113.42999999999999,720506978.549735
113.44999999999997,765754022.177367
113.46999999999998,757010753.2254927
113.49,764295331.1250086
113.50999999999998,761687319.6231236
113.52999999999999,775506785.7964028
113.55,759746301.5989418
113.56999999999998,756261015.4975773
113.58999999999999,761691360.3599557
113.61,762849619.106169
113.62999999999998,746497331.886818
113.64999999999999,733041929.2191067
113.66999999999997,767206986.4226538
113.68999999999998,753173839.4147334
113.71,728813671.667373
113.72999999999998,705480424.040337
113.74999999999999,732995081.4768702
113.77,747202168.8350198
113.78999999999998,729956565.638064
113.80999999999999,725741555.9608325
113.83,754940810.8473942
113.84999999999998,745649564.1379861
113.86999999999999,694981886.2397314
113.89,689543945.7993021
113.90999999999998,729731654.56986
113.92999999999999,734348687.5334297
113.94999999999997,750030086.2872483
113.96999999999998,720783991.935434
113.99,724710801.8149663
114.00999999999998,749452815.4324521
114.02999999999999,680596510.7385207
114.05,739156831.2758594
114.06999999999998,746499257.7181406
114.08999999999999,734208556.8762034
114.11,742402193.8363725
114.12999999999998,753269686.2091798
114.14999999999999,711853273.7618393
114.16999999999997,741943081.8100156
114.18999999999998,766702242.5623451
114.21,711044755.4665644
114.22999999999998,713972934.51678
114.24999999999999,703682202.1627866
114.27,697234693.9275702
114.28999999999998,716324634.0527415
114.30999999999999,737534268.2599894
114.33,733053678.7701313
114.34999999999998,734758969.0929312
114.36999999999999,689464778.736862
114.39,711763731.1782259
114.40999999999998,763136278.6634673
114.42999999999999,742049207.2856001
114.44999999999997,729230717.2509979
114.46999999999998,721866403.8505223
114.49,746571632.7607305
114.50999999999998,730535070.6995335
114.52999999999999,739985267.7094187
114.55,760025160.1402832
114.56999999999998,725682986.4101741
114.58999999999999,754568696.8928747
114.61,759602058.8071722
114.62999999999998,747233545.3748205
114.64999999999999,750000563.7728384
114.66999999999997,758713048.2407519
114.68999999999998,738333760.8328896
114.71,783658647.0169424
114.72999999999998,730542210.1801671
114.74999999999999,787368239.5453893
114.77,774797247.5726081
114.78999999999998,749096841.6454842
114.80999999999999,748793520.0381026
114.83,765515550.9050142
114.84999999999998,782985073.0072448
114.86999999999999,809805706.7307017
114.89,782749173.0278997
114.90999999999998,785096450.8301976
114.92999999999999,776623071.8178883
114.94999999999997,797159646.8017116
114.96999999999998,763393805.0173986
114.99,822816636.0749059
115.00999999999998,772981935.2589495
115.02999999999999,793037949.896913
115.05,819128847.6302805
115.06999999999998,844121932.9157012
115.08999999999999,798570633.6446377
115.11,836608351.9345926
115.12999999999998,832896652.6596987
115.14999999999999,825385806.5623454
115.16999999999997,862193761.7451274
115.18999999999998,823964846.4917947
115.21,824682359.3423609
115.22999999999998,785854967.0861646
115.24999999999999,832841260.9995532
115.27,871861688.4210669
115.28999999999998,887437125.6677969
115.30999999999999,871752507.7445247
115.33,884590406.7751276
115.34999999999998,919983513.516972
115.36999999999999,947034252.6901336
115.39,918958361.8683016
115.40999999999998,897150238.3168246
115.42999999999999,991236456.9101052
115.44999999999997,960735265.1324538
115.46999999999998,909625048.6902721
115.49,981037839.3235911
115.50999999999998,994256913.4673662
115.52999999999999,1007636171.2179981
115.55,1056009944.6439362
115.56999999999998,1017229902.6868805
115.58999999999999,1064785576.7102336
115.61,1141271197.0778246
115.62999999999998,1090705838.8778691
115.64999999999999,1151207420.6559262
115.66999999999997,1160177256.0860069
115.68999999999998,1138842985.7856648
115.71,1201879398.7964408
115.72999999999998,1232468820.9653397
115.74999999999999,1262280472.4325497
115.77,1253023163.087874
115.78999999999998,1311291466.6959982
115.80999999999999,1299868208.2820966
115.83,1402158147.1461132
115.84999999999998,1468837066.5641816
115.86999999999999,1449329486.9691813
115.89,1434709048.4585369
115.90999999999998,1542620890.1417406
115.92999999999999,1596053334.7986314
115.94999999999997,1606972329.7338393
115.96999999999998,1641516304.957462
115.99,1687262864.0894
116.00999999999998,1745451124.7713566
116.02999999999999,1764658918.2295842
116.05,1829501462.7216363
116.06999999999998,1850650389.050245
116.08999999999999,1890151181.8419774
116.11,1958469827.9299088
116.12999999999998,1919026042.7758787
116.14999999999999,1993303525.2654004
116.16999999999997,2111433341.4780228
116.18999999999998,2196971524.885537
116.21,2201223674.1080694
116.22999999999998,2262165755.228987
116.24999999999999,2325425548.550068
116.27,2346166360.075653
116.28999999999998,2370233169.0953856
116.30999999999999,2415470640.2884464
116.33,2386703952.940449
116.34999999999998,2291536995.9011884
116.36999999999999,2350232071.284654
116.38999999999997,2364076397.6916065
116.40999999999998,2407018334.0014653
116.42999999999999,2399374194.9867754
116.44999999999997,2327340787.5249376
116.46999999999998,2379854132.140949
116.49,2391649280.604808
116.50999999999998,2416749044.4537
116.52999999999999,2385825384.10268
116.55,2313888651.328573
116.56999999999998,2423937388.4744515
116.58999999999999,2329961008.3813553
116.61,2281756196.913652
116.62999999999998,2257224952.3768425
116.64999999999999,2244230925.687475
116.66999999999997,2213284956.1857204
116.68999999999998,2280742016.2189393
116.71,2239998685.8271074
116.72999999999998,2157994206.863695
116.74999999999999,2193924155.362123
116.77,2112655278.763091
116.78999999999998,2041192692.4397323
116.80999999999999,2037147857.8955748
116.83,2037410934.2970204
116.84999999999998,2019114208.4579284
116.86999999999999,1928249128.6114752
116.88999999999997,1881211034.3649879
116.90999999999998,1845754897.3979785
116.92999999999999,1810935777.7264218
116.94999999999997,1772595077.6140935
116.96999999999998,1742869110.0412726
116.99,1725449753.2642984
117.00999999999998,1649031299.7511525
117.02999999999999,1665384572.7122087
117.05,1615806139.8087084
117.06999999999998,1612550755.7871778
117.08999999999999,1492988872.3372278
117.11,1473938784.3818517
117.12999999999998,1470952874.7271652
117.14999999999999,1452533330.9207435
117.16999999999997,1443085286.4538476
117.18999999999998,1411452099.468544
117.21,1338340990.3480363
117.22999999999998,1242308868.742924
117.24999999999999,1271597018.207484
117.27,1232256374.353736
117.28999999999998,1228483160.6029716
117.30999999999999,1218870187.1155236
117.33,1221094379.3537066
117.34999999999998,1187423009.2109892
117.36999999999999,1112133492.9743512
117.38999999999997,1082276384.3774736
117.40999999999998,1062456998.2062044
117.42999999999999,1103686549.7888496
117.44999999999997,1043369710.3268751
117.46999999999998,1076960947.1542194
117.49,1029909495.0827798
117.50999999999998,995927249.2358012
117.52999999999999,949090525.6999632
117.55,929594574.5443486
117.56999999999998,944398155.6279609
117.58999999999999,958581184.073302
117.61,926018788.0229169
117.62999999999998,915887197.7649664
117.64999999999999,947132136.5179002
117.66999999999997,894990618.1922466
117.68999999999998,852067555.6381353
117.71,933388608.1770917
117.72999999999998,884538591.9918083
117.74999999999999,839213242.635157
117.77,836977849.1906881
117.78999999999998,839371230.1722022
117.80999999999999,810031600.1294202
117.83,864579539.992063
117.84999999999998,832958312.7359555
117.86999999999999,804740930.9463081
117.88999999999997,836236312.4271879
117.90999999999998,805696727.1950973
117.92999999999999,803385062.0628557
117.94999999999997,811255963.3521901
117.96999999999998,779474895.1446991
117.99,797007048.3503218
118.00999999999998,800501812.9863625
118.02999999999999,766009242.5464919
118.05,735125889.7914994
118.06999999999998,732741657.2460729
118.08999999999999,735376657.3925967
118.11,790612666.7757659
118.12999999999998,763546316.4613304
118.14999999999999,768242806.998153
118.16999999999997,764993572.6510239
118.18999999999998,743176717.9337422
118.21,723255669.9496466
118.22999999999998,761835621.2962235
118.24999999999999,776805632.9370899
118.27,724966517.0454087
118.28999999999998,714979008.6594179
118.30999999999999,733885612.355092
118.33,747603899.4712309
118.34999999999998,720440615.9932487
118.36999999999999,716706353.8192296
118.38999999999997,725854375.4630506
118.40999999999998,744008840.8956769
118.42999999999999,706564399.0134188
118.44999999999997,697465076.1344454
118.46999999999998,705420465.1073955
118.49,704856600.1203974
118.50999999999998,740011983.432934
118.52999999999999,752046965.6151133
118.55,717878978.543582
118.56999999999998,722420523.3040622
118.58999999999999,774735107.7639129
118.61,706350940.9467766
118.62999999999998,698201710.6036389
118.64999999999999,722830756.9175491
118.66999999999997,680366378.627399
118.68999999999998,690055550.1206539
118.71,703854444.3868619
118.72999999999998,699235392.2416472
118.74999999999999,676084306.8243915
118.77,712676568.8695306
118.78999999999998,690468072.0149437
118.80999999999999,712589193.6102585
118.83,688653686.9188997
118.84999999999998,689077582.6159484
118.86999999999999,660316421.782698
118.88999999999997,684990918.8272784
118.90999999999998,669776054.0478768
118.92999999999999,709216612.9672604
118.94999999999997,720373498.9865001
