Two Theta,Summed Intensity
40.53000000000001,1440155835.3255339
40.550000000000004,1470092139.6488035
40.57000000000001,1423575345.8384724
40.59,1424069474.2137074
40.61000000000001,1408694584.2311332
40.63,1467803963.9655602
40.650000000000006,1461943194.1556
40.67,1459848781.6950128
40.690000000000005,1485051680.3592358
40.71000000000001,1401559382.9570112
40.730000000000004,1489801891.0717335
40.75000000000001,1421499404.1601992
40.77,1386059325.9314198
40.790000000000006,1446653582.2778463
40.81,1457162167.0910976
40.830000000000005,1442351944.3775992
40.85,1418739530.7620287
40.870000000000005,1479966959.9821029
40.89000000000001,1437913627.4006898
40.910000000000004,1415663958.3493412
40.93000000000001,1415349681.934724
40.95,1457231275.4040842
40.970000000000006,1458879015.7906785
40.99,1463005509.3508308
41.010000000000005,1412101766.0293689
41.03000000000001,1432375061.529181
41.050000000000004,1457279518.7382548
41.07000000000001,1430598600.8443718
41.09,1449770643.284263
41.11000000000001,1454979780.4263837
41.13,1462582862.2169538
41.150000000000006,1523927293.0126295
41.17,1479687122.903223
41.190000000000005,1422863677.6002004
41.21000000000001,1471842166.3029025
41.230000000000004,1425264036.4339993
41.25000000000001,1414191886.7505734
41.27,1425034786.8187535
41.290000000000006,1462427147.5973983
41.31,1399882274.8108375
41.330000000000005,1442244512.2770197
41.35,1440707980.2483568
41.370000000000005,1426148477.4462864
41.39000000000001,1454229185.4249496
41.410000000000004,1459557217.5210023
41.43000000000001,1395990515.1271677
41.45,1415642850.084379
41.470000000000006,1520915278.1868553
41.49,1469473409.1103644
41.510000000000005,1476951133.7792654
41.53000000000001,1386626741.453314
41.550000000000004,1422335192.7456114
41.57000000000001,1397747910.955159
41.59,1485194593.8560803
41.61000000000001,1531879927.4912572
41.63,1485188713.998001
41.650000000000006,1448471640.9879317
41.67,1414382279.5550036
41.690000000000005,1437785116.1969314
41.71000000000001,1462188269.41388
41.730000000000004,1491314725.7548552
41.75000000000001,1425246831.6651037
41.77,1450557092.9842868
41.790000000000006,1427434371.4428873
41.81,1441523472.1609547
41.830000000000005,1417968292.5289865
41.85,1438265875.0629275
41.870000000000005,1409956259.6690698
41.89000000000001,1465767670.710587
41.910000000000004,1479988940.8068237
41.93000000000001,1497078971.7438433
41.95,1489055027.2508128
41.970000000000006,1471105935.583137
41.99,1425254128.1901615
42.010000000000005,1471629298.4535544
42.03000000000001,1420570702.6451259
42.050000000000004,1408959470.4915183
42.07000000000001,1408834722.3476467
42.09,1502892764.989684
42.11000000000001,1440703013.3137808
42.13,1434682138.0405
42.150000000000006,1489273480.8480651
42.17,1474571602.9248517
42.190000000000005,1454905370.87502
42.21000000000001,1481977291.6175215
42.230000000000004,1416818131.6870213
42.25000000000001,1396375388.8471289
42.27,1457101436.3921165
42.290000000000006,1475779298.162823
42.31,1500782781.234215
42.330000000000005,1501991952.373868
42.35,1518427926.0079737
42.370000000000005,1435005139.1325948
42.39000000000001,1495315987.7742887
42.410000000000004,1457960520.9467168
42.43000000000001,1430588614.4218285
42.45,1478381232.3911314
42.470000000000006,1484865690.9566882
42.49,1508490096.8968875
42.510000000000005,1538576065.391831
42.53000000000001,1523538553.1533182
42.550000000000004,1502037709.8362672
42.57000000000001,1498859637.520595
42.59,1524643636.2854834
42.61000000000001,1500338065.0669289
42.63,1521454905.9396012
42.650000000000006,1520620506.9907544
42.67,1544685181.3454027
42.690000000000005,1542102043.9833138
42.71000000000001,1542268639.5372417
42.730000000000004,1511212168.7102413
42.75000000000001,1525316963.2794561
42.77,1522893668.0079374
42.790000000000006,1569071900.59992
42.81,1500797982.0294032
42.830000000000005,1589292669.6475322
42.85,1563349220.7472339
42.870000000000005,1549896542.867435
42.89000000000001,1575105676.9887602
42.910000000000004,1572827490.02866
42.93000000000001,1574320869.359667
42.95,1563324048.1116605
42.970000000000006,1575330506.580824
42.99,1590320930.92887
43.010000000000005,1585390306.5655165
43.03000000000001,1582762294.9580536
43.050000000000004,1550957242.2453115
43.07000000000001,1598783142.9671478
43.09,1650166557.8263452
43.11000000000001,1672033624.6303995
43.13,1735464608.53718
43.150000000000006,1728452317.2267485
43.17,1757181466.32846
43.190000000000005,1839729524.557401
43.21,1861896981.2050323
43.230000000000004,1962097701.1520133
43.25000000000001,1931642057.479249
43.27,2048319088.8020499
43.290000000000006,2154610059.1529016
43.31,2192181167.1749554
43.330000000000005,2284450860.440783
43.35,2485325214.318867
43.370000000000005,2570367384.2610984
43.39000000000001,2729935374.3004365
43.410000000000004,2790923863.268397
43.43000000000001,2905156827.7554607
43.45,3062637831.7066555
43.470000000000006,3045212658.429466
43.49,3180241029.7474265
43.510000000000005,3158084218.4469075
43.53000000000001,3186528926.0411263
43.550000000000004,3088443174.654866
43.57000000000001,2982966581.676841
43.59,2933698196.6918406
43.61000000000001,2787630381.0343237
43.63,2742316020.393661
43.650000000000006,2660841287.181083
43.67,2414715459.264986
43.690000000000005,2394193492.4710026
43.71,2303998633.081966
43.730000000000004,2272366133.6720033
43.75000000000001,2172577556.3311057
43.77,2023725955.7086298
43.790000000000006,2031053012.0556908
43.81,2048103807.5161
43.830000000000005,1987076744.213667
43.85,1958078963.0439463
43.870000000000005,1935313839.7416322
43.89000000000001,1841094347.3577988
43.910000000000004,1922165981.6306121
43.93000000000001,1945792933.983662
43.95,1981507435.9935079
43.970000000000006,1922466276.8636065
43.99,1932352528.9978096
44.010000000000005,1923514174.4709945
44.03000000000001,1965378018.0869644
44.050000000000004,2005412252.331295
44.07000000000001,2031969478.279717
44.09,2019246592.8485315
44.11000000000001,2010908682.878058
44.13,2065068727.5748963
44.150000000000006,2158218465.0344553
44.17,2276879909.2845306
44.190000000000005,2257705512.0041533
44.21,2352500528.476381
44.230000000000004,2463097691.7373013
44.25000000000001,2570249465.1747155
44.27,2648194636.1617584
44.290000000000006,2780850787.289399
44.31,2975339390.769362
44.330000000000005,3266546354.739822
44.35,3544512116.4951267
44.370000000000005,4011696084.3063183
44.39000000000001,4479515707.404424
44.410000000000004,5132066858.523029
44.43000000000001,6096794795.871525
44.45,7331646648.841193
44.470000000000006,8786997169.551756
44.49,10865985239.710339
44.510000000000005,13176597300.661411
44.53000000000001,15893302198.486116
44.550000000000004,18933320550.7114
44.57000000000001,21978511592.26128
44.59,25304833851.851254
44.61000000000001,28107780290.164707
44.63,30216365266.79235
44.650000000000006,32022779990.39202
44.67,32878513678.290874
44.690000000000005,33280840202.845818
44.71,32524845609.427036
44.730000000000004,31548809933.621952
44.75000000000001,29435165847.27218
44.77,27332319651.224087
44.790000000000006,24266703009.004448
44.81,21582538045.957836
44.830000000000005,18842138232.21731
44.85,16382182030.653225
44.870000000000005,13825034329.174019
44.89000000000001,11618831061.603039
44.910000000000004,9535411461.971985
44.93000000000001,8021340514.010473
44.95,6570112339.806585
44.970000000000006,5406000583.097414
44.99,4633728054.922573
45.010000000000005,3925380710.466983
45.03000000000001,3435670473.5937014
45.050000000000004,3081786662.359245
45.07000000000001,2767954714.3652725
45.09,2553652990.3213334
45.11000000000001,2410308400.503474
45.13,2331592725.2864327
45.150000000000006,2169181224.190526
45.17,2079035832.2115538
45.190000000000005,2008315171.0533319
45.21,1868923317.1787322
45.230000000000004,1901006079.2970812
45.25000000000001,1815930844.9268343
45.27,1783426779.444988
45.290000000000006,1745189108.8426287
45.31,1755554311.9347029
45.330000000000005,1727816206.8631737
45.35,1658870227.0310369
45.370000000000005,1675950069.7915602
45.39000000000001,1642171070.0275967
45.410000000000004,1639386530.1850212
45.43000000000001,1618633057.090778
45.45,1558304635.2460606
45.470000000000006,1589735291.424672
45.49,1540992750.9193883
45.510000000000005,1489171480.7357225
45.53000000000001,1516213087.504948
45.550000000000004,1531170502.5117338
45.57,1560463293.647786
45.59,1506839616.2782264
45.61000000000001,1457556969.6067462
45.63,1402182116.9114563
45.650000000000006,1480624679.3212526
45.67,1444061847.3348277
45.690000000000005,1430266347.7736063
45.71,1477548329.3092172
45.730000000000004,1474504788.1849413
45.75000000000001,1425409905.0498059
45.77,1418907340.872465
45.790000000000006,1421030924.4833062
45.81,1471741946.1484027
45.830000000000005,1430186772.60178
45.85,1451210349.2321994
45.870000000000005,1396069795.569779
45.89000000000001,1426521034.6992812
45.910000000000004,1444749285.5306408
45.93000000000001,1381858480.297069
45.95,1438513552.3380694
45.970000000000006,1387345719.9510362
45.99,1390255933.4518144
46.010000000000005,1392550106.8442328
46.03,1388770874.9629192
46.050000000000004,1324616394.633162
46.07,1358346283.9831805
46.09,1379637822.469291
46.11000000000001,1361859152.0741503
46.13,1324379022.1122837
46.150000000000006,1371452978.5896509
46.17,1430660288.1771615
46.190000000000005,1395324854.2474809
46.21,1411023835.1206083
46.230000000000004,1368119935.7357428
46.25000000000001,1362843966.08904
46.27,1369236166.7766268
46.290000000000006,1340633869.676898
46.31,1369948570.8099341
46.330000000000005,1356838383.279222
46.35,1356577795.6504362
46.370000000000005,1354374407.1448216
46.39000000000001,1325098765.1627948
46.410000000000004,1342447124.207972
46.43000000000001,1393771743.4477282
46.45,1335768185.4324467
46.470000000000006,1337672723.2408602
46.49,1322238788.1488183
46.510000000000005,1333091830.601945
46.53,1334052116.5317938
46.550000000000004,1289847627.4112654
46.57,1340845133.7449892
46.59,1347536962.4745731
46.61000000000001,1328485891.2592845
46.63,1328381751.152616
46.650000000000006,1317083244.3860242
46.67,1278343858.5431
46.690000000000005,1339184811.3099988
46.71,1335836639.889328
46.730000000000004,1347567117.5903106
46.75000000000001,1266397471.4539552
46.77,1304034952.7395709
46.790000000000006,1324465956.9458346
46.81,1395226263.8904228
46.830000000000005,1344822724.5332053
46.85,1304032011.592961
46.870000000000005,1326083629.2981074
46.89000000000001,1263612626.5359771
46.910000000000004,1316393030.3824658
46.93000000000001,1275348211.3106089
46.95,1279977735.0881286
46.970000000000006,1292138565.6156855
46.99,1284331450.5271156
47.010000000000005,1292300816.1902046
47.03,1317983458.3319376
47.050000000000004,1333825686.0370665
47.07,1327362399.7149947
47.09,1305449919.072729
47.11000000000001,1293392422.7158086
47.13,1254847838.0234263
47.150000000000006,1352119080.9283302
47.17,1356223217.4767182
47.190000000000005,1257121405.4841537
47.21,1308763683.7342794
47.230000000000004,1317140001.1246877
47.25000000000001,1299732645.5377858
47.27,1266583658.8276217
47.290000000000006,1276084576.474905
47.31,1287983458.7386937
47.330000000000005,1308843365.3386855
47.35,1298215447.8887153
47.370000000000005,1301972554.0698478
47.39000000000001,1348702628.5388458
47.410000000000004,1261963876.3545847
47.43000000000001,1349620324.239442
47.45,1352035002.3715909
47.470000000000006,1363726694.6168716
47.49,1267100664.7791445
47.510000000000005,1294649226.247566
47.53,1302563403.0482752
47.550000000000004,1296541627.3276594
47.57,1349361479.5539627
47.59,1348276877.6295855
47.61000000000001,1298923615.7205203
47.63,1351715581.9520822
47.650000000000006,1275367873.379709
47.67,1271924678.2833374
47.690000000000005,1310913380.7315962
47.71,1260448252.1637409
47.730000000000004,1282540204.2167768
47.75000000000001,1271831698.9806592
47.77,1277567339.1293747
47.790000000000006,1313244909.4358292
47.81,1305261039.6273098
47.830000000000005,1309281702.0044756
47.85,1319892633.2767212
47.870000000000005,1257732884.7072778
47.89000000000001,1259229645.7573144
47.910000000000004,1310727193.1303644
47.93000000000001,1288486187.7658222
47.95,1249247190.5696068
47.970000000000006,1182714466.4761426
47.99,1217913960.9172978
48.010000000000005,1241349042.4767783
48.03000000000001,1284746198.456607
48.050000000000004,1310411438.5160782
48.07,1307741992.450216
48.09,1277254409.821734
48.11000000000001,1240723424.2678638
48.13,1265009871.3347957
48.150000000000006,1294864047.3190048
48.17,1255590871.677208
48.190000000000005,1258827149.4579086
48.21,1256941554.6252377
48.230000000000004,1305668113.3415508
48.25000000000001,1318970590.36852
48.27,1305706983.5579135
48.290000000000006,1301471400.7533941
48.31,1259803690.3869178
48.330000000000005,1300615891.6766179
48.35,1326812638.5305667
48.370000000000005,1266979368.8086963
48.39000000000001,1303716577.5070307
48.410000000000004,1271434448.512715
48.43,1302067760.1244116
48.45,1269259095.3132222
48.470000000000006,1269703633.7386887
48.49,1309538740.1099274
48.510000000000005,1246352826.5011785
48.53000000000001,1262326274.71273
48.550000000000004,1284398655.3026547
48.57,1272735775.6626158
48.59,1289557020.51638
48.61000000000001,1239119777.1355193
48.63,1241360709.8199155
48.650000000000006,1299622881.5513492
48.67,1304706025.4750006
48.690000000000005,1311348795.2682872
48.71,1261883302.3020306
48.730000000000004,1261601848.9294395
48.75000000000001,1255006802.7057629
48.77,1267660550.8294134
48.790000000000006,1289806632.226859
48.81,1268407273.9206412
48.830000000000005,1273596429.504831
48.85,1243162632.4850488
48.870000000000005,1238002614.840365
48.89000000000001,1298793179.690498
48.910000000000004,1254954069.1437938
48.93,1318649435.2717733
48.95,1251632763.4305146
48.970000000000006,1221786354.0759323
48.99,1216982344.4735546
49.010000000000005,1253643556.6117606
49.03,1233604988.4556897
49.050000000000004,1208300471.4235694
49.07,1240601199.0738187
49.09,1283931525.1613524
49.11000000000001,1298910547.8107135
49.13,1238408767.1978648
49.150000000000006,1222128742.1460652
49.17,1233808222.3715925
49.190000000000005,1198337571.4679117
49.21,1192928624.4292603
49.230000000000004,1238895684.9540493
49.25000000000001,1202032676.056945
49.27,1233996573.7104785
49.290000000000006,1282075324.567257
49.31,1240386291.7113588
49.330000000000005,1239316314.2698982
49.35,1233464631.6513016
49.370000000000005,1245388611.4110384
49.39000000000001,1266106132.3717823
49.410000000000004,1288271450.224349
49.43,1266412840.0526962
49.45,1261671323.5825336
49.470000000000006,1247511696.4297965
49.49,1254650739.9529343
49.510000000000005,1249803232.6482809
49.53,1222184365.8784292
49.550000000000004,1232645606.6068056
49.57,1225569223.2138417
49.59,1309146667.358139
49.61000000000001,1273920514.8221118
49.63,1308245947.6266153
49.650000000000006,1273695876.6204007
49.67,1280937879.1604962
49.690000000000005,1257021536.710483
49.71,1251373878.4777563
49.730000000000004,1209498166.9219415
49.75000000000001,1202970446.1389365
49.77,1234907312.1032996
49.790000000000006,1222680739.5886629
49.81,1246467686.7350726
49.830000000000005,1274157225.9214284
49.85,1230985399.4068017
49.870000000000005,1225903137.5309849
49.89000000000001,1278738091.2038755
49.910000000000004,1194724668.1566463
49.93,1228387386.4902215
49.95,1280196790.617089
49.970000000000006,1239321424.5036724
49.99,1241478506.3395948
50.010000000000005,1295057495.6150258
50.03,1279878534.6089985
50.050000000000004,1256578755.6240184
50.07,1226844416.2505088
50.09,1257774140.7585454
50.11000000000001,1305905218.2067945
50.13,1342764068.7532377
50.150000000000006,1331589648.901114
50.17,1324668177.1605515
50.190000000000005,1332373229.1662862
50.21,1370694197.1060135
50.230000000000004,1356749021.0261497
50.25000000000001,1322656614.7720423
50.27,1398248473.7134447
50.29,1339645420.0374157
50.31,1373622319.6018286
50.330000000000005,1413879602.217911
50.35,1497588332.4460015
50.370000000000005,1536618193.6400836
50.39000000000001,1497918584.4436514
50.410000000000004,1500652672.5569882
50.43,1578645033.0770516
50.45,1631590906.6538963
50.470000000000006,1663088519.14735
50.49,1681309074.6021006
50.510000000000005,1666131853.3009412
50.53,1772105839.5409317
50.550000000000004,1706319161.1042137
50.57,1723535675.25806
50.59,1819463738.183792
50.61000000000001,1819745119.5740535
50.63,1817042938.4740975
50.650000000000006,1808881906.5702207
50.67,1773798197.5122287
50.690000000000005,1793710488.1660914
50.71,1823102865.9739695
50.730000000000004,1710235348.2073848
50.75000000000001,1687879688.0288122
50.77,1669794380.9304032
50.79,1657135390.2920256
50.81,1605676274.0118506
50.830000000000005,1635485386.5338628
50.85,1588059676.771729
50.870000000000005,1496044888.5054083
50.89000000000001,1477150881.0327487
50.910000000000004,1451211750.4112527
50.93,1428576171.030639
50.95,1352323471.434778
50.970000000000006,1382431668.857463
50.99,1345840973.6699831
51.010000000000005,1324494215.2284713
51.03,1324041010.4193275
51.050000000000004,1293468288.396345
51.07,1305397127.115596
51.09,1287835014.2183888
51.11000000000001,1292649388.0079887
51.13,1290318102.0660074
51.150000000000006,1249078739.943194
51.17,1205840240.0531347
51.190000000000005,1187521944.9520252
51.21,1257198008.9174583
51.230000000000004,1202118338.986124
51.25000000000001,1232239435.7572346
51.27,1233562171.9476972
51.29,1270685535.705686
51.31,1269499464.5964656
51.330000000000005,1266803776.835957
51.35,1255111173.624784
51.370000000000005,1238623151.5472443
51.39000000000001,1237199325.7124755
51.410000000000004,1240854307.4515746
51.43,1202697788.1020021
51.45,1210630354.8022954
51.470000000000006,1196696777.169416
51.49,1192198789.327601
51.510000000000005,1228813468.3966
51.53,1256955720.7453377
51.550000000000004,1236956602.2377377
51.57,1197581577.015569
51.59,1237440686.8238182
51.61000000000001,1175166978.2147675
51.63,1160931360.9305434
51.650000000000006,1194765701.9219081
51.67,1165955802.8252795
51.690000000000005,1188424885.5920286
51.71,1187831136.1987948
51.730000000000004,1150743003.2733986
51.75000000000001,1169506799.5418084
51.77,1201535247.4877913
51.79,1185085001.8667448
51.81,1211733174.6921434
51.830000000000005,1216987681.8490708
51.85,1166875550.4610486
51.870000000000005,1197888756.7508812
51.89000000000001,1220303940.1445787
51.910000000000004,1235987623.1417544
51.93,1208313140.6330519
51.95,1181979337.8360584
51.970000000000006,1152438622.055331
51.99,1138535895.6863163
52.010000000000005,1180620491.1707735
52.03,1170088658.1276135
52.050000000000004,1207267804.0124972
52.07,1213639168.670186
52.09,1204616776.8389304
52.11000000000001,1165364475.499745
52.13,1168845883.6178033
52.150000000000006,1243526702.9883392
52.17,1155047281.8293056
52.190000000000005,1196083668.791581
52.21,1173405442.5316675
52.230000000000004,1146281694.6465447
52.25000000000001,1124266853.5787098
52.27,1147912095.637124
52.29,1205862481.8078587
52.31,1200576209.2449415
52.330000000000005,1182700377.2010193
52.35,1155241828.825793
52.370000000000005,1144039390.5117798
52.39,1154419501.706723
52.410000000000004,1208738222.2968073
52.43,1210792918.0426307
52.45,1200899020.450019
52.470000000000006,1208064079.6025333
52.49,1192822489.1021352
52.510000000000005,1133992332.9465256
52.53,1142642686.5345988
52.550000000000004,1192561880.1111336
52.57,1213875890.5817564
52.59,1197893411.0734925
52.61000000000001,1187096651.2021291
52.63,1155142630.5841012
52.650000000000006,1188194444.9079807
52.67,1203140225.0369694
52.690000000000005,1211352680.5764825
52.71,1133056456.330674
52.730000000000004,1158461677.2930555
52.75000000000001,1151348375.210449
52.77,1137273564.8708591
52.79,1147369500.337628
52.81,1164171006.4679523
52.830000000000005,1121677257.5878437
52.85,1168513455.7545593
52.870000000000005,1136761209.9674993
52.89,1162163366.8661563
52.910000000000004,1208800577.134764
52.93,1159124076.8223708
52.95,1150845934.1714013
52.970000000000006,1190482757.4912913
52.99,1150356899.7433953
53.010000000000005,1175475627.5081987
53.03,1198328804.5223432
53.050000000000004,1096214147.2427003
53.07,1151537354.5942967
53.09,1172176824.786482
53.11000000000001,1150366490.725667
53.13,1171329556.2152157
53.150000000000006,1220110572.6364343
53.17,1191882741.4904723
53.190000000000005,1206623136.2230594
53.21,1170843288.4310691
53.230000000000004,1183320116.5604184
53.25000000000001,1173189390.036038
53.27,1189310550.4712687
53.29,1171560416.2754443
53.31,1147292568.1660645
53.330000000000005,1129322160.7617214
53.35,1159457893.6653292
53.370000000000005,1220619174.6076431
53.39,1193142322.2734208
53.410000000000004,1178912985.3030114
53.43,1186525060.4598975
53.45,1147133349.934792
53.470000000000006,1127830305.299597
53.49,1144429045.197822
53.510000000000005,1154858665.186567
53.53,1100912093.3384123
53.550000000000004,1062168458.1933495
53.57,1076744031.0421908
53.59,1115314881.6921144
53.61000000000001,1131292007.395955
53.63,1125684460.1961555
53.650000000000006,1136618360.5477822
53.67,1185113737.0931008
53.690000000000005,1183652759.7565
53.71,1155149513.3755448
53.730000000000004,1126943984.5719962
53.75000000000001,1185254667.291778
53.77,1141350503.1963775
53.79,1146264298.34203
53.81,1180614019.032655
53.830000000000005,1184500366.5554922
53.85,1141014332.4144838
53.870000000000005,1097327968.5297718
53.89,1152681331.167041
53.910000000000004,1185560810.296465
53.93,1173518064.903052
53.95,1179126418.7386065
53.970000000000006,1121054151.714157
53.99,1099910567.4889374
54.010000000000005,1101588707.88819
54.03,1152909935.5742073
54.050000000000004,1144647461.5887907
54.07,1195685129.5974457
54.09,1164364669.0419765
54.11000000000001,1145024192.5590746
54.13,1110230991.579406
54.15,1194292846.6759412
54.17,1168372661.0073302
54.190000000000005,1128622114.476831
54.21,1102897454.3628857
54.230000000000004,1110459191.924837
54.25000000000001,1122072822.583724
54.27,1149628219.995359
54.29,1187246798.9374406
54.31,1157445721.6489973
54.330000000000005,1152851655.222134
54.35,1164563911.4370255
54.370000000000005,1177709839.4521275
54.39,1130555653.935015
54.410000000000004,1141800642.8293865
54.43,1143243525.3721552
54.45,1138803880.4957232
54.470000000000006,1164202072.7375567
54.49,1174492791.7016265
54.510000000000005,1127203177.0923193
54.53,1126730570.9118412
54.550000000000004,1133078456.6405835
54.57,1142666285.372328
54.59,1110693880.683267
54.61000000000001,1131325308.603012
54.63,1168219670.4523957
54.65,1132114272.538098
54.67,1151535315.791914
54.690000000000005,1139239363.7961147
54.71,1115363688.0081902
54.730000000000004,1106131562.91278
54.75000000000001,1112052320.3755364
54.77,1146909809.6482804
54.79,1149367948.9872935
54.81,1118786818.2154489
54.830000000000005,1123585555.0892184
54.85,1119301704.635753
54.870000000000005,1117202307.930077
54.89,1107249606.4864335
54.910000000000004,1138534963.5019083
54.93,1154585244.8115993
54.95,1134063449.7884896
54.970000000000006,1142791991.163003
54.99,1123801093.9797478
55.010000000000005,1074504026.9555435
55.03,1062437454.8274267
55.050000000000004,1084189917.282442
55.07,1139352193.329246
55.09,1142474502.4328694
55.11000000000001,1143492304.4989138
55.13,1132994202.8457856
55.15,1181163929.875417
55.17,1103216141.6644542
55.190000000000005,1141557489.6591644
55.21,1167283831.9569771
55.230000000000004,1161215824.6714497
55.25000000000001,1159706448.171925
55.27,1129232818.4206924
55.29,1137780415.8060389
55.31,1079060209.8745072
55.330000000000005,1108108702.06105
55.35,1142586042.753348
55.370000000000005,1145960606.1766472
55.39,1131870911.4705918
55.410000000000004,1108715273.5401797
55.43,1135218784.8517122
55.45,1114326267.3112047
55.470000000000006,1091923704.4101732
55.49,1136630609.8321524
55.510000000000005,1134767724.1486945
55.53,1087164189.6335628
55.550000000000004,1115554761.145535
55.57,1148605719.7698605
55.59,1177096239.1101074
55.61000000000001,1096655466.6758318
55.63,1160361770.3677964
55.65,1139099877.8828056
55.67,1053319433.7999498
55.690000000000005,1092723676.7913997
55.71,1079444918.77339
55.730000000000004,1114695893.2019484
55.75000000000001,1096684800.5123222
55.77,1119535292.538312
55.79,1159668501.0107486
55.81,1154255501.8127067
55.830000000000005,1179912066.399284
55.85,1147697553.6547356
55.870000000000005,1066694894.6195561
55.89,1127581259.013175
55.910000000000004,1105302244.1082747
55.93,1102088525.0215101
55.95,1155240535.6183312
55.970000000000006,1130094496.126347
55.99,1110368484.71837
56.010000000000005,1107528096.1092982
56.03,1127729984.3561037
56.050000000000004,1127887491.3534794
56.07,1073423382.2066911
56.09,1152316285.7866042
56.11000000000001,1132722867.6126802
56.13,1115230701.0303879
56.15,1106909881.3964295
56.17,1128414127.2345414
56.190000000000005,1109076906.4900372
56.21,1084427959.2115173
56.230000000000004,1110892598.434094
56.25000000000001,1114993934.6457276
56.27,1105669536.356009
56.29,1107819369.565617
56.31,1123278029.4407218
56.330000000000005,1131352852.603791
56.35,1119328949.9937642
56.37,1118130663.8379574
56.39000000000001,1124430547.7937398
56.410000000000004,1165119760.758499
56.43,1140146798.5692844
56.45,1072162719.5784639
56.470000000000006,1165279775.2978458
56.49,1162432547.7515867
56.51,1184068333.8184154
56.53,1131412837.8896782
56.550000000000004,1132526734.6744654
56.57,1122894804.9631333
56.59,1096721320.2442298
56.61000000000001,1090592934.0930135
56.63,1107231694.7592912
56.65,1104985009.194425
56.67,1130671933.805488
56.690000000000005,1106669709.6261175
56.71,1106290387.514834
56.730000000000004,1123528692.9418821
56.75000000000001,1086380253.8418977
56.77,1140161339.4060466
56.79,1131572295.067643
56.81,1103184972.7040443
56.830000000000005,1111908847.7897537
56.85,1086330334.4201422
56.87,1090342225.6277535
56.89000000000001,1129508574.1149788
56.910000000000004,1090346872.6120079
56.93,1079616052.807783
56.95,1093525371.871187
56.970000000000006,1142585922.4744072
56.99,1119470058.7098145
57.01,1043530864.8570065
57.03,1067555287.093757
57.050000000000004,1068925257.4879818
57.07,1077021706.1088312
57.09,1121109116.4600286
57.11000000000001,1110866989.84666
57.13,1116348268.7139037
57.15,1067720168.6289322
57.17,1079922418.4421246
57.190000000000005,1120614931.477659
57.21,1073306900.2998772
57.230000000000004,1117623000.0465853
57.25000000000001,1075438972.0330577
57.27,1078568516.6334352
57.29,1114392262.7997894
57.31,1097986868.1052687
57.330000000000005,1079943861.0751712
57.35,1104015240.3457587
57.37,1075611813.4214246
57.39000000000001,1105112861.569272
57.410000000000004,1100082818.59481
57.43,1094655715.2426164
57.45,1067217385.5519859
57.470000000000006,1046569754.7978349
57.49,1094833064.2475817
57.51,1126918732.870741
57.53,1121491044.3871863
57.550000000000004,1118871584.8353105
57.57,1145088508.2841585
57.59,1140080099.1224387
57.61000000000001,1129545190.9789224
57.63,1080274393.001448
57.65,1061960251.2387573
57.67,1046116971.0612584
57.690000000000005,1027656135.1590962
57.71,1066335472.838337
57.730000000000004,1069016908.7313149
57.75000000000001,1109704193.9936717
57.77,1103336932.0215893
57.79,1090116898.0113308
57.81,1122352812.5015297
57.830000000000005,1170579980.533491
57.85,1155252521.4279628
57.87,1057632823.161764
57.89000000000001,1114760613.6377592
57.910000000000004,1088534785.9646575
57.93,1137271422.4460406
57.95,1113810735.0804641
57.970000000000006,1097264648.825069
57.99,1143156720.651113
58.01,1108471500.0712013
58.03,1048176490.3461957
58.050000000000004,1073806106.466975
58.07,1102775004.7044158
58.09,1119518490.3470874
58.11000000000001,1085483451.515855
58.13,1086893172.9610465
58.15,1097095823.7215285
58.17,1148139201.816487
58.190000000000005,1092656378.9497197
58.21,1144723777.04662
58.230000000000004,1043973214.0360571
58.25000000000001,1116618516.2355397
58.27,1113439100.831601
58.29,1059693779.4343984
58.31,1082062941.0560927
58.330000000000005,1065605636.2715806
58.35,1087558600.9514396
58.37,1035279456.9794033
58.39,1045182531.7113777
58.410000000000004,1125378929.6752853
58.43,1096217180.693222
58.45,1050372365.4290006
58.470000000000006,1098111721.0240855
58.49,1070125961.1825511
58.51,1121863352.9094446
58.53,1144627614.46105
58.550000000000004,1112695971.337516
58.57,1109963077.8801022
58.59,1096754025.059656
58.61000000000001,1031056444.4609143
58.63,1062677487.1481416
58.65,1071004622.4500087
58.67,1057043754.2018139
58.690000000000005,1085337343.0740306
58.71,1035455485.8379792
58.730000000000004,1086389662.583235
58.75000000000001,1066791271.933165
58.77,1080606122.2904997
58.79,1068679562.4440337
58.81,1060775809.9616294
58.830000000000005,1078776770.283419
58.85,1067416505.9247264
58.87,1066092971.2510562
58.89,1094536855.1770024
58.910000000000004,1106634712.8591893
58.93,1098777127.794139
58.95,1107887569.5533164
58.970000000000006,1118970817.1953986
58.99,1100424340.1778646
59.01,1090199558.8648057
59.03,1098404704.5481596
59.050000000000004,1112935320.4118512
59.07,1073478710.0924734
59.09,1091877384.1730928
59.11000000000001,1086997353.322901
59.13,1106146334.4438324
59.15,1116928960.9646723
59.17,1097699272.379484
59.190000000000005,1062429036.4750484
59.21,1062007640.5836362
59.23,1095077156.6687262
59.25000000000001,1124982677.6190262
59.27,1076750251.998494
59.29,1093737800.0096512
59.31,1059374454.1988991
59.330000000000005,1055099526.9796625
59.35,1080101308.0382006
59.37,1135703855.4203563
59.39,1104560963.7527115
59.410000000000004,1122510474.3236141
59.43,1047793590.4166971
59.45,1082960901.4736433
59.470000000000006,1062999601.016257
59.49,1102594677.810954
59.51,1075173288.0914595
59.53,1079849805.0585332
59.550000000000004,1126954303.2920127
59.57,1105332481.3298407
59.59,1080399597.7454295
59.61000000000001,1079249709.7205882
59.63,1044747426.219507
59.65,1051725988.7397426
59.67,1061289858.0496308
59.690000000000005,1098660490.0963728
59.71,1102483744.4776044
59.73,1074089156.4305837
59.75000000000001,1050037867.0533674
59.77,1062261172.6200504
59.79,1043622438.9816982
59.81,1053802181.3332977
59.830000000000005,1079659134.1496565
59.85,1062895074.5662558
59.87,1088762823.695873
59.89,1029284791.6454226
59.910000000000004,1115803369.4616337
59.93,1123887102.4419835
59.95,1082467122.4930408
59.970000000000006,1067574303.2840707
59.99,1129418169.105231
60.01,1074336962.8740168
60.03,1089145088.0787387
60.050000000000004,1083641501.7670724
60.07,1017369476.0318959
60.09,1045436758.11967
60.11000000000001,1077110844.8623195
60.13,1099037115.4905066
60.15,1072300896.4777945
60.17,1068053727.4252629
60.190000000000005,985434888.0926615
60.21,1035996721.4203211
60.23,1036870158.2323074
60.25000000000001,1057761456.4407697
60.27,1055059030.8104647
60.29,1104713667.6585684
60.31,1069943060.4737115
60.330000000000005,1090099578.4305182
60.35,1047827088.7956344
60.37,1051294939.0047325
60.39,1083560358.98739
60.410000000000004,1061349254.9624659
60.43,1023187738.001015
60.45,1030618475.9976548
60.470000000000006,1065652183.1899188
60.49,1061070474.8013369
60.51,1052334992.9501781
60.53,1061920327.4325974
60.550000000000004,1094093753.4654315
60.57,1083066475.282891
60.59,1059822685.8093095
60.61000000000001,1068583426.3180106
60.63,1033726226.0092933
60.65,1080054653.8723528
60.67,1075038592.8500412
60.690000000000005,1054474512.1730108
60.71,1066424300.5871015
60.73,1074311798.1022959
60.75000000000001,1109571426.1115973
60.77,1083102093.3599124
60.79,1018265287.4809448
60.81,1057209861.6533562
60.830000000000005,1063701798.8663316
60.85,1053055387.0608464
60.87,1102094228.2484815
60.89,1073553956.219924
60.910000000000004,1114323518.3610866
60.93,1069778688.7239401
60.95,1054987725.0440439
60.970000000000006,1109446735.3882303
60.99,1070852005.7243013
61.01,1047017767.9589959
61.03,1066679192.5449128
61.050000000000004,1038588845.5539109
61.07,1033822891.2109995
61.09,1070633147.7784226
61.11000000000001,1030654540.1446568
61.13,1030029970.8828003
61.15,1043067106.7386223
61.17,1080290884.6610668
61.190000000000005,1093819710.9942899
61.21,1082781265.8977597
61.23,1070309796.6200085
61.25000000000001,1067272805.8523113
61.27,1054427081.2042129
61.29,1081664858.2500775
61.31,1072526110.1988399
61.330000000000005,1036412939.8569001
61.35,1045653507.350852
61.37,1085717123.4197338
61.39,1024798750.9585562
61.410000000000004,1058990740.2667891
61.43,1051009103.255949
61.45,1055026752.6891278
61.470000000000006,1059532980.6768692
61.49,1096999166.591899
61.51,1050079526.487318
61.53,1055360625.3408089
61.550000000000004,1055120412.0186207
61.57,1025204974.4732839
61.59,1028522919.6681563
61.61000000000001,1055790439.5145701
61.63,998027852.0736969
61.65,1044023134.9046254
61.67,1039763138.4800692
61.690000000000005,1048663818.0637666
61.71,1074338699.4480298
61.73,1070062536.9364198
61.75000000000001,1052470707.0435377
61.77,1077729833.9995487
61.79,1060835641.6839087
61.81,1056357022.4267567
61.830000000000005,1076759834.741208
61.85,1099007229.9235647
61.87,1045077051.2283584
61.89,1043844824.1746036
61.910000000000004,1038455768.3937157
61.93,1075425304.5512247
61.95,1048122341.214158
61.970000000000006,1034683394.9216952
61.99,1078870212.827277
62.01,1001417393.179963
62.03,1046338881.8898276
62.050000000000004,1009192109.1932197
62.07,984053160.441057
62.09,1023011377.327248
62.11000000000001,1067267670.741063
62.13,1040543324.8734375
62.15,1045131370.9919537
62.17,1103788714.4850175
62.190000000000005,1063216820.9779252
62.21,1039841471.4132195
62.23,1053166201.8446769
62.25,1080577265.2694693
62.27,1032530288.8737658
62.29,1042230031.2169787
62.31,985193544.7793803
62.330000000000005,1036230738.776826
62.35,1054277461.195661
62.37,1098517661.3577602
62.39,1105259840.5567567
62.410000000000004,1021240628.5205122
62.43,1038690499.6877965
62.45,1088415878.8090396
62.470000000000006,1093128255.7462685
62.49,1027668039.5909499
62.51,1035498075.4585522
62.53,1048110274.2454965
62.550000000000004,1040705838.3954327
62.57,1042605832.3458099
62.59,1071365963.1706357
62.61000000000001,1073928400.723059
62.63,1081030364.992268
62.65,1062061001.327688
62.67,1119702300.470599
62.690000000000005,1098985321.0208144
62.71,1084597154.2226949
62.73,1094431712.9354727
62.75,1080293126.9800937
62.77,1072648174.9333677
62.79,1077734011.2329714
62.81,1087760651.794181
62.830000000000005,1094672094.607226
62.85,1093262948.9904323
62.87,1057134457.0298203
62.89,1074936033.370171
62.910000000000004,1067658166.8711487
62.93,1086633704.6853836
62.95,1077885965.704131
62.970000000000006,1056799743.6369644
62.99,1048355993.7090938
63.01,1088402428.157109
63.03,1101076983.8766437
63.050000000000004,1060390759.0685273
63.07,1067066609.5498922
63.089999999999996,1040676747.9085423
63.11000000000001,1064106294.2289647
63.13,1076026571.8575387
63.15,1054503433.6062553
63.17,1008465335.250318
63.190000000000005,1079250565.8335462
63.21,1058921804.2848042
63.23,1051848033.157183
63.25,1059605828.5512918
63.27,1113706105.9882307
63.29,1050992622.4793732
63.31,1055264027.7397283
63.330000000000005,1099501714.6818955
63.35,1065701764.8892659
63.37,1026455052.8300033
63.39,1012145388.7651862
63.410000000000004,1042496665.6708585
63.43,1071115495.6298395
63.45,1059427445.9524888
63.470000000000006,1051015327.6276159
63.49,1049973894.864623
63.51,1037027125.6130986
63.53,1033885438.5173614
63.550000000000004,1058763526.3240596
63.57,1040717634.1428852
63.589999999999996,1022055604.4217998
63.61000000000001,1044591608.1140616
63.63,1087113393.4853075
63.65,1052182344.4899212
63.67,1039911088.4263589
63.690000000000005,1067968887.4519459
63.71,1049152950.1218117
63.73,1074530330.578632
63.75,1137637972.8066792
63.77,1161819164.830521
63.79,1105933468.7370484
63.81,1083989578.17303
63.830000000000005,1125784765.8729815
63.85,1082596272.009393
63.87,1059799584.9038103
63.89,1067967058.8535607
63.910000000000004,1099122935.2829869
63.93,1139081102.151625
63.95,1094537425.7183335
63.970000000000006,1087670117.6907094
63.99,1107507364.6861176
64.00999999999999,1080187114.3470502
64.02999999999999,1079893327.1408575
64.05,1075380347.9696286
64.07,1064445429.0284317
64.08999999999999,1090952003.0236044
64.11,1111220733.1483738
64.13,1081951668.3528976
64.14999999999999,1119788842.7061477
64.17,1077171746.8698366
64.19,1127275625.0723116
64.21,1130102919.1692648
64.22999999999999,1113131549.5192676
64.24999999999999,1145344911.5687902
64.27,1146508235.3763392
64.28999999999999,1153580640.9612932
64.30999999999999,1171202774.9268773
64.33,1185007065.7268143
64.35,1235989325.1811037
64.36999999999999,1210009866.1232977
64.39,1239526033.9529712
64.41,1286437600.8185675
64.42999999999999,1237460964.9990885
64.45,1278050170.577907
64.47,1317563862.8335607
64.49,1347906060.0954468
64.50999999999999,1403303484.9494262
64.52999999999999,1441536660.5880363
64.55,1446009422.9066336
64.57,1567930036.140273
64.58999999999999,1559687783.8500478
64.61,1664081482.8034275
64.63,1716093803.7869766
64.64999999999999,1840473321.93908
64.67,1993671769.8334014
64.69,2156558470.7359524
64.71,2245730951.8274584
64.72999999999999,2331003291.459746
64.74999999999999,2470529680.038913
64.77,2655964696.796539
64.78999999999999,2875247671.256497
64.80999999999999,3089381881.23476
64.83,3376358766.993689
64.85,3523691594.676653
64.86999999999999,3743556408.3169966
64.89,3941432005.156288
64.91,4130848113.6305943
64.92999999999999,4336859642.577339
64.95,4489051945.142501
64.97,4528894440.029572
64.99,4659576297.620383
65.00999999999999,4663413724.35368
65.02999999999999,4667695644.592988
65.05,4832837045.076546
65.07,4587603765.369424
65.08999999999999,4616414762.019066
65.11,4372738333.275405
65.13,4358656476.572197
65.14999999999999,4197684497.017007
65.17,4028699562.9885345
65.19,3800382718.450999
65.21,3670638604.3096857
65.22999999999999,3479345872.971061
65.24999999999999,3305987376.116589
65.27,3056876676.5105095
65.28999999999999,2954765006.4523616
65.30999999999999,2692203194.8658648
65.33,2502325019.971359
65.35,2435919895.64053
65.36999999999999,2169049357.9460754
65.39,2122330971.160212
65.41,2019175477.1325667
65.42999999999999,1905476187.9639473
65.45,1816787652.3635921
65.47,1713823412.8164437
65.49,1643462772.6981437
65.50999999999999,1557408787.9155996
65.52999999999999,1481094730.03564
65.55,1438481340.8581262
65.57,1385542062.1988053
65.58999999999999,1360086278.0441473
65.61,1340683064.3094325
65.63,1321923678.323393
65.64999999999999,1287110846.536851
65.67,1244004978.1859848
65.69,1178209099.4160256
65.71,1251504169.2449436
65.72999999999999,1228367438.1168976
65.74999999999999,1171433437.7263403
65.77,1186371856.2621734
65.78999999999999,1144618966.6276236
65.80999999999999,1139939037.655195
65.83,1086431258.9781854
65.85,1147206233.6961517
65.86999999999999,1108016018.3918538
65.89,1082883868.6580718
65.91,1124404528.9201066
65.92999999999999,1074011958.834939
65.95,1045258986.7501184
65.97,1082811570.7361748
65.99,1067396035.1198235
66.00999999999999,1047883488.7148715
66.02999999999999,1096690006.8153298
66.05,1028230400.3581127
66.07,1041440723.2586646
66.08999999999999,1077490600.4411488
66.11,1030081455.6183087
66.13,1011016411.5773937
66.14999999999999,1020893760.6773462
66.17,1006886489.4388518
66.19,1055103173.9379486
66.21,1075675729.8346517
66.22999999999999,1064107623.8462552
66.24999999999999,1035388599.1952838
66.27,1038837433.6306316
66.28999999999999,1046979419.4406692
66.30999999999999,1055163386.130656
66.33,1035523107.1111978
66.35,1026615771.3913302
66.36999999999999,1003776630.3598492
66.39,1036170266.3545583
66.41,991769137.8502365
66.42999999999999,996823060.6275773
66.45,1031194997.5435736
66.47,1001814883.8591014
66.49,1037556892.8541868
66.50999999999999,1005566604.8033113
66.52999999999999,986459081.6681519
66.55,990158044.8740044
66.57,1039312724.2664758
66.58999999999999,1039346715.7536023
66.61,969290158.436187
66.63,984899889.298058
66.64999999999999,1002524756.7885841
66.67,993373143.4470398
66.69,991587705.5079557
66.71,1022012224.466944
66.72999999999999,1005883144.8601127
66.74999999999999,980477219.438698
66.77,1007931588.9712448
66.78999999999999,979952818.824536
66.80999999999999,992420742.6016556
66.83,974116597.8181423
66.85,963371404.4590867
66.86999999999999,1036118248.5700712
66.89,1003573187.9881512
66.91,1017617739.0199022
66.92999999999999,1010757181.5953298
66.94999999999999,987951757.9644367
66.97,999730645.8676655
66.99,1027091310.4212809
67.00999999999999,946674468.2103254
67.02999999999999,1027161476.6214802
67.05,1050969014.5590025
67.07,1035671601.9296966
67.08999999999999,986648345.5719857
67.11,1004719368.6350095
67.13,988875175.333267
67.14999999999999,985492711.639466
67.17,998337859.3086545
67.19,992710921.6492342
67.21,976716627.2035034
67.22999999999999,981307793.5077927
67.24999999999999,1017551425.664
67.27,973872888.6240182
67.28999999999999,1000439782.8799425
67.30999999999999,971648457.9555123
67.33,982391488.9528106
67.35,982089953.884127
67.36999999999999,984769032.8127143
67.39,1040302109.1009512
67.41,1008980396.9365546
67.42999999999999,973898604.4426862
67.44999999999999,960356900.2419934
67.47,989113240.6386602
67.49,985347800.0432712
67.50999999999999,963644899.0969552
67.52999999999999,963909922.480487
67.55,939100578.9403625
67.57,993037774.4977986
67.58999999999999,991613263.8697152
67.61,987882062.5895319
67.63,1007722923.396429
67.64999999999999,984552957.6740135
67.67,1018147482.9187168
67.69,1020954982.0497378
67.71,982577289.1460085
67.72999999999999,973483862.3054069
67.74999999999999,1002850641.919534
67.77,994056154.6850533
67.78999999999999,962384485.9519992
67.80999999999999,992798489.4970598
67.83,981303968.557213
67.85,987023526.8693715
67.86999999999999,1000110350.3730458
67.89,990819768.9983655
67.91,958253059.0722425
67.92999999999999,1035595014.1541649
67.94999999999999,1032658628.2499342
67.97,980467641.965928
67.99,994961216.7578461
68.00999999999999,968011756.2395554
68.02999999999999,1023361200.5928061
68.05,974542842.1813956
68.07,978929693.086046
68.08999999999999,969777922.7065469
68.11,977834590.8123615
68.13,997158126.7087184
68.14999999999999,995692238.754577
68.17,1010760249.0835398
68.19,974345950.6286888
68.21,972864116.7016987
68.22999999999999,959375420.8768002
68.24999999999999,991520598.8694353
68.27,964838644.3554127
68.28999999999999,958196754.7627827
68.30999999999999,981982042.922828
68.33,1004985320.9503022
68.35,962885973.3320733
68.36999999999999,987131431.5148385
68.39,1013088095.5275435
68.41,951754922.8441659
68.42999999999999,941099353.1087729
68.44999999999999,929805261.3164369
68.47,975659090.9495476
68.49,941043727.896384
68.50999999999999,956135880.6875983
68.52999999999999,947474748.6720402
68.55,1014490553.741384
68.57,959612010.7503527
68.58999999999999,966095670.00245
68.61,969756402.4705309
68.63,998953728.2509333
68.64999999999999,992368290.8459892
68.67,990473038.0462784
68.69,988082657.133659
68.71,961086421.8557972
68.72999999999999,955219047.334007
68.74999999999999,968878960.4258913
68.77,991304904.0348243
68.78999999999999,980386559.8667561
68.80999999999999,997819634.5856619
68.83,945122066.0431128
68.85,954358065.5375192
68.86999999999999,954751563.256255
68.89,954546499.0599757
68.91,971946926.4092118
68.92999999999999,956201359.6633984
68.94999999999999,921401649.3817722
68.97,944290946.1487834
68.99,976034792.0615326
69.00999999999999,965418977.0470083
69.02999999999999,1022210658.2755338
69.05,972176114.9239169
69.07,969155617.3045696
69.08999999999999,979287937.5991527
69.11,975003410.2496367
69.13,1015668867.26149
69.14999999999999,1018635419.1455672
69.17,970044762.5610194
69.19,917741507.2972833
69.21,949372469.0376586
69.22999999999999,979314604.7793254
69.24999999999999,986393768.2511514
69.27,962872590.0052329
69.28999999999999,1012806701.6518874
69.30999999999999,981692631.2762164
69.33,1002521022.9154259
69.35,954073196.390331
69.36999999999999,966308222.1157193
69.39,923406106.1592196
69.41,946678474.8505859
69.42999999999999,969769958.2279242
69.44999999999999,950442803.7111629
69.46999999999998,986656746.8235781
69.49,981078435.7542887
69.50999999999999,942493766.4726484
69.52999999999999,982145881.5099192
69.55,983243623.4495797
69.57,964562906.3226815
69.58999999999999,950922630.8607392
69.61,944921741.4173722
69.63,941264673.2830215
69.64999999999999,977823797.5273517
69.67,932084498.4824797
69.69,968327154.0983926
69.71,953188189.345443
69.72999999999999,994075699.1246343
69.74999999999999,1008096854.3957218
69.77,989714430.0460156
69.78999999999999,963354210.5625544
69.80999999999999,1015899008.1878715
69.83,938558973.210055
69.85,905329171.6232734
69.86999999999999,945789787.4296832
69.89,986442637.0405966
69.91,983350951.5372261
69.92999999999999,926432003.1412599
69.94999999999999,928359375.0162469
69.96999999999998,943822584.7065886
69.99,970388624.2578238
70.00999999999999,955645471.9440318
70.02999999999999,968497255.2627865
70.05,942370258.0327611
70.07,950645760.0548837
70.08999999999999,1013197565.4132681
70.11,995913310.9277984
70.13,940040037.5157337
70.14999999999999,970893155.502945
70.17,939253011.7840277
70.19,956169943.62222
70.21,912824418.406174
70.22999999999999,974496949.039345
70.24999999999999,984173109.5284358
70.27,961192570.3063494
70.28999999999999,978337310.059712
70.30999999999999,981438894.6024361
70.33,963544426.4868451
70.35,964999580.8885264
70.36999999999999,975659577.9354026
70.39,956245242.1127545
70.41,934384034.9814193
70.42999999999999,949844233.2166001
70.44999999999999,1004369179.9406902
70.46999999999998,964615761.3841136
70.49,940354986.3303773
70.50999999999999,968100494.5724044
70.52999999999999,942534295.498594
70.55,954916226.5952835
70.57,950486401.891936
70.58999999999999,943143631.4518758
70.61,953722968.0731952
70.63,948181143.4303209
70.64999999999999,970606941.2163489
70.67,908980471.5810267
70.69,931131405.4650018
70.71,905107079.2852005
70.72999999999999,918292704.8887159
70.74999999999999,969313179.6762933
70.77,920514460.8793321
70.78999999999999,934002823.9118218
70.80999999999999,942258986.6894878
70.83,956504668.8702874
70.85,963053267.3558701
70.86999999999999,976693550.2164942
70.89,990471447.5024511
70.91,940723950.3580494
70.92999999999999,939403630.7441684
70.94999999999999,927812116.3471797
70.96999999999998,941259293.0812056
70.99,938243182.5180889
71.00999999999999,988331772.6338656
71.02999999999999,972783162.4904997
71.05,954658888.7621269
71.07,953435202.408291
71.08999999999999,976995037.0608836
71.11,968792204.2235497
71.13,987797770.312064
71.14999999999999,944101812.4184654
71.17,931896646.7787495
71.19,973343707.4142292
71.21,953070400.1011345
71.22999999999999,918960414.2586664
71.24999999999999,931612638.779768
71.27,960324598.472686
71.28999999999999,982995071.8953791
71.30999999999999,939250771.1807593
71.33,901322989.8449938
71.35,973760921.0420686
71.36999999999999,976573964.8374017
71.39,947658481.4878947
71.41,947254211.3068881
71.42999999999999,979564486.5258161
71.44999999999999,941915988.9688118
71.46999999999998,973367409.3260862
71.49,950099634.4602865
71.50999999999999,924357820.0794405
71.52999999999999,954053637.3119742
71.55,947736985.6076277
71.57,946833109.4812928
71.58999999999999,921604456.5656395
71.61,969453275.1392525
71.63,963280426.2410376
71.64999999999999,961348905.0768379
71.67,966433758.4644841
71.69,949380400.7284359
71.71,985119406.0834229
71.72999999999999,967554151.0890629
71.74999999999999,934660200.2580409
71.77,942669837.2025942
71.78999999999999,956107764.9870902
71.80999999999999,977194886.8487327
71.83,951126820.9335377
71.85,938904016.6089371
71.86999999999999,946147450.6531967
71.89,986369234.3060347
71.91,947138296.0228558
71.92999999999999,939099471.7250085
71.94999999999999,964943760.8767765
71.96999999999998,950292160.0351757
71.99,991051221.7562361
72.00999999999999,932550241.1873013
72.02999999999999,962316137.1427257
72.05,983001760.9960243
72.07,952870859.055963
72.08999999999999,891291534.527724
72.11,913361137.3397713
72.13,953527577.9628975
72.14999999999999,963894859.7629505
72.17,938550937.5200812
72.18999999999998,937452886.6036433
72.21,921945773.758374
72.22999999999999,950981213.6052653
72.24999999999999,943262157.8123628
72.27,917416050.8325701
72.28999999999999,961910093.3753601
72.30999999999999,969664787.6031535
72.33,975560978.7267936
72.35,952889248.5231757
72.36999999999999,952068261.6178536
72.39,944584027.1501228
72.41,914381530.324389
72.42999999999999,935400657.3529714
72.45,936280296.5333127
72.46999999999998,992043031.4243431
72.49,972273951.5534942
72.50999999999999,976117081.23203
72.52999999999999,972598945.1908042
72.55,945556609.1158115
72.57,948546306.3218309
72.58999999999999,936549489.7222742
72.61,961026986.6806103
72.63,953744857.3291308
72.64999999999999,950144492.55028
72.67,1022287610.6033962
72.68999999999998,981245091.6014614
72.71,890343988.6653465
72.72999999999999,937007158.1868049
72.74999999999999,919711495.646075
72.77,941557066.8238019
72.78999999999999,919399385.2892199
72.80999999999999,954891244.3109494
72.83,933818140.2964164
72.85,923222639.9823532
72.86999999999999,968945584.6351196
72.89,997962454.4349954
72.90999999999998,989102306.7926424
72.92999999999999,964633012.0157632
72.95,912615197.0050638
72.96999999999998,967576423.2815663
72.99,936622734.2576022
73.00999999999999,957383377.5224661
73.02999999999999,999219834.518286
73.05,948394353.3695163
73.07,959753382.3158693
73.08999999999999,921844704.2138368
73.11,972256389.0161856
73.13,1007983601.0928845
73.14999999999999,958814201.8801265
73.17,905831153.6595405
73.18999999999998,937477633.4069079
73.21,945042807.1490067
73.22999999999999,960285907.5357046
73.24999999999999,959774125.4875562
73.27,942413926.6966037
73.28999999999999,928928740.4277925
73.30999999999999,938015126.6837522
73.33,941559861.1082715
73.35,980390420.1889521
73.36999999999999,987135717.9962218
73.39,976010313.990407
73.40999999999998,924027907.9561067
73.42999999999999,948973085.2883517
73.45,955194886.781829
73.46999999999998,968375256.3677943
73.49,973929047.8640612
73.50999999999999,933807324.8871876
73.52999999999999,965245157.558158
73.55,935681719.360994
73.57,916873698.9841138
73.58999999999999,954246847.8395358
73.61,959847092.5045534
73.63,918441483.0205562
73.64999999999999,951520603.9941819
73.67,933350773.2000846
73.68999999999998,930286576.7200648
73.71,985135578.6845623
73.72999999999999,930289721.1112734
73.74999999999999,955777150.5150676
73.77,901391180.9111196
73.78999999999999,987302452.2725117
73.80999999999999,1020150153.8111414
73.83,1031877068.1900963
73.85,1017719837.641211
73.86999999999999,951864389.9455143
73.89,988622764.864314
73.90999999999998,985771907.8171221
73.92999999999999,999383401.6904637
73.95,994068299.8180902
73.96999999999998,1021484468.4890997
73.99,1063444015.2699653
74.00999999999999,1004693846.0791425
74.02999999999999,982033562.5352942
74.05,1038523177.8134285
74.07,1076091724.3569484
74.08999999999999,1084836319.969677
74.11,1128302277.8933516
74.13,1126948491.5417356
74.14999999999999,1121904414.1441388
74.17,1095610445.3101943
74.18999999999998,1116735943.0709286
74.21,1174046672.5131204
74.22999999999999,1125658270.90375
74.24999999999999,1183046914.1966324
74.27,1190406174.1172774
74.28999999999999,1157635600.8694475
74.30999999999999,1157659196.7295947
74.33,1187460719.9793968
74.35,1207013131.7252297
74.36999999999999,1247746227.3613298
74.39,1249822406.5052006
74.40999999999998,1299030804.5721087
74.42999999999999,1306733264.5332038
74.45,1281360665.5929482
74.46999999999998,1296883368.424059
74.49,1288872899.4935143
74.50999999999999,1259215470.9917827
74.52999999999999,1215513799.5810466
74.55,1230203887.141183
74.57,1241890671.2269344
74.58999999999999,1238412583.5283337
74.61,1256752652.6178532
74.63,1216859808.714895
74.64999999999999,1188129701.208696
74.67,1209827313.2462656
74.68999999999998,1246115365.7607186
74.71,1192801025.1218264
74.72999999999999,1180031702.7012954
74.74999999999999,1164729939.9358797
74.77,1148150103.83584
74.78999999999999,1158011216.1599035
74.80999999999999,1152728423.7991383
74.83,1144552664.3585334
74.85,1084247357.9447675
74.86999999999999,1088290903.6071913
74.89,1042904331.2312831
74.90999999999998,1010369510.5792205
74.92999999999999,1015776199.7354443
74.95,1043546442.9564706
74.96999999999998,1075896128.5896811
74.99,986265256.8546671
75.00999999999999,1006210011.6169004
75.02999999999999,975974547.079699
75.05,940472617.6291821
75.07,916433748.2868099
75.08999999999999,960071001.254825
75.11,989017666.8579906
75.13,957006075.6521763
75.14999999999999,999166012.4625425
75.17,993466376.5296164
75.18999999999998,1009914788.6276159
75.21,964350621.3364992
75.22999999999999,936835442.2071544
75.24999999999999,973610503.7109822
75.27,987201632.6702657
75.28999999999999,976565086.606669
75.30999999999999,961353270.9995914
75.33,964301798.2974557
75.35,948452132.8386225
75.36999999999999,963065463.200647
75.39,952154295.1765866
75.40999999999998,976814464.586994
75.42999999999999,955143771.1536322
75.45,964169130.5242549
75.46999999999998,975312194.166567
75.49,994241340.9279193
75.50999999999999,958856023.700365
75.52999999999999,948345530.7873584
75.55,973366266.5797389
75.57,952134257.6544111
75.58999999999999,933836073.8960246
75.61,906893985.2830396
75.63,948826223.6442082
75.64999999999999,918095381.2761894
75.67,920241012.907954
75.68999999999998,926214680.9078612
75.71,974623120.1429223
75.72999999999999,952613846.9005694
75.74999999999999,972793194.2710105
75.77,950194630.796488
75.78999999999999,962522765.1557597
75.80999999999999,1003833566.0098876
75.83,965934836.1390723
75.85,944737833.2521007
75.86999999999999,957703255.2312707
75.89,952209569.9285394
75.90999999999998,993094103.8685802
75.92999999999999,993618639.5572284
75.95,971529679.3410814
75.96999999999998,977224989.9238428
75.99,961550618.3636307
76.00999999999999,935339549.1193837
76.02999999999999,946401915.3031299
76.05,940571955.8682312
76.07,916602414.6834857
76.08999999999999,941516887.7094586
76.11,967205976.1789047
76.13,943850851.4059492
76.14999999999999,961443530.7494271
76.17,971980405.5802851
76.18999999999998,950803419.6696213
76.21,975620736.58967
76.22999999999999,950997891.7469416
76.24999999999999,948311736.6953148
76.27,970520395.4270068
76.28999999999999,964955648.6137179
76.30999999999999,953641844.2246419
76.33,948199656.4059649
76.35,945258998.1511137
76.36999999999999,929025796.430538
76.39,926262805.4502195
76.40999999999998,948597097.5080408
76.42999999999999,883825065.7580727
76.45,964002408.9402459
76.46999999999998,996016196.2563682
76.49,967848482.9218717
76.50999999999999,953864629.5063279
76.52999999999999,992161419.5934085
76.55,966691604.797564
76.57,977374933.0401328
76.58999999999999,945098483.0291426
76.61,933449442.5313013
76.63,941936204.1967628
76.64999999999999,920112631.0498023
76.67,931480792.5541263
76.68999999999998,987672596.2509663
76.71,989114800.9503652
76.72999999999999,949885541.833009
76.74999999999999,897732690.2828909
76.77,964233429.4841164
76.78999999999999,962335387.7249956
76.80999999999999,944149117.4310303
76.83,983349724.6142366
76.85,960276223.3584746
76.86999999999999,956595210.347523
76.89,983525679.6487703
76.90999999999998,939804536.6617092
76.92999999999999,937808670.8822267
76.95,901903654.8385645
76.96999999999998,935878832.2895361
76.99,957210454.1894683
77.00999999999999,923771583.7661152
77.02999999999999,934212223.9086182
77.05,974496268.2282256
77.07,959231018.8224452
77.08999999999999,956435111.7212006
77.11,989081417.4630314
77.13,924652378.0550663
77.14999999999999,904395131.575674
77.17,903072149.9243805
77.18999999999998,934082894.1119502
77.21,916989466.9006085
77.22999999999999,964221068.0410715
77.24999999999999,991060635.6078032
77.27,980415102.1782668
77.28999999999999,929213110.4480246
77.30999999999999,936076927.834535
77.33,904396578.3186442
77.35,897499465.9833293
77.36999999999999,927087282.5941422
77.39,928237712.2657534
77.40999999999998,985091405.1991029
77.42999999999999,961592734.631005
77.45,944229518.9908435
77.46999999999998,925094824.9298388
77.49,909546181.6903077
77.50999999999999,881155028.507977
77.52999999999999,948498693.6508301
77.55,962883077.8987802
77.57,970861317.7743114
77.58999999999999,930284198.4168096
77.61,919249615.4259918
77.63,947462111.8646975
77.64999999999999,945019470.1126728
77.67,954116409.9143059
77.68999999999998,938971649.9907861
77.71,899985366.1683757
77.72999999999999,954191036.6091222
77.74999999999999,989237495.4733278
77.77,974372546.4786084
77.78999999999999,934391091.918546
77.80999999999999,958704046.3571591
77.83,941012929.2589794
77.85,907660623.018877
77.86999999999999,938655464.6222838
77.89,950882136.900123
77.90999999999998,972751039.9936471
77.92999999999999,958112695.1387585
77.95,940917171.1840878
77.96999999999998,955253003.6746887
77.99,960148602.9649392
78.00999999999999,928805058.2112142
78.02999999999999,928505590.3185116
78.05,942551264.6735076
78.07,915994973.3688065
78.08999999999999,983668683.4912363
78.11,979841306.8054926
78.13,986525202.2607013
78.14999999999999,982977642.0966026
78.17,955237882.9997737
78.18999999999998,988073649.7771356
78.21,921112663.2520558
78.22999999999999,943479976.0147378
78.24999999999999,929244266.3333232
78.27,939682651.0634273
78.28999999999999,1002831262.2470726
78.30999999999999,979201422.6089934
78.33,937660555.0265181
78.35,967410858.5294746
78.36999999999999,976742000.8669751
78.39,948547095.6527243
78.40999999999998,919740013.3551596
78.42999999999999,917942014.0742023
78.44999999999999,995563701.5285274
78.46999999999998,986609936.9458447
78.49,962126654.6597655
78.50999999999999,945919619.7462711
78.52999999999999,941481946.2017866
78.55,951106439.6107423
78.57,963628839.6029054
78.58999999999999,941347152.2751366
78.61,967134708.4197719
78.63,1000404240.6843998
78.64999999999999,958176310.1746088
78.67,958383373.4938034
78.68999999999998,986781666.1608522
78.71,920061222.2209623
78.72999999999999,938360760.0313853
78.74999999999999,963966087.7237962
78.77,932446309.6113044
78.78999999999999,968621951.7891008
78.80999999999999,944074540.5363132
78.83,991787662.080944
78.85,965219594.9048008
78.86999999999999,957245264.3205881
78.89,961772438.5717423
78.90999999999998,1016829207.1940892
78.92999999999999,987318960.2760875
78.94999999999999,966215647.1583024
78.96999999999998,954583277.8053627
78.99,965201687.8512577
79.00999999999999,976083417.032976
79.02999999999999,954643994.9033042
79.05,996444644.0419768
79.07,1010026176.7052613
79.08999999999999,1024868456.4665052
79.11,951934777.5496343
79.13,970401337.5367696
79.14999999999999,950785294.9359846
79.17,1006909867.4444851
79.18999999999998,969635508.6132843
79.21,982439378.3372533
79.22999999999999,980474674.5999029
79.24999999999999,990439204.5132103
79.27,971760218.0939819
79.28999999999999,951984933.901557
79.30999999999999,967511911.7617415
79.33,1008963079.178066
79.35,1011119033.1199936
79.36999999999999,978915648.8380702
79.39,962062451.3707812
79.40999999999998,942589525.8185298
79.42999999999999,921430296.8195218
79.44999999999999,952742544.0973295
79.46999999999998,989104232.4188731
79.49,966981712.1310918
79.50999999999999,960453235.2040573
79.52999999999999,962747471.4014666
79.55,973190033.2690371
79.57,937538512.6517661
79.58999999999999,943577548.9776956
79.61,953033182.5891181
79.63,964943524.1388929
79.64999999999999,984999098.2736199
79.67,1004071979.2375164
79.68999999999998,978692661.3596139
79.71,1003817118.8316691
79.72999999999999,1004131443.4418664
79.74999999999999,980153227.2655598
79.77,989928519.3242366
79.78999999999999,989367252.5556811
79.80999999999999,977449238.8907152
79.83,1006009910.828544
79.85,971466146.1641876
79.86999999999999,971188733.4717498
79.89,946810917.5099299
79.90999999999998,990776878.4252484
79.92999999999999,973951626.7843271
79.94999999999999,963631544.9432251
79.96999999999998,997470214.7079558
79.99,956493805.6375946
80.00999999999999,963533569.9853104
80.02999999999999,1011981686.0860392
80.05,962490226.6104938
80.07,972232976.261492
80.08999999999999,976956932.767801
80.11,960491506.3870896
80.12999999999998,962960820.195657
80.14999999999999,1012780145.9118758
80.17,984034959.7750493
80.18999999999998,983647492.5742269
80.21,997558044.7310859
80.22999999999999,1034510573.4365815
80.24999999999999,1015235352.8886639
80.27,955097440.891813
80.28999999999999,963569653.1647217
80.30999999999999,994939432.4165956
80.33,994086705.9084994
80.35,998447632.5318409
80.36999999999999,1002149304.9520296
80.39,1009863593.1589512
80.40999999999998,1021298024.8081183
80.42999999999999,1029263670.5374503
80.44999999999999,1010900595.5774437
80.46999999999998,1005093656.2852662
80.49,1019506140.0745544
80.50999999999999,1012294456.4536928
80.52999999999999,1004605219.4003055
80.55,1028188867.2133406
80.57,949978206.2594683
80.58999999999999,1002440003.5281409
80.61,978013026.798377
80.62999999999998,979603761.2192034
80.64999999999999,990612442.51556
80.67,1026158333.8520743
80.68999999999998,1024524813.0836133
80.71,1047102675.8996363
80.72999999999999,995192003.3449571
80.74999999999999,972058354.7844379
80.77,1021210362.6170123
80.78999999999999,978370392.3662629
80.80999999999999,1007678777.4583465
80.83,993767889.4880295
80.85,1029717345.4146489
80.86999999999999,999695438.3968891
80.89,1009847576.4755927
80.90999999999998,1021200450.896368
80.92999999999999,1058098725.0724199
80.94999999999999,1048189126.3892568
80.96999999999998,1035999833.3534935
80.99,973170449.5633603
81.00999999999999,1018464492.2401574
81.02999999999999,1089446738.6959643
81.05,1037481967.4342046
81.07,1041286167.8227448
81.08999999999999,1073387973.9205047
81.11,1065289698.960694
81.12999999999998,965791523.4235867
81.14999999999999,1059146597.0540774
81.17,1067225307.1868647
81.18999999999998,1014805683.5902948
81.21,1080213437.0514872
81.22999999999999,1118559372.4463842
81.24999999999999,1125473506.3380306
81.27,1052111963.0492837
81.28999999999999,1052920994.1610765
81.30999999999999,1074857887.2790859
81.33,1025852162.9023575
81.35,1089246099.9200897
81.36999999999999,1103508180.7080362
81.39,1093881167.4298282
81.40999999999998,1110304642.951966
81.42999999999999,1153459257.3129916
81.44999999999999,1053703689.2764212
81.46999999999998,1146516156.2121518
81.49,1079470077.0336406
81.50999999999999,1151535289.8998005
81.52999999999999,1197234515.5805266
81.55,1194965814.3543413
81.57,1237442389.616043
81.58999999999999,1171899610.4538429
81.61,1213876837.345584
81.62999999999998,1220322899.5627966
81.64999999999999,1278439310.6459582
81.67,1314557382.97471
81.68999999999998,1416818092.644716
81.71,1389202378.0750077
81.72999999999999,1301944544.1044474
81.74999999999999,1414140361.4289513
81.77,1523482776.5794091
81.78999999999999,1531911694.152678
81.80999999999999,1599736628.7985783
81.83,1732927905.2218838
81.85,1817147759.5056307
81.86999999999999,1806875435.7582457
81.89,1923639289.2447357
81.90999999999998,2020905827.4428632
81.92999999999999,2226320091.5092793
81.94999999999999,2329476074.743722
81.96999999999998,2518069485.0597463
81.99,2713303911.7591553
82.00999999999999,2904402161.0812955
82.02999999999999,3231139595.7226114
82.05,3558800349.949259
82.07,3824298753.1311774
82.08999999999999,4251826308.741672
82.11,4577896425.033652
82.12999999999998,5015480495.172454
82.14999999999999,5462593412.278184
82.17,5890140790.216189
82.18999999999998,6263008176.27869
82.21,6755765172.432257
82.22999999999999,7076155997.674475
82.24999999999999,7473839646.411206
82.27,7685511939.444284
82.28999999999999,8008422536.423086
82.30999999999999,7998633306.138166
82.33,8104717261.755183
82.35,8099934500.916326
82.36999999999999,8083781535.8540745
82.39,7913499093.696935
82.40999999999998,7779250301.445902
82.42999999999999,7463594803.931823
82.44999999999999,7423236086.507446
82.46999999999998,7278388827.24781
82.49,7086181120.994807
82.50999999999999,6661629198.380826
82.52999999999999,6505702786.187882
82.55,6259854659.653071
82.57,5856461609.117845
82.58999999999999,5471203940.952125
82.61,5191796553.71204
82.62999999999998,4958794614.890508
82.64999999999999,4630793455.159777
82.67,4289715007.262119
82.68999999999998,3999958618.8779635
82.71,3792900490.3530025
82.72999999999999,3430212960.089302
82.74999999999999,3183757632.750111
82.77,2856537261.882833
82.78999999999999,2653093449.56876
82.80999999999999,2509488841.079619
82.83,2422669763.978623
82.85,2202043657.392443
82.86999999999999,2025354902.856059
82.89,1922818213.4552486
82.90999999999998,1748301702.9703095
82.92999999999999,1675849374.8253202
82.94999999999999,1575276829.0340264
82.96999999999998,1550430367.2242713
82.99,1450413914.022323
83.00999999999999,1418028233.4746091
83.02999999999999,1447311772.4975674
83.05,1358220437.6338937
83.07,1271774024.573116
83.08999999999999,1250352648.596716
83.11,1269246513.0136786
83.12999999999998,1251705468.1811645
83.14999999999999,1175636514.2826056
83.17,1151212206.347639
83.18999999999998,1150736023.7680395
83.21,1141110408.0445032
83.22999999999999,1149585662.0252774
83.24999999999999,1182570642.3868577
83.27,1201697039.7994804
83.28999999999999,1144384797.2119534
83.30999999999999,1118429078.3096561
83.33,1122464351.0828614
83.35,1145203674.3856623
83.36999999999999,1045633211.6801211
83.39,1017754809.8934644
83.40999999999998,1084344410.8945363
83.42999999999999,1086888670.9637911
83.44999999999999,1082699875.416864
83.46999999999998,1035225937.8007411
83.49,1063940350.9921683
83.50999999999999,1028828380.9156088
83.52999999999999,1014062085.70277
83.55,979535827.701703
83.57,959435250.8878936
83.58999999999999,1001374269.6832137
83.61,1018642399.4065337
83.62999999999998,1026362614.3843167
83.64999999999999,992063664.4445597
83.67,995423874.5202149
83.68999999999998,1009126090.4602097
83.71,969698901.1904522
83.72999999999999,951758246.5603713
83.74999999999999,983366732.7286268
83.77,982312585.821536
83.78999999999999,1009240120.9606085
83.80999999999999,944544637.1773678
83.83,967351873.5003457
83.85,988568277.3706322
83.86999999999999,1009567489.928786
83.89,996942405.0225968
83.90999999999998,958965293.1238772
83.92999999999999,1017744734.8036416
83.94999999999999,1014382570.5925138
83.96999999999998,1021256622.186626
83.99,964723406.4820709
84.00999999999999,940910660.3133104
84.02999999999999,987301020.8687446
84.05,965531038.4384348
84.07,944101689.0709707
84.08999999999999,1023743755.4322854
84.11,991970828.1368332
84.12999999999998,965593702.083987
84.14999999999999,964515876.8177655
84.17,886134406.4869846
84.18999999999998,944482184.4253545
84.21,935685211.9915078
84.22999999999999,945031383.0585698
84.24999999999999,917652027.4949808
84.27,932579827.788518
84.28999999999999,976193102.2400026
84.30999999999999,950897238.7828748
84.33,969669144.8659154
84.35,982426550.2549137
84.36999999999999,990665143.5370152
84.39,900462803.7449218
84.40999999999998,945974910.1241174
84.42999999999999,968055698.5274525
84.44999999999999,991337166.3126476
84.46999999999998,950770362.0253935
84.49,956238980.6014653
84.50999999999999,909114491.8381225
84.52999999999999,897561179.5375643
84.55,946636048.4850643
84.57,933295314.0694647
84.58999999999999,973929733.7662632
84.61,990186690.4153676
84.62999999999998,950650471.9221874
84.64999999999999,915443207.4691586
84.67,960704526.0936005
84.68999999999998,913849356.1610224
84.71,923466059.7358363
84.72999999999999,959713026.902237
84.74999999999999,954045636.6181831
84.77,929713737.5280474
84.78999999999999,906531328.9254783
84.80999999999999,938207317.2976686
84.83,928725194.4670818
84.85,949678951.8940003
84.86999999999999,950740998.5197823
84.89,961535117.4822149
84.90999999999998,969592430.5886328
84.92999999999999,951961541.2963309
84.94999999999999,922234492.4938334
84.96999999999998,945258772.246233
84.99,961846602.109578
85.00999999999999,993375843.8062953
85.02999999999999,930019812.6216099
85.05,931462388.4044302
85.07,936395422.6325171
85.08999999999999,981674672.9334857
85.11,934053101.483965
85.12999999999998,948510520.0489271
85.14999999999999,914361322.5451846
85.17,937208244.7026758
85.18999999999998,940215822.7120503
85.21,938950642.1714855
85.22999999999999,929674333.2405872
85.24999999999999,944832677.5457288
85.27,919366666.341301
85.28999999999999,935049485.236745
85.30999999999999,952062140.6219134
85.33,970228003.6817592
85.35,937929140.6566474
85.36999999999999,955531247.2202848
85.39,898830939.7855434
85.40999999999998,903630399.094233
85.42999999999999,891032294.1763065
85.44999999999999,898803284.32526
85.46999999999998,911075680.5131102
85.49,903236445.297197
85.50999999999999,937361842.9278909
85.52999999999999,955748529.538227
85.55,975277214.1924875
85.57,927897190.9988606
85.58999999999999,910287687.3332815
85.61,934154806.1850208
85.62999999999998,942614543.1658009
85.64999999999999,925534324.7341151
85.66999999999999,897266085.3355492
85.68999999999998,896262575.0560153
85.71,933851765.6235583
85.72999999999999,960725590.2048279
85.74999999999999,957234868.5675066
85.77,964668456.0138587
85.78999999999999,908326847.524904
85.80999999999999,960659240.758384
85.83,922706777.755839
85.85,929190526.7718446
85.86999999999999,909839691.5309209
85.89,899629878.4775312
85.90999999999998,921188159.1687144
85.92999999999999,902641746.1652843
85.94999999999999,950097831.0870767
85.96999999999998,904882585.5636823
85.99,913096751.6462597
86.00999999999999,960680384.9192852
86.02999999999999,896147801.9021213
86.05,917611141.7516892
86.07,911002982.6754265
86.08999999999999,937335467.886305
86.11,938025326.7811333
86.12999999999998,917646399.4185742
86.14999999999999,890548773.0719662
86.16999999999999,883988032.9381528
86.18999999999998,926789357.3382598
86.21,915009290.3169457
86.22999999999999,897191908.2142856
86.24999999999999,928193253.6943727
86.27,911323890.4067887
86.28999999999999,901685839.3445362
86.30999999999999,905597221.9627401
86.33,925008183.399051
86.35,872815621.535836
86.36999999999999,896772310.6445646
86.39,876076439.1001414
86.40999999999998,893170871.5380377
86.42999999999999,888841135.1167922
86.44999999999999,920160390.071608
86.46999999999998,877898507.5846486
86.49,923125880.0122819
86.50999999999999,900343726.4074827
86.52999999999999,932827370.0128508
86.55,940723010.4818288
86.57,945488791.8013632
86.58999999999999,926959529.1259074
86.61,944841635.2381743
86.62999999999998,958008022.4602805
86.64999999999999,915439801.9561555
86.66999999999999,948767965.9876418
86.68999999999998,912269435.9990168
86.71,929529682.0544349
86.72999999999999,921358958.5861164
86.74999999999999,910176442.8945417
86.77,982040039.495106
86.78999999999999,884964788.2835398
86.80999999999999,964648095.2178689
86.83,934561218.4093837
86.85,955540286.5999849
86.86999999999999,906146892.8204778
86.89,846502135.8242102
86.90999999999998,935397279.7271453
86.92999999999999,891822062.3367686
86.94999999999999,916715095.4128052
86.96999999999998,916746122.0200369
86.99,897654571.1233346
87.00999999999999,938148103.848702
87.02999999999999,913670179.7066741
87.05,911237919.8993211
87.07,890834823.5008345
87.08999999999999,879689458.7617936
87.11,886247939.9480399
87.12999999999998,897129979.9059665
87.14999999999999,952802511.8523612
87.16999999999999,935453403.5443547
87.18999999999998,915384307.5689415
87.21,883305518.992086
87.22999999999999,916898166.7969654
87.24999999999999,931119919.0371547
87.27,927438926.9416611
87.28999999999999,908947880.8528948
87.30999999999999,900842732.8709793
87.33,906477770.155504
87.35,947346916.1361308
87.36999999999999,906333125.8978752
87.39,918631548.5932983
87.40999999999998,918788491.5021839
87.42999999999999,912758382.0461199
87.44999999999999,920170615.5466928
87.46999999999998,905203861.9420968
87.49,901145457.6084169
87.50999999999999,910711303.8190985
87.52999999999999,884429104.007862
87.55,901016851.0350811
87.57,896541270.0066965
87.58999999999999,934007450.9762759
87.61,884629711.3676049
87.62999999999998,902468230.4243532
87.64999999999999,879437360.2822917
87.66999999999999,866856897.9300362
87.68999999999998,875804407.3661796
87.71,952286226.8575715
87.72999999999999,928776148.6960169
87.74999999999999,903390702.032787
87.77,876441206.3162838
87.78999999999999,839003409.2787635
87.80999999999999,910204788.1023976
87.83,911185245.7516012
87.84999999999998,882107762.2020941
87.86999999999999,905139765.9193892
87.89,924479577.9731647
87.90999999999998,876609575.3251313
87.92999999999999,877348127.5158839
87.94999999999999,909910503.7303101
87.96999999999998,891665632.1908787
87.99,948537862.9162066
88.00999999999999,900502169.4733461
88.02999999999999,901537720.9001006
88.05,930142747.2219044
88.07,879565829.9341497
88.08999999999999,899200873.0183617
88.11,935864320.1303881
88.12999999999998,944271749.478053
88.14999999999999,913260304.9216911
88.16999999999999,879361579.2674054
88.18999999999998,895131744.589221
88.21,900639104.2429456
88.22999999999999,884612394.9600918
88.24999999999999,920990821.2224559
88.27,927221956.9130166
88.28999999999999,905233278.2986642
88.30999999999999,933662667.9068443
88.33,915523892.9345683
88.34999999999998,888709610.0808241
88.36999999999999,941955130.6518275
88.39,951746077.8526798
88.40999999999998,887755563.8031732
88.42999999999999,868399761.6609256
88.44999999999999,902571390.1047989
88.46999999999998,905451322.6335545
88.49,899858052.1997985
88.50999999999999,889151466.2599922
88.52999999999999,856746390.230403
88.55,886137467.2048672
88.57,887637424.641674
88.58999999999999,876344978.684599
88.61,880857289.0540175
88.62999999999998,953081358.8418657
88.64999999999999,928628283.9019365
88.66999999999999,932131971.9192398
88.68999999999998,865784252.4176025
88.71,878791553.9260908
88.72999999999999,920271703.25998
88.74999999999999,898154409.1598679
88.77,865683332.0495663
88.78999999999999,901948683.7128242
88.80999999999999,950336980.7637748
88.83,912372931.3683681
88.84999999999998,919574577.5725241
88.86999999999999,982357723.0090746
88.89,916408658.3536444
88.90999999999998,910183548.1379218
88.92999999999999,920911238.6860136
88.94999999999999,904913530.0544851
88.96999999999998,929067076.0257312
88.99,932585982.6630185
89.00999999999999,931653758.8860644
89.02999999999999,922086341.3340552
89.05,901349822.4107842
89.07,948825763.3287985
89.08999999999999,920907005.0252588
89.11,841641241.3004832
89.12999999999998,889981670.9696068
89.14999999999999,906961583.7192369
89.16999999999999,910306595.901729
89.18999999999998,913554915.4172844
89.21,947916199.1485325
89.22999999999999,959173022.9154805
89.24999999999999,925165190.6511971
89.27,926745153.6526037
89.28999999999999,898514371.3885201
89.30999999999999,941132490.2136359
89.33,987814619.3522209
89.34999999999998,928824627.8784448
89.36999999999999,932348405.8330395
89.39,928352208.8239242
89.40999999999998,951895584.7026265
89.42999999999999,925977707.2122678
89.44999999999999,982270907.7950232
89.46999999999998,986779010.6018201
89.49,932449972.3925003
89.50999999999999,917004230.7676654
89.52999999999999,943839765.1049939
89.55,930388108.0251609
89.57,951506452.6084563
89.58999999999999,928569766.5515215
89.61,986244675.4671655
89.62999999999998,982736005.053612
89.64999999999999,938383060.4452655
89.66999999999999,974698799.4979268
89.68999999999998,921476432.6996969
89.71,925396362.6469432
89.72999999999999,941080627.6522846
89.74999999999999,997039169.0011516
89.77,953921969.9826304
89.78999999999999,968451265.8504537
89.80999999999999,982788131.7208252
89.83,1042753553.8100022
89.84999999999998,1010410191.7749286
89.86999999999999,1032410621.5160123
89.89,1050418117.9335563
89.90999999999998,1049010773.4351134
89.92999999999999,986443861.7087859
89.94999999999999,1016184353.8365018
89.96999999999998,1029677269.5995269
89.99,1077666023.3446321
90.00999999999999,1085143641.991081
90.02999999999999,1077797954.1273687
90.05,1098283287.6069117
90.07,1105711006.3399494
90.08999999999999,1080223680.8094895
90.11,1151977492.9450195
90.12999999999998,1134941228.7377768
90.14999999999999,1161946775.3401413
90.16999999999999,1130245607.6776872
90.18999999999998,1119651560.416858
90.21,1172013383.0820909
90.22999999999999,1207744312.6812453
90.24999999999999,1173676485.008009
90.27,1159022517.172004
90.28999999999999,1153898265.3643494
90.30999999999999,1159511914.7641726
90.33,1146163195.8268108
90.34999999999998,1134359843.8008304
90.36999999999999,1171467788.048901
90.39,1214637586.728997
90.40999999999998,1203721939.2040899
90.42999999999999,1181155184.3841453
90.44999999999999,1225938046.0219274
90.46999999999998,1165964675.0855536
90.49,1122625181.2426846
90.50999999999999,1137058323.957264
90.52999999999999,1128660818.1576774
90.55,1122558494.315797
90.57,1139519210.9090202
90.58999999999999,1165373559.223892
90.61,1110985415.426648
90.62999999999998,1049266459.766731
90.64999999999999,1057027581.2654464
90.66999999999999,1091616262.2518237
90.68999999999998,1074832909.4424186
90.71,1117211474.3875837
90.72999999999999,1100065807.0406425
90.74999999999999,1026086667.7596781
90.77,1065260600.9681286
90.78999999999999,1083855676.2575881
90.80999999999999,1036086573.2938577
90.83,1006483529.3856901
90.84999999999998,1036064215.9164325
90.86999999999999,1000149113.9011173
90.89,1032394462.1059841
90.90999999999998,1016108360.3004116
90.92999999999999,989054523.8870287
90.94999999999999,947768949.8402057
90.96999999999998,958523096.9310027
90.99,966023907.8546953
91.00999999999999,970117063.5071973
91.02999999999999,979790327.1189772
91.05,993812629.169579
91.07,983168588.6090354
91.08999999999999,944797004.378641
91.11,916255851.602548
91.12999999999998,903700329.1942816
91.14999999999999,929952217.1298436
91.16999999999999,983502443.8537501
91.18999999999998,982431352.1251674
91.21,976623652.4018878
91.22999999999999,913154369.2125831
91.24999999999999,937302254.4730611
91.27,946831553.9335465
91.28999999999999,902208050.393198
91.30999999999999,868794239.3428857
91.33,907955534.1022607
91.34999999999998,867456629.2219888
91.36999999999999,894571006.2774981
91.39,891810822.8865488
91.40999999999998,886855910.9574918
91.42999999999999,911782583.9816833
91.44999999999999,846083151.363047
91.46999999999998,930583771.6024945
91.49,908845402.945086
91.50999999999999,872522225.9574295
91.52999999999999,902064454.2890449
91.55,879224811.9930754
91.57,915875936.79474
91.58999999999999,926231419.7887328
91.61,888470971.0906922
91.62999999999998,887755406.3337221
91.64999999999999,933671010.0380433
91.66999999999999,907897065.387372
91.68999999999998,903452628.288273
91.71,917891685.9701431
91.72999999999999,924955554.8700556
91.74999999999999,887943755.2370123
91.77,892012369.9716759
91.78999999999999,884740048.8129851
91.80999999999999,917185693.8720158
91.83,915569924.042889
91.84999999999998,881454620.4239206
91.86999999999999,905319744.3892844
91.89,915028975.9131614
91.90999999999998,940231629.858799
91.92999999999999,923881790.9613426
91.94999999999999,869702420.7342379
91.96999999999998,907921164.2780918
91.99,905246192.2384824
92.00999999999999,911230891.1281948
92.02999999999999,882380876.0592554
92.05,874291954.6704415
92.07,877459669.214489
92.08999999999999,884356793.4895619
92.11,852086064.2197295
92.12999999999998,910471573.337814
92.14999999999999,882267265.1752877
92.16999999999999,907338021.3035194
92.18999999999998,917145113.7364347
92.21,902385780.0340211
92.22999999999999,876422265.3120785
92.24999999999999,879553100.7069683
92.27,905564731.3841149
92.28999999999999,867690175.7432126
92.30999999999999,900872356.6698194
92.33,931875921.2231692
92.34999999999998,878673169.8318659
92.36999999999999,863366862.8319743
92.39,869636751.948818
92.40999999999998,912360672.273097
92.42999999999999,911554685.189821
92.44999999999999,910111679.6828287
92.46999999999998,922950418.701733
92.49,894352003.9223303
92.50999999999999,894157374.0069927
92.52999999999999,890480137.4796067
92.55,898782155.1700953
92.57,922886433.8327576
92.58999999999999,892454546.278113
92.61,899111143.9996777
92.62999999999998,911948103.0276226
92.64999999999999,867927970.6350193
92.66999999999999,867380150.7800348
92.68999999999998,872041937.1510379
92.71,908619398.0862672
92.72999999999999,941555008.7261746
92.74999999999999,918392924.0856405
92.77,891460385.6860336
92.78999999999999,922911264.4727467
92.80999999999999,930830387.144109
92.83,896599230.8847028
92.84999999999998,941572139.781068
92.86999999999999,905753438.7583386
92.89,907771229.6510078
92.90999999999998,879517188.423168
92.92999999999999,927153625.642506
92.94999999999999,920885381.1754996
92.96999999999998,863817804.6033943
92.99,852997311.4622822
93.00999999999999,887928040.7466553
93.02999999999999,828838024.4917822
93.05,905379442.2206032
93.07,884819238.7951818
93.08999999999999,865573896.527059
93.11,909023438.4863371
93.12999999999998,894764114.9171451
93.14999999999999,852703868.0525966
93.16999999999999,902647948.629503
93.18999999999998,859038863.1254456
93.21,926794895.993742
93.22999999999999,887868426.0834253
93.24999999999999,860964773.9576693
93.27,847779215.4469947
93.28999999999999,876611447.256406
93.30999999999999,913102361.1702018
93.33,878249179.398769
93.34999999999998,944816243.8165578
93.36999999999999,938797542.4477644
93.38999999999999,910688633.3663317
93.40999999999998,934674390.309602
93.42999999999999,846973618.0524602
93.44999999999999,857682188.3122256
93.46999999999998,868247460.884995
93.49,892938467.56935
93.50999999999999,885143381.5077672
93.52999999999999,906528039.6545699
93.55,890876897.0184776
93.57,924813968.5149705
93.58999999999999,893927691.9797894
93.61,899759500.6074849
93.62999999999998,855334529.2176629
93.64999999999999,892417604.9787179
93.66999999999999,892571394.5500523
93.68999999999998,909245695.221744
93.71,916280631.3253803
93.72999999999999,840916223.424301
93.74999999999999,846234554.4813629
93.77,879123937.7738305
93.78999999999999,846656865.510649
93.80999999999999,884501484.1961395
93.83,922540529.8771172
93.84999999999998,883632317.9245342
93.86999999999999,902452649.6390471
93.88999999999999,889503024.0429054
93.90999999999998,911128581.7590536
93.92999999999999,920914595.174789
93.94999999999999,883174227.7632935
93.96999999999998,902177275.2258927
93.99,888923553.5371445
94.00999999999999,870891768.431446
94.02999999999999,897905223.3474816
94.05,842063791.7067443
94.07,866996718.4828376
94.08999999999999,859428828.6718351
94.11,885691027.7042897
94.12999999999998,897063541.4820681
94.14999999999999,907788986.5241221
94.16999999999999,921843621.1501299
94.18999999999998,896117676.2767146
94.21,871252695.1279378
94.22999999999999,862148688.4005135
94.24999999999999,896159193.7260773
94.27,934977438.7702053
94.28999999999999,899264794.8944119
94.30999999999999,897217424.4973859
94.33,878349713.8358097
94.34999999999998,895602952.652327
94.36999999999999,858755402.5840539
94.38999999999999,881920303.588612
94.40999999999998,897337284.0286745
94.42999999999999,916873079.3104429
94.44999999999999,885451551.7584381
94.46999999999998,931417943.5529642
94.49,867616740.4882804
94.50999999999999,848150579.0197409
94.52999999999999,913498197.8742408
94.55,924839418.6123878
94.57,885788323.9712455
94.58999999999999,816029797.3942409
94.61,872095570.5171546
94.62999999999998,901892624.9695351
94.64999999999999,855858088.9212795
94.66999999999999,885180169.6531191
94.68999999999998,901901002.543777
94.71,868222931.2987025
94.72999999999999,927598437.0301179
94.74999999999999,939060141.7922198
94.77,882347349.0554591
94.78999999999999,925657207.2916114
94.80999999999999,905014909.1813905
94.83,902091973.5582638
94.84999999999998,951364023.5608888
94.86999999999999,855795376.6653107
94.88999999999999,877809812.3438629
94.90999999999998,892278380.8465067
94.92999999999999,837634734.8632941
94.94999999999999,855584742.1039032
94.96999999999998,906941853.1005976
94.99,893234655.4059134
95.00999999999999,959991527.2700626
95.02999999999999,901553975.2482626
95.05,903775102.2766299
95.06999999999998,902483828.5419918
95.08999999999999,931053111.4652879
95.11,954853659.1341978
95.12999999999998,907808549.6121553
95.14999999999999,908776418.9962931
95.16999999999999,886041740.7488055
95.18999999999998,912511472.941369
95.21,975109652.5489918
95.22999999999999,939433307.3671577
95.24999999999999,949178229.2732362
95.27,897175855.8451265
95.28999999999999,916792908.738191
95.30999999999999,928567315.7844557
95.33,966042632.9143604
95.34999999999998,922602196.1990004
95.36999999999999,970073075.4876502
95.38999999999999,959847292.7456808
95.40999999999998,930495103.1110498
95.42999999999999,918402738.2260287
95.44999999999999,932584050.1638471
95.46999999999998,931768691.0516905
95.49,958016316.5336753
95.50999999999999,979487534.8836503
95.52999999999999,959895676.9217736
95.55,958723842.2101402
95.56999999999998,923164951.9436015
95.58999999999999,927299673.2368293
95.61,957277538.3619378
95.62999999999998,965899717.8302883
95.64999999999999,957691126.3631204
95.66999999999999,941900815.8386763
95.68999999999998,951596696.1217366
95.71,927538251.0441227
95.72999999999999,937208622.993801
95.74999999999999,955008303.3160961
95.77,964209378.8109629
95.78999999999999,957284471.9423715
95.80999999999999,948619226.3859172
95.83,954285842.412807
95.84999999999998,928360279.9993924
95.86999999999999,948126731.6170447
95.88999999999999,941346340.5135996
95.90999999999998,944900681.1404706
95.92999999999999,937025569.6027491
95.94999999999999,971874905.2673217
95.96999999999998,927943745.7513405
95.99,910638761.5911708
96.00999999999999,929347961.1317084
96.02999999999999,916844588.5510218
96.05,965922822.4800537
96.06999999999998,925230182.3838588
96.08999999999999,899824968.9572918
96.11,901980562.4923242
96.12999999999998,901412218.1022408
96.14999999999999,917340645.1753224
96.16999999999999,937602077.0141232
96.18999999999998,917215700.8415942
96.21,924195296.8644441
96.22999999999999,880473899.8126887
96.24999999999999,869468469.751152
96.27,888067235.7292325
96.28999999999999,907334244.9163116
96.30999999999999,860238975.3547676
96.33,875113041.3607477
96.34999999999998,911548258.8838909
96.36999999999999,866766629.8947359
96.38999999999999,940237282.7792339
96.40999999999998,871199041.0129826
96.42999999999999,899228840.7951722
96.44999999999999,927117257.8097255
96.46999999999998,911949037.2427421
96.49,869201512.4257246
96.50999999999999,906640725.8266667
96.52999999999999,928295058.4933809
96.55,909281065.1471534
96.56999999999998,886748732.6293246
96.58999999999999,864884193.3648916
96.61,870807669.011069
96.62999999999998,885127831.4200882
96.64999999999999,873863288.2406169
96.66999999999999,882751461.493444
96.68999999999998,865367435.4843092
96.71,909020390.1415708
96.72999999999999,900304737.2899306
96.74999999999999,849977331.7533422
96.77,855238722.42517
96.78999999999999,893846497.7379552
96.80999999999999,909468900.2719572
96.83,929006200.2538873
96.84999999999998,898931818.48939
96.86999999999999,849999524.3983982
96.88999999999999,864489950.2731909
96.90999999999998,920828791.3282069
96.92999999999999,919112634.5205996
96.94999999999999,833632344.6244438
96.96999999999998,880372387.4013023
96.99,894969950.3645661
97.00999999999999,874117689.8061489
97.02999999999999,844636823.6449918
97.05,890359523.7026634
97.06999999999998,845069772.6273854
97.08999999999999,882850552.8465152
97.11,861989507.9439647
97.12999999999998,825402979.3424287
97.14999999999999,866216859.0382706
97.16999999999999,870848192.1035888
97.18999999999998,887701299.7731719
97.21,901390268.3125645
97.22999999999999,916791613.3380694
97.24999999999999,897748891.6588742
97.27,876657107.0326198
97.28999999999999,835025909.9910808
97.30999999999999,856193451.5700053
97.33,890084015.4908702
97.34999999999998,883965090.5870041
97.36999999999999,820151422.3857965
97.38999999999999,861600149.9162946
97.40999999999998,848039698.0699356
97.42999999999999,871628104.1566414
97.44999999999999,881192754.5478563
97.46999999999998,874240088.7351788
97.49,889061118.4872218
97.50999999999999,885025162.049465
97.52999999999999,873395692.5058281
97.55,901851126.6005625
97.56999999999998,917732175.8096514
97.58999999999999,934867192.1453161
97.61,856031741.374031
97.62999999999998,914957302.6379719
97.64999999999999,908204435.0002295
97.66999999999999,908123015.8063903
97.68999999999998,895871114.2142943
97.71,877961921.9980505
97.72999999999999,913245043.1855994
97.74999999999999,928944671.7709988
97.77,903972994.6830242
97.78999999999999,896324624.2046022
97.80999999999999,923775281.5890942
97.83,933899917.740198
97.84999999999998,902822563.2311287
97.86999999999999,915722426.6264825
97.88999999999999,833015677.4220501
97.90999999999998,867666567.931918
97.92999999999999,878296379.9162773
97.94999999999999,918235319.3061922
97.96999999999998,914457163.7434217
97.99,899411352.9175245
98.00999999999999,902157155.7410324
98.02999999999999,963616317.9285251
98.05,985479746.984947
98.06999999999998,933326175.5960525
98.08999999999999,896744326.6625025
98.11,919166244.5875921
98.12999999999998,931935616.3843488
98.14999999999999,933361749.010558
98.16999999999999,970017914.37257
98.18999999999998,985196458.5957843
98.21,970721015.1466042
98.22999999999999,978859497.8039733
98.24999999999999,1019133251.602499
98.27,989252429.4357241
98.28999999999999,1032927334.0853627
98.30999999999999,1019850122.436456
98.33,1031502180.2710557
98.34999999999998,1058037470.744677
98.36999999999999,1124696908.1574056
98.38999999999999,1126799701.2584069
98.40999999999998,1114585173.2151394
98.42999999999999,1152371087.9944227
98.44999999999999,1180437741.6413867
98.46999999999998,1213534703.001638
98.49,1188750514.211326
98.50999999999999,1281436158.499833
98.52999999999999,1386329753.6359532
98.55,1473677765.979828
98.56999999999998,1419010080.7302523
98.58999999999999,1458710426.4061105
98.61,1504123881.9201348
98.62999999999998,1586333586.6203778
98.64999999999999,1690999606.2990613
98.66999999999999,1739975981.5556831
98.68999999999998,1875421170.2279394
98.71,1925876198.0683973
98.72999999999999,1981846680.9904006
98.74999999999999,2051998385.3869693
98.77,2152555786.733164
98.78999999999999,2286617669.178741
98.80999999999999,2288320894.0077896
98.83,2318227343.1578155
98.84999999999998,2441030376.1928344
98.86999999999999,2524393424.0501103
98.88999999999999,2444803841.597301
98.90999999999998,2492109496.1809287
98.92999999999999,2429550881.7419934
98.94999999999999,2510501109.669281
98.96999999999998,2469813176.9894524
98.99,2422294127.7323647
99.00999999999999,2424120081.605178
99.02999999999999,2413348902.0612006
99.05,2340050693.496583
99.06999999999998,2308974015.215041
99.08999999999999,2310490565.050683
99.11,2217949718.9870157
99.12999999999998,2140951594.628133
99.14999999999999,2124372949.728059
99.16999999999999,2151952315.22912
99.18999999999998,1940356775.5194325
99.21,1946949440.5012927
99.22999999999999,2042899664.1752954
99.24999999999999,1968763780.8209748
99.27,1901011486.243418
99.28999999999999,1820686050.7516506
99.30999999999999,1790495605.6283026
99.33,1685387103.6628573
99.34999999999998,1618296864.3194885
99.36999999999999,1573387787.327957
99.38999999999999,1543214070.344825
99.40999999999998,1461528786.1481838
99.42999999999999,1428678508.606814
99.44999999999999,1365954602.4104695
99.46999999999998,1325914319.5266795
99.49,1274171654.3019812
99.50999999999999,1246931201.3019466
99.52999999999999,1257367190.709107
99.55,1170651746.6977127
99.56999999999998,1140878194.0424562
99.58999999999999,1091708197.4525075
99.61,1143600140.7826188
99.62999999999998,1091963197.506708
99.64999999999999,1076656756.3367867
99.66999999999999,1124693575.1518319
99.68999999999998,1035881778.179699
99.71,993435296.30316
99.72999999999999,973416534.7144065
99.74999999999999,1025370697.689864
99.77,954813842.241449
99.78999999999999,992611119.2616667
99.80999999999999,956963489.7671927
99.83,960054027.6739572
99.84999999999998,945783117.4752907
99.86999999999999,896294051.8757428
99.88999999999999,906051901.0711659
99.90999999999998,892670662.7374609
99.92999999999999,925895084.2338122
99.94999999999999,905303163.8185692
99.96999999999998,912072788.5203071
99.99,862744569.5560774
100.00999999999999,894956546.4992548
100.02999999999999,882867032.4953153
100.05,880964668.2708488
100.06999999999998,902530736.3159014
100.08999999999999,912380728.9610637
100.11,897230966.4785223
100.12999999999998,879540285.5415896
100.14999999999999,903195388.3248239
100.16999999999999,890318300.1664145
100.18999999999998,882284914.4542447
100.21,881068085.3276482
100.22999999999999,851068265.9676833
100.24999999999999,913246395.8234814
100.27,854537831.2538439
100.28999999999999,865088010.8178638
100.30999999999999,866310359.8531632
100.33,858676125.9641621
100.34999999999998,865612038.2773274
100.36999999999999,854272829.4168661
100.38999999999999,831591129.8048984
100.40999999999998,870013222.5779057
100.42999999999999,861139681.7993014
100.44999999999999,835960273.5558673
100.46999999999998,817721766.0999608
100.49,866129095.7841902
100.50999999999999,842301634.1521674
100.52999999999999,844111953.9988579
100.55,831383689.1078652
100.56999999999998,848826368.641972
100.58999999999999,899623262.8175569
100.60999999999999,867513079.9350506
100.62999999999998,836544965.2531096
100.64999999999999,868002700.6499182
100.66999999999999,873091704.321278
100.68999999999998,881632362.3262994
100.71,869465241.6474787
100.72999999999999,829105382.7869207
100.74999999999999,841325396.8910928
100.77,826081369.8711908
100.78999999999999,869629609.8437066
100.80999999999999,837076723.7846274
100.83,866107005.073818
100.84999999999998,871723797.1183547
100.86999999999999,846721196.9030632
100.88999999999999,834553671.4662939
100.90999999999998,850975066.4202782
100.92999999999999,784122567.2789176
100.94999999999999,861631708.4410121
100.96999999999998,840878386.6637784
100.99,869918459.6500448
101.00999999999999,853087053.9525234
101.02999999999999,829296578.9469689
101.05,832397050.3861207
101.06999999999998,804437495.1287158
101.08999999999999,818143444.7753286
101.10999999999999,814192392.580338
101.12999999999998,838949346.8845019
101.14999999999999,865762651.0289744
101.16999999999999,822028717.8280075
101.18999999999998,828547466.4648576
101.21,774311578.7620313
101.22999999999999,812083899.5585575
101.24999999999999,820289767.8138874
101.27,853899790.2596207
101.28999999999999,833300225.2797292
101.30999999999999,823923734.4331819
101.33,816028034.2353683
101.34999999999998,881654881.1253053
101.36999999999999,803471630.0140712
101.38999999999999,832268122.7616628
101.40999999999998,839225053.6302831
101.42999999999999,812338159.0227963
101.44999999999999,876133868.2913386
101.46999999999998,827832761.2838417
101.49,824920673.7818044
101.50999999999999,841936490.748634
101.52999999999999,867864035.7032343
101.55,845128858.4746249
101.56999999999998,829642230.0090327
101.58999999999999,827764413.4515997
101.60999999999999,807173140.8438296
101.62999999999998,860467884.6915461
101.64999999999999,846232083.9224901
101.66999999999999,799762140.3074832
101.68999999999998,807587491.8582425
101.71,808296413.3386272
101.72999999999999,805841348.8316836
101.74999999999999,867198303.8012875
101.77,807999511.6611444
101.78999999999999,843977546.057737
101.80999999999999,826056326.9631308
101.83,776392774.452181
101.84999999999998,805238393.5706728
101.86999999999999,813278877.4120654
101.88999999999999,801290673.6642226
101.90999999999998,825216148.2213206
101.92999999999999,863141907.6015518
101.94999999999999,853179918.2831582
101.96999999999998,842842361.580931
101.99,836387267.6755561
102.00999999999999,822401636.2170635
102.02999999999999,743556406.0794111
102.05,800481568.0378343
102.06999999999998,859285014.916892
102.08999999999999,851152931.503705
102.10999999999999,814592885.5272306
102.12999999999998,817566414.2667542
102.14999999999999,808592301.3225311
102.16999999999999,819726875.7045277
102.18999999999998,805233373.2762308
102.21,817456186.370686
102.22999999999999,819465402.934293
102.24999999999999,832691687.8226863
102.27,795264648.602582
102.28999999999999,839248144.3461385
102.30999999999999,863591277.6486032
102.33,813852446.7857524
102.34999999999998,804190292.8400776
102.36999999999999,818726416.2273848
102.38999999999999,849838323.2535144
102.40999999999998,813708067.8607031
102.42999999999999,835310168.3195899
102.44999999999999,845872216.0515757
102.46999999999998,847998704.5118728
102.49,847495685.4991069
102.50999999999999,818196626.6872826
102.52999999999999,834330865.3015269
102.55,818090746.875667
102.56999999999998,845361798.2660502
102.58999999999999,872576662.5089154
102.60999999999999,813672427.7278793
102.62999999999998,784024992.5482992
102.64999999999999,832282344.1441424
102.66999999999999,835321333.2405317
102.68999999999998,826219676.4625436
102.71,854000904.1103815
102.72999999999999,818078138.9027464
102.74999999999999,816180215.9300895
102.77,837376470.5636907
102.78999999999998,819109314.8723919
102.80999999999999,805434064.3730137
102.83,816870520.8279074
102.84999999999998,841597402.087451
102.86999999999999,825237131.1641883
102.88999999999999,786278941.5960777
102.90999999999998,820758558.3563086
102.92999999999999,789350130.8233123
102.94999999999999,815385539.446812
102.96999999999998,812394846.6429067
102.99,780348644.5762548
103.00999999999999,814012227.5564829
103.02999999999999,832971771.9311746
103.05,846354476.567013
103.06999999999998,852808730.7114044
103.08999999999999,829368800.5475987
103.10999999999999,789790190.9548436
103.12999999999998,810712293.3998637
103.14999999999999,773059116.9813036
103.16999999999999,772771372.8310199
103.18999999999998,842449652.4320228
103.21,809698821.4886086
103.22999999999999,816236157.4462504
103.24999999999999,784040410.9622992
103.27,780303870.8833904
103.28999999999998,785423691.4359683
103.30999999999999,794249209.824461
103.33,778967953.1188145
103.34999999999998,820502951.8436179
103.36999999999999,832759820.6132214
103.38999999999999,804658396.1120284
103.40999999999998,793228697.2752602
103.42999999999999,847571960.6316738
103.44999999999999,817335175.1215496
103.46999999999998,804848894.0216442
103.49,817112830.8179413
103.50999999999999,787584991.8658412
103.52999999999999,783982241.3910598
103.55,825868752.47953
103.56999999999998,798564941.4391696
103.58999999999999,857749364.957178
103.60999999999999,795447288.5366318
103.62999999999998,846806670.4719442
103.64999999999999,857058615.7690473
103.66999999999999,777752832.7858813
103.68999999999998,786076494.2733047
103.71,798657129.1353017
103.72999999999999,825348335.9752995
103.74999999999999,786689290.9683783
103.77,778548308.7658813
103.78999999999998,809458562.4330748
103.80999999999999,807494251.4007015
103.83,785226754.52734
103.84999999999998,758717082.7570823
103.86999999999999,768512799.7654455
103.88999999999999,791516091.5986472
103.90999999999998,847798805.6593049
103.92999999999999,779939046.4039036
103.94999999999999,792807750.622952
103.96999999999998,760826431.9195099
103.99,786746789.3924232
104.00999999999999,788874981.9973738
104.02999999999999,800124400.3526765
104.05,847243069.6128979
104.06999999999998,826090355.7593799
104.08999999999999,798328670.4057541
104.11,795700531.9502326
104.12999999999998,777864595.3879334
104.14999999999999,780201506.352819
104.17,770422345.6498307
104.18999999999998,790292292.2300613
104.21,804286306.5310097
104.22999999999998,813299981.3823061
104.24999999999999,801995569.8965423
104.27,802955868.8859986
104.28999999999998,749740553.3473233
104.30999999999999,775784658.5617787
104.33,837706998.7914124
104.34999999999998,783070973.8073816
104.36999999999999,797218667.9004515
104.39,786544190.6146514
104.40999999999998,814142503.5717131
104.42999999999999,792037652.3201193
104.44999999999997,826012638.959603
104.46999999999998,809098420.2044107
104.49,809930214.6682843
104.50999999999998,817253241.798381
104.52999999999999,823408712.9031107
104.55,787626541.1571845
104.56999999999998,768282392.0641437
104.58999999999999,781964172.0888826
104.61,749848430.0940353
104.62999999999998,771786935.5827835
104.64999999999999,806940003.7808498
104.67,823165730.2205973
104.68999999999998,811321484.6805954
104.71,792616090.2930382
104.72999999999998,779101821.5188742
104.74999999999999,828264639.6666892
104.77,804927532.7721798
104.78999999999998,789580241.9568425
104.80999999999999,772138979.863811
104.83,793709292.6293697
104.84999999999998,800504413.7118212
104.86999999999999,805080442.8993307
104.89,774869420.5184239
104.90999999999998,725935937.0341839
104.92999999999999,784934994.8645183
104.94999999999997,780156621.7044766
104.96999999999998,737844612.3961518
104.99,797292594.5583954
105.00999999999998,792253247.6969031
105.02999999999999,806985510.3437101
105.05,776992832.5795339
105.06999999999998,763044853.6516551
105.08999999999999,805657813.3012773
105.11,764699533.0853456
105.12999999999998,771083638.257266
105.14999999999999,808008767.7584181
105.17,783458578.7625601
105.18999999999998,812561062.5339353
105.21,747351675.8561941
105.22999999999998,756042742.7309178
105.24999999999999,771888141.3023498
105.27,789519774.1207606
105.28999999999998,754170650.1470128
105.30999999999999,768049799.454572
105.33,764104798.3530719
105.34999999999998,764064363.8018733
105.36999999999999,784660476.4464334
105.39,805912745.8924738
105.40999999999998,810815747.516706
105.42999999999999,788137624.7418047
105.44999999999997,769105017.7808596
105.46999999999998,790554301.1281016
105.49,800240556.4610987
105.50999999999998,752407771.9127687
105.52999999999999,813412005.8295478
105.55,818107073.944673
105.56999999999998,766967059.9085102
105.58999999999999,729131078.720104
105.61,763363294.4215639
105.62999999999998,776180694.5312613
105.64999999999999,766084185.4470975
105.67,813912662.2477546
105.68999999999998,780161895.783825
105.71,790265563.2628775
105.72999999999998,794947679.4091669
105.74999999999999,791102554.6266301
105.77,800889124.2502404
105.78999999999998,783061088.0223079
105.80999999999999,795439787.2898747
105.83,836579055.8795167
105.84999999999998,789200630.7002456
105.86999999999999,845400676.0990161
105.89,797244557.4692342
105.90999999999998,786921584.2045956
105.92999999999999,796444901.6458136
105.94999999999997,785153936.9831771
105.96999999999998,815669457.0072621
105.99,806029607.8346868
106.00999999999998,770083577.5311904
106.02999999999999,779590071.9512492
106.05,810811902.498277
106.06999999999998,777840281.0191251
106.08999999999999,805410195.0362415
106.11,806520826.4888381
106.12999999999998,790636329.2906885
106.14999999999999,799887499.2409593
106.17,781545967.8233265
106.18999999999998,769961461.9931767
106.21,817600069.8958031
106.22999999999998,772963949.2558436
106.24999999999999,742083673.0698508
106.27,760843424.9960864
106.28999999999998,822095270.4835249
106.30999999999999,784697725.1137918
106.33,791243418.2164425
106.34999999999998,809576317.7500088
106.36999999999999,769945396.9470346
106.39,799835755.9850384
106.40999999999998,785542810.9373097
106.42999999999999,793088645.2757078
106.44999999999997,784141846.2239636
106.46999999999998,773220900.0838108
106.49,781203613.3495001
106.50999999999998,788832976.5960686
106.52999999999999,762050559.3780518
106.55,789308883.5476428
106.56999999999998,778841428.4804895
106.58999999999999,788399405.7035592
106.61,754356070.5091617
106.62999999999998,798031629.5182608
106.64999999999999,747013085.2944888
106.67,743384510.739485
106.68999999999998,737272181.9819053
106.71,793837520.3121327
106.72999999999998,772634158.2907991
106.74999999999999,774126325.1886858
106.77,830982190.2709662
106.78999999999998,799133695.4964948
106.80999999999999,778336047.4962964
106.83,776362095.1265203
106.84999999999998,784355856.624508
106.86999999999999,777219201.4167498
106.89,809884353.3033674
106.90999999999998,784257006.9271961
106.92999999999999,781010645.2621558
106.94999999999997,741831715.4399775
106.96999999999998,799441152.1941935
106.99,786708734.1639683
107.00999999999998,796034940.116314
107.02999999999999,764599955.4449273
107.05,791525758.7690856
107.06999999999998,794664764.5026109
107.08999999999999,812622009.4537743
107.11,776406716.075119
107.12999999999998,748752459.1171745
107.14999999999999,758850100.4621383
107.17,826218016.6498535
107.18999999999998,779850109.1393049
107.21,802554711.3158985
107.22999999999998,794885831.6753203
107.24999999999999,799682368.2958198
107.27,809801167.2451881
107.28999999999998,796608732.9444501
107.30999999999999,782275454.1332483
107.33,769845972.317414
107.34999999999998,791365403.2988486
107.36999999999999,767456999.849023
107.39,760973203.7357874
107.40999999999998,761205325.0097797
107.42999999999999,791331575.9086361
107.44999999999997,757778408.8589714
107.46999999999998,784129468.060855
107.49,803055994.4166527
107.50999999999998,767568645.0285165
107.52999999999999,795569242.0496324
107.55,794504949.8450123
107.56999999999998,762502238.0167227
107.58999999999999,740958342.4820702
107.61,764678326.6652772
107.62999999999998,741858255.9359322
107.64999999999999,758748625.6236316
107.67,758545008.9221382
107.68999999999998,769921296.5018425
107.71,782870423.5409684
107.72999999999998,799244690.6367568
107.74999999999999,789011389.4693698
107.77,761086943.2365279
107.78999999999998,782924293.6977146
107.80999999999999,721850537.1242604
107.83,767415142.1555672
107.84999999999998,789686849.2049224
107.86999999999999,795282556.4055587
107.89,834974813.8901522
107.90999999999998,761031224.835578
107.92999999999999,775363134.0670031
107.94999999999997,783496274.813146
107.96999999999998,772524591.4924738
107.99,777537213.9445609
108.00999999999998,769450127.9316754
108.02999999999999,785337024.611591
108.05,789842495.88169
108.06999999999998,741724528.2118866
108.08999999999999,763854552.420996
108.11,812162291.469899
108.12999999999998,771384251.643855
108.14999999999999,789964645.2923858
108.17,786385560.8373885
108.18999999999998,772937689.6255449
108.21,742317505.3256814
108.22999999999998,740926969.0057716
108.24999999999999,789039012.0757914
108.27,826312052.0900432
108.28999999999998,731560650.8811747
108.30999999999999,753655279.8215252
108.33,787163380.9611892
108.34999999999998,809009988.3437881
108.36999999999999,757762129.4843774
108.39,800611868.5767403
108.40999999999998,762696607.2468594
108.42999999999999,767931806.4131447
108.44999999999997,773787553.4426781
108.46999999999998,767485755.7281961
108.49,785562804.8468516
108.50999999999998,771342327.306548
108.52999999999999,748046695.8116047
108.55,750513356.3757452
108.56999999999998,743548790.527282
108.58999999999999,726490554.7719859
108.61,761611524.2967051
108.62999999999998,786531023.8771242
108.64999999999999,773884135.6239512
108.67,754596366.4274684
108.68999999999998,778254524.9550631
108.71,808532826.032935
108.72999999999998,785468453.8271003
108.74999999999999,784457414.3310463
108.77,770347394.3638266
108.78999999999998,774280012.7053853
108.80999999999999,748170093.9080659
108.83,755457219.7465355
108.84999999999998,801971248.8292668
108.86999999999999,784534648.5498923
108.89,778888548.0776465
108.90999999999998,782642017.1985685
108.92999999999999,813441190.0125719
108.94999999999997,804068122.5604041
108.96999999999998,777859417.4997177
108.99,800604325.373502
109.00999999999998,754323843.9868997
109.02999999999999,747491580.9851503
109.05,787365535.1850806
109.06999999999998,766928514.4728986
109.08999999999999,737802610.8083792
109.11,773976628.7731197
109.12999999999998,771444572.5340477
109.14999999999999,766943363.9834937
109.16999999999997,771878050.1772254
109.18999999999998,792305824.1841121
109.21,762701979.3333944
109.22999999999998,718288305.1228049
109.24999999999999,809618033.8498975
109.27,791875921.1216087
109.28999999999998,794171814.5143114
109.30999999999999,742529040.2998927
109.33,763194349.8411624
109.34999999999998,793794303.4847895
109.36999999999999,774311161.4988332
109.39,799074370.6991532
109.40999999999998,756634961.7187948
109.42999999999999,754862415.9115692
109.44999999999997,749484745.2116268
109.46999999999998,746622857.2509024
109.49,778676354.439474
109.50999999999998,709680455.7847587
109.52999999999999,767705897.0393091
109.55,799347456.3590846
109.56999999999998,750401611.1816497
109.58999999999999,758197295.6506759
109.61,776009090.274246
109.62999999999998,799411345.6172448
109.64999999999999,839295182.500391
109.66999999999997,780864915.7797453
109.68999999999998,783548577.77872
109.71,785205206.2724122
109.72999999999998,756257805.5271124
109.74999999999999,788604760.1422449
109.77,793871303.1841929
109.78999999999998,732068799.3410472
109.80999999999999,756082915.8130873
109.83,746616246.5097798
109.84999999999998,802078568.5854509
109.86999999999999,760256354.8316039
109.89,782401320.5021818
109.90999999999998,766959063.9103868
109.92999999999999,764851124.9422677
109.94999999999997,765774466.5879016
109.96999999999998,779941997.0420252
109.99,738720585.5491219
110.00999999999998,780101892.0963805
110.02999999999999,786141890.967857
110.05,733673185.8004208
110.06999999999998,753552871.5471721
110.08999999999999,768984361.3358259
110.11,793215503.0621128
110.12999999999998,779036464.3590126
110.14999999999999,768487520.5385517
110.16999999999997,751809098.6235776
110.18999999999998,732184525.5544224
110.21,737733503.8394976
110.22999999999998,735611408.4587855
110.24999999999999,765564965.7441016
110.27,803924236.0175347
110.28999999999998,777489983.8113768
110.30999999999999,803491746.7210182
110.33,775433773.079874
110.34999999999998,755787862.7586504
110.36999999999999,740505285.2567959
110.39,750384576.7936227
110.40999999999998,744332667.8743887
110.42999999999999,755629744.5958513
110.44999999999997,740906672.9487094
110.46999999999998,763712492.3654914
110.49,775691898.462447
110.50999999999998,750611140.1888831
110.52999999999999,734733756.9601549
110.55,728145888.9413034
110.56999999999998,777168855.3917117
110.58999999999999,791709967.2477063
110.61,756664211.9897181
110.62999999999998,782425942.2786051
110.64999999999999,745298765.149622
110.66999999999997,767619254.237172
110.68999999999998,775682062.7634571
110.71,728353741.5245214
110.72999999999998,730648612.251725
110.74999999999999,765715746.8159778
110.77,772109568.3751138
110.78999999999998,809668969.9916432
110.80999999999999,814106829.2695405
110.83,754670075.288828
110.84999999999998,766754913.9600854
110.86999999999999,714761484.2888665
110.89,721220398.3737932
110.90999999999998,739468856.6939418
110.92999999999999,756511836.8176779
110.94999999999997,765755751.2184104
110.96999999999998,796732372.549347
110.99,764804240.6825742
111.00999999999998,729818799.6795286
111.02999999999999,771815772.9710304
111.05,772786445.3478546
111.06999999999998,789134367.0643227
111.08999999999999,770923705.5721798
111.11,786542855.7925011
111.12999999999998,748993596.0397145
111.14999999999999,761894112.8349724
111.16999999999997,798235727.8225589
111.18999999999998,757530422.4158567
111.21,749631369.1607376
111.22999999999998,755128847.9402827
111.24999999999999,742410682.3715239
111.27,734623638.2310541
111.28999999999998,784637377.0952199
111.30999999999999,745785630.1936747
111.33,775426216.6119602
111.34999999999998,749008785.4657458
111.36999999999999,726033838.1017944
111.39,761059516.050247
111.40999999999998,771671406.4886513
111.42999999999999,749522600.87538
111.44999999999997,714296147.6644316
111.46999999999998,755107843.559252
111.49,758823221.9390196
111.50999999999998,789227468.1688298
111.52999999999999,789413287.8488
111.55,769281271.2464104
111.56999999999998,767310883.1207608
111.58999999999999,777655326.7304935
111.61,756496418.4203719
111.62999999999998,777558296.7442324
111.64999999999999,766170322.9873644
111.66999999999997,751619931.1401253
111.68999999999998,758878903.4395804
111.71,700225166.8779984
111.72999999999998,734841500.521332
111.74999999999999,794614097.3268795
111.77,745869834.8897303
111.78999999999998,734322323.30597
111.80999999999999,744585609.53879
111.83,792393297.6578141
111.84999999999998,800290972.3878096
111.86999999999999,803931225.1701021
111.89,790066074.1248103
111.90999999999998,782031028.2647389
111.92999999999999,732745423.8050047
111.94999999999997,778174821.8367132
111.96999999999998,753728907.1731967
111.99,735594390.1340955
112.00999999999998,741181218.8512417
112.02999999999999,716225980.8902078
112.05,719525840.7339169
112.06999999999998,771746946.6531351
112.08999999999999,817940493.5335566
112.11,756513676.0565763
112.12999999999998,771591674.2871995
112.14999999999999,800092847.923381
112.16999999999997,771106522.4942265
112.18999999999998,759488114.2475623
112.21,788842042.7133614
112.22999999999998,772208359.4649197
112.24999999999999,759470066.9285268
112.27,726795338.7824572
112.28999999999998,756786162.73161
112.30999999999999,752094705.0809538
112.33,770745213.7809988
112.34999999999998,748461204.7167766
112.36999999999999,800680327.5240203
112.39,756008677.7426772
112.40999999999998,775951984.428019
112.42999999999999,809931247.4515811
112.44999999999997,757811814.7518569
112.46999999999998,729015659.9092405
112.49,736211948.7586697
112.50999999999998,750489550.7032201
112.52999999999999,784532866.5457519
112.55,755094760.4995985
112.56999999999998,722110840.3431488
112.58999999999999,761305181.5221906
112.61,755964283.9656806
112.62999999999998,755758239.7111952
112.64999999999999,775051256.0161127
112.66999999999997,769230644.8329796
112.68999999999998,725724279.0435244
112.71,744486708.5273913
112.72999999999998,765730449.3644745
112.74999999999999,727729823.0257066
112.77,736196925.7893319
112.78999999999998,756792255.7456117
112.80999999999999,733199568.8290983
112.83,781650011.4226574
112.84999999999998,778774953.3080858
112.86999999999999,779368865.4559298
112.89,715149015.8972886
112.90999999999998,764507671.712309
112.92999999999999,767336334.1727564
112.94999999999997,718168359.4349571
112.96999999999998,741577145.0297778
112.99,757201122.5608388
113.00999999999998,781311076.6506335
113.02999999999999,751597012.6914921
113.05,746365175.9976245
113.06999999999998,733821421.3911077
113.08999999999999,777285918.055423
113.11,771958989.6675416
113.12999999999998,761218199.2052742
113.14999999999999,769834141.8264594
113.16999999999997,756853205.071513
113.18999999999998,757202050.6319596
113.21,742172722.806143
113.22999999999998,733752489.1460184
113.24999999999999,750797134.5435029
113.27,778964661.4842871
113.28999999999998,750961364.2441461
113.30999999999999,764196528.3126348
113.33,794818711.2390294
113.34999999999998,734139062.7082822
113.36999999999999,759583333.0918307
113.39,762146299.1290293
113.40999999999998,740807852.9330728
113.42999999999999,762390566.716778
113.44999999999997,753650143.2552902
113.46999999999998,737657824.0964297
113.49,725336795.6292431
113.50999999999998,781234741.6571157
113.52999999999999,781290556.9804397
113.55,797547619.653269
113.56999999999998,766769002.8255748
113.58999999999999,768741829.1396778
113.61,733463455.8125854
113.62999999999998,737104906.5201683
113.64999999999999,741051074.4026775
113.66999999999997,801258772.8262709
113.68999999999998,742828761.9292116
113.71,777284769.9636451
113.72999999999998,776162078.5938232
113.74999999999999,717183077.7861001
113.77,745188377.1716776
113.78999999999998,760522027.3138961
113.80999999999999,744249888.8703244
113.83,753026660.6410282
113.84999999999998,781767700.6142839
113.86999999999999,740176350.8306603
113.89,750156902.4164127
113.90999999999998,763049199.8724079
113.92999999999999,802825783.3467921
113.94999999999997,781411309.3489845
113.96999999999998,790927070.1817827
113.99,739173095.7330085
114.00999999999998,744526101.5931804
114.02999999999999,749021735.9182639
114.05,780165130.7422591
114.06999999999998,790786575.8638811
114.08999999999999,751201318.3772446
114.11,747335230.0248512
114.12999999999998,737917254.4041518
114.14999999999999,772488361.148062
114.16999999999997,766975564.8900934
114.18999999999998,770594692.1570793
114.21,804960499.2358767
114.22999999999998,781474750.2008454
114.24999999999999,750265867.9620252
114.27,816559660.2100925
114.28999999999998,757099312.6392573
114.30999999999999,756640861.8672693
114.33,807549363.672472
114.34999999999998,805768749.441684
114.36999999999999,738106102.3734983
114.39,773163651.1343888
114.40999999999998,744186606.3040342
114.42999999999999,758189990.6780714
114.44999999999997,747379373.8450087
114.46999999999998,757575634.4715044
114.49,764415524.4403936
114.50999999999998,799476972.7676879
114.52999999999999,814409935.1350064
114.55,773730157.7545733
114.56999999999998,743043584.1810685
114.58999999999999,825656603.8703748
114.61,797032486.4085499
114.62999999999998,779005911.8631661
114.64999999999999,757218170.4087311
114.66999999999997,801028661.5652335
114.68999999999998,761828333.3695202
114.71,782073389.2763823
114.72999999999998,790712419.9778495
114.74999999999999,812404325.8197185
114.77,806513103.9451156
114.78999999999998,822548212.7882962
114.80999999999999,796551037.6951721
114.83,804003545.6870335
114.84999999999998,816403807.361105
114.86999999999999,809487744.0746435
114.89,823241819.3375577
114.90999999999998,793338521.6578078
114.92999999999999,812072995.0649155
114.94999999999997,843161406.5420052
114.96999999999998,828960684.1630781
114.99,784872594.5001419
115.00999999999998,813426188.7204518
115.02999999999999,824344030.7167312
115.05,823824009.0110718
115.06999999999998,807098406.8616582
115.08999999999999,881081191.501457
115.11,945130122.7273207
115.12999999999998,881634513.2963127
115.14999999999999,905947130.6309958
115.16999999999997,885267810.5411271
115.18999999999998,879481274.015266
115.21,898031539.4310312
115.22999999999998,902333520.3191977
115.24999999999999,897990520.5243831
115.27,892894847.2172067
115.28999999999998,929245084.1154878
115.30999999999999,949191853.4839509
115.33,942963063.1107509
115.34999999999998,952744704.9862874
115.36999999999999,952577093.9967415
115.39,985255703.4201576
115.40999999999998,1046073002.6940835
115.42999999999999,995131138.7794071
115.44999999999997,991697063.3277639
115.46999999999998,1043520838.0179448
115.49,1129278705.8135047
115.50999999999998,1065380443.3614933
115.52999999999999,1071804558.7205212
115.55,1086536954.0703242
115.56999999999998,1128065070.597141
115.58999999999999,1161461216.0226052
115.61,1168690711.1345646
115.62999999999998,1225139580.9276178
115.64999999999999,1211469656.6461124
115.66999999999997,1257399949.4771247
115.68999999999998,1324284830.005903
115.71,1346940251.2189522
115.72999999999998,1303668130.464287
115.74999999999999,1400776038.428842
115.77,1426836452.1040714
115.78999999999998,1466590074.1320753
115.80999999999999,1498232606.5497444
115.83,1554974416.6392741
115.84999999999998,1567040228.8862793
115.86999999999999,1622873484.179342
115.89,1641554401.7086205
115.90999999999998,1697415371.2574592
115.92999999999999,1700805829.053465
115.94999999999997,1753245344.4626756
115.96999999999998,1853713199.9293232
115.99,1911451499.2885184
116.00999999999998,1955280564.4438682
116.02999999999999,1972479124.1297634
116.05,2072834446.6346972
116.06999999999998,2110569429.148563
116.08999999999999,2196599408.1351237
116.11,2170629076.8860846
116.12999999999998,2191469460.8808646
116.14999999999999,2238014266.4200845
116.16999999999997,2282324683.742442
116.18999999999998,2342447282.4513283
116.21,2321827311.6013002
116.22999999999998,2492251020.7719064
116.24999999999999,2372270945.0152407
116.27,2522758844.4008346
116.28999999999998,2522191457.488991
116.30999999999999,2498047066.3431187
116.33,2545731081.76137
116.34999999999998,2497787538.735332
116.36999999999999,2463723738.4309216
116.38999999999997,2469851660.95521
116.40999999999998,2453495320.2057242
116.42999999999999,2424448753.5005126
116.44999999999997,2430345385.7773585
116.46999999999998,2401757326.4767528
116.49,2419027103.917088
116.50999999999998,2371945011.25659
116.52999999999999,2391599717.527264
116.55,2380514991.3833942
116.56999999999998,2292315644.4488196
116.58999999999999,2207415155.5537252
116.61,2244714724.7364197
116.62999999999998,2247585242.394944
116.64999999999999,2193383182.1279035
116.66999999999997,2140214071.337992
116.68999999999998,2209656606.217224
116.71,2192586048.4768777
116.72999999999998,2081959866.2229946
116.74999999999999,2069018665.125981
116.77,2015939077.384292
116.78999999999998,2001357890.4761288
116.80999999999999,1930410557.4839838
116.83,1873711075.1146512
116.84999999999998,1905378499.9685168
116.86999999999999,1933284709.433777
116.88999999999997,1825530389.6302068
116.90999999999998,1734381083.3446784
116.92999999999999,1686629278.0939796
116.94999999999997,1656559137.9176168
116.96999999999998,1627617170.325892
116.99,1628937067.9305518
117.00999999999998,1540876986.9700413
117.02999999999999,1571618540.6666389
117.05,1484015980.4568274
117.06999999999998,1473122602.1881607
117.08999999999999,1393801474.798499
117.11,1381269865.383952
117.12999999999998,1376842801.7046576
117.14999999999999,1347082319.0315044
117.16999999999997,1316160534.1318593
117.18999999999998,1312924210.859213
117.21,1326261523.267957
117.22999999999998,1252036938.5324683
117.24999999999999,1202726861.4619222
117.27,1165353425.1432788
117.28999999999998,1126975436.0702534
117.30999999999999,1119262371.9880543
117.33,1146694677.3243337
117.34999999999998,1100434412.5001922
117.36999999999999,1091846400.795611
117.38999999999997,1067718050.9966677
117.40999999999998,1059804004.1255705
117.42999999999999,1062132302.7152212
117.44999999999997,1029929266.6730888
117.46999999999998,995305271.5433074
117.49,1003056495.1418574
117.50999999999998,955172550.616593
117.52999999999999,972236206.4478946
117.55,972150656.0698279
117.56999999999998,930532661.1376365
117.58999999999999,965782306.4054135
117.61,946540309.9850197
117.62999999999998,932998676.0731219
117.64999999999999,951203131.2488804
117.66999999999997,892577549.7899196
117.68999999999998,854971698.5110897
117.71,880049084.6573083
117.72999999999998,855367974.111332
117.74999999999999,870473012.8408083
117.77,871068061.8558948
117.78999999999998,843735327.0156535
117.80999999999999,829142268.9880764
117.83,844957251.6166605
117.84999999999998,855673859.5208161
117.86999999999999,838428477.4993764
117.88999999999997,878085018.95819
117.90999999999998,832234683.2878748
117.92999999999999,806474040.6826993
117.94999999999997,824030978.7516403
117.96999999999998,765196149.6599793
117.99,794117941.9570377
118.00999999999998,771051223.731145
118.02999999999999,786193593.3757403
118.05,805330260.6209472
118.06999999999998,793809248.0204117
118.08999999999999,749524324.3349134
118.11,811563658.7740116
118.12999999999998,767696813.0805346
118.14999999999999,731552320.0357146
118.16999999999997,785774628.8959944
118.18999999999998,782157720.8200059
118.21,772486117.7416493
118.22999999999998,719446768.3385708
118.24999999999999,724990159.4341233
118.27,754669679.4790636
118.28999999999998,777387902.7945745
118.30999999999999,754861750.9097933
118.33,743957578.4881265
118.34999999999998,726364015.119922
118.36999999999999,740217784.5156597
118.38999999999997,731944468.7740635
118.40999999999998,749880840.5229958
118.42999999999999,706615688.2875425
118.44999999999997,730271983.7060208
118.46999999999998,745676755.3270395
118.49,732845348.206097
118.50999999999998,737875691.0566261
118.52999999999999,746898651.571664
118.55,746916831.831568
118.56999999999998,728718676.6198264
118.58999999999999,742065222.4177358
118.61,750654146.5616128
118.62999999999998,742331398.8800918
118.64999999999999,762816844.7953151
118.66999999999997,734657991.3640224
118.68999999999998,744806250.3938009
118.71,777701516.0546046
118.72999999999998,751454703.9949447
118.74999999999999,784124815.7493349
118.77,746490897.7068303
118.78999999999998,736109648.6678298
118.80999999999999,725125568.9211506
118.83,689689323.4845343
118.84999999999998,689374184.5638325
118.86999999999999,761752665.3964162
118.88999999999997,761042998.5389895
118.90999999999998,741763712.1772579
118.92999999999999,755807781.904995
118.94999999999997,751442929.9493234
