Two Theta,Summed Intensity
40.53000000000001,1521177208.495293
40.550000000000004,1458384285.3416643
40.57000000000001,1477188477.0595055
40.59,1513462427.3075836
40.61000000000001,1524424494.5350566
40.63,1503078683.0186908
40.650000000000006,1545976038.4828534
40.67,1553491235.931478
40.690000000000005,1507602455.709757
40.71000000000001,1482396715.4752653
40.730000000000004,1505325791.0940928
40.75000000000001,1520909185.2791796
40.77,1519003284.95716
40.790000000000006,1518630146.583997
40.81,1470892004.1017916
40.830000000000005,1501469999.0224528
40.85,1476711154.6924114
40.870000000000005,1503066358.4745479
40.89000000000001,1515492956.4653125
40.910000000000004,1486973688.3428605
40.93000000000001,1468082068.5925043
40.95,1502074696.8541477
40.970000000000006,1514350311.6190758
40.99,1470146846.3934178
41.010000000000005,1486644181.8217542
41.03000000000001,1539185093.594627
41.050000000000004,1485785073.225305
41.07000000000001,1503489835.1278164
41.09,1483402107.6072347
41.11000000000001,1515186994.4283226
41.13,1433322469.0466545
41.150000000000006,1430971428.0647602
41.17,1477234189.3845663
41.190000000000005,1523175412.1712136
41.21000000000001,1477202699.0917356
41.230000000000004,1548323601.2898636
41.25000000000001,1483203864.386617
41.27,1476789552.6796844
41.290000000000006,1498596281.2205951
41.31,1522607213.2982538
41.330000000000005,1547154787.4134512
41.35,1501082799.3599126
41.370000000000005,1482950521.7251248
41.39000000000001,1447794654.4756556
41.410000000000004,1490008042.6883943
41.43000000000001,1527623784.872998
41.45,1602818107.0548956
41.470000000000006,1451712928.2511466
41.49,1465336908.7958903
41.510000000000005,1510079575.9442883
41.53000000000001,1527559911.5973923
41.550000000000004,1498141976.7132313
41.57000000000001,1518159367.6625326
41.59,1566168157.4711819
41.61000000000001,1547831334.9483414
41.63,1491659467.6896834
41.650000000000006,1469077537.8019052
41.67,1466569276.27163
41.690000000000005,1576310825.5771444
41.71000000000001,1470390919.1007059
41.730000000000004,1491892046.3628464
41.75000000000001,1466983501.0259242
41.77,1453294817.1311371
41.790000000000006,1489835855.4888887
41.81,1473556346.1084151
41.830000000000005,1491079219.2112026
41.85,1417000891.5915813
41.870000000000005,1504317526.2916002
41.89000000000001,1490522089.2401507
41.910000000000004,1470182788.3648353
41.93000000000001,1504374854.8256452
41.95,1496835770.469877
41.970000000000006,1499003800.7780282
41.99,1498785469.3071036
42.010000000000005,1513263143.3281066
42.03000000000001,1502200582.2503943
42.050000000000004,1536567187.1840906
42.07000000000001,1526261549.0114338
42.09,1470747536.1085515
42.11000000000001,1459315505.076644
42.13,1500172339.7403634
42.150000000000006,1457230616.173235
42.17,1498141759.1870363
42.190000000000005,1512451082.1302748
42.21000000000001,1485392819.739705
42.230000000000004,1540657252.349614
42.25000000000001,1520174295.6808612
42.27,1476003742.459918
42.290000000000006,1506938047.3299882
42.31,1507749888.6877074
42.330000000000005,1560498169.1998596
42.35,1574854859.2375746
42.370000000000005,1493469856.7065907
42.39000000000001,1529732100.1597018
42.410000000000004,1523170354.6426737
42.43000000000001,1512375049.0354235
42.45,1523563452.6451652
42.470000000000006,1526074325.8047252
42.49,1550842231.8127887
42.510000000000005,1580537913.1870074
42.53000000000001,1522398452.3732579
42.550000000000004,1598025113.7309864
42.57000000000001,1620839898.9343324
42.59,1572504831.3474967
42.61000000000001,1578839539.9289334
42.63,1580627054.5638633
42.650000000000006,1527659261.1588933
42.67,1628051839.691217
42.690000000000005,1617775944.1096182
42.71000000000001,1557149001.853962
42.730000000000004,1538892021.3978477
42.75000000000001,1600620130.803677
42.77,1625890094.229791
42.790000000000006,1643100952.371137
42.81,1583476550.8048875
42.830000000000005,1578663890.0776756
42.85,1618340975.861291
42.870000000000005,1565343910.085487
42.89000000000001,1628009584.223278
42.910000000000004,1587850232.9067907
42.93000000000001,1622696810.7493012
42.95,1599292834.055561
42.970000000000006,1641477942.7767324
42.99,1676765014.315222
43.010000000000005,1691145544.5421205
43.03000000000001,1667368902.8573198
43.050000000000004,1657360159.1437483
43.07000000000001,1695347919.0202441
43.09,1723028900.5328963
43.11000000000001,1769499676.0449634
43.13,1767402313.9706247
43.150000000000006,1786350100.5021973
43.17,1889250226.1661339
43.190000000000005,1877672893.7421916
43.21,1929460909.7038674
43.230000000000004,1990638517.3916893
43.25000000000001,2082048672.2310214
43.27,2164962403.8124957
43.290000000000006,2271981214.8681593
43.31,2421987157.070515
43.330000000000005,2474881082.5285726
43.35,2589868934.815108
43.370000000000005,2612806640.6111355
43.39000000000001,2831609962.645095
43.410000000000004,3032670109.0505056
43.43000000000001,3027786012.0372787
43.45,3079489560.6785755
43.470000000000006,3242419430.499675
43.49,3310967357.607725
43.510000000000005,3270057598.1794043
43.53000000000001,3239623472.956343
43.550000000000004,3269491847.5686674
43.57000000000001,3157872417.6346836
43.59,3009882913.6218486
43.61000000000001,2918873156.2286367
43.63,2782265795.9261036
43.650000000000006,2770482932.513239
43.67,2626207301.248982
43.690000000000005,2492981858.4729333
43.71,2469561592.966813
43.730000000000004,2368842734.0320287
43.75000000000001,2254481901.956338
43.77,2195375751.21704
43.790000000000006,2122090824.8573284
43.81,2087169176.8628938
43.830000000000005,2024413212.4205031
43.85,1983354340.4058907
43.870000000000005,1990574703.1251128
43.89000000000001,2004041103.684136
43.910000000000004,2007543926.5564363
43.93000000000001,2012371371.0080974
43.95,2017300615.1051507
43.970000000000006,1911477261.7329674
43.99,2001928478.0920508
44.010000000000005,2030930418.0304785
44.03000000000001,1996412408.1033397
44.050000000000004,1977773999.3923647
44.07000000000001,2115780831.6035786
44.09,2183896121.7746673
44.11000000000001,2148664954.0018396
44.13,2279291896.8554144
44.150000000000006,2229304761.724827
44.17,2256239433.883265
44.190000000000005,2323752218.9994535
44.21,2415946267.778991
44.230000000000004,2500176030.7692313
44.25000000000001,2604840167.5070977
44.27,2703817189.5887437
44.290000000000006,2836331574.95566
44.31,3079545718.1254635
44.330000000000005,3420341787.936765
44.35,3730054965.9772377
44.370000000000005,4185939682.433607
44.39000000000001,4666362198.696039
44.410000000000004,5374413599.467072
44.43000000000001,6270216019.011209
44.45,7389437713.370683
44.470000000000006,8951419501.1899
44.49,10934078517.809479
44.510000000000005,13355503496.158772
44.53000000000001,16182402180.414581
44.550000000000004,19386925019.648182
44.57000000000001,22554626075.632473
44.59,25691332915.754955
44.61000000000001,28627078415.65272
44.63,30840717624.851704
44.650000000000006,32826767466.048557
44.67,33981615713.61273
44.690000000000005,34129567685.353203
44.71,33405246662.174732
44.730000000000004,32545116674.970406
44.75000000000001,30553386818.07557
44.77,28171861245.16328
44.790000000000006,25348700916.669403
44.81,22368542207.419395
44.830000000000005,19482869572.584972
44.85,17018284308.302736
44.870000000000005,14371384287.401415
44.89000000000001,11899743527.508966
44.910000000000004,9812659672.47506
44.93000000000001,8264256531.00704
44.95,6987311259.007216
44.970000000000006,5727151096.506752
44.99,4966677190.8863535
45.010000000000005,4139040000.3367124
45.03000000000001,3628569515.9318886
45.050000000000004,3239278478.4482536
45.07000000000001,2949673786.970171
45.09,2629100373.710493
45.11000000000001,2485173028.3996553
45.13,2319645405.5085044
45.150000000000006,2210612340.5325046
45.17,2153135667.82146
45.190000000000005,2071622536.5744104
45.21,2005121836.9965143
45.230000000000004,1948042333.4465485
45.25000000000001,1812854323.528591
45.27,1796694319.42107
45.290000000000006,1768703859.3457797
45.31,1809830537.7362983
45.330000000000005,1807894278.2847757
45.35,1747277134.598799
45.370000000000005,1684557305.6941347
45.39000000000001,1624425107.7571416
45.410000000000004,1612253967.5913904
45.43000000000001,1611822245.3149962
45.45,1637945974.5257378
45.470000000000006,1561596665.2549179
45.49,1539687609.3365152
45.510000000000005,1546407864.431249
45.53000000000001,1578660554.2094004
45.550000000000004,1584942139.3716435
45.57,1541387749.0378733
45.59,1523178380.6096761
45.61000000000001,1540714172.6124852
45.63,1497869778.0164003
45.650000000000006,1561668713.1033328
45.67,1549782804.6791937
45.690000000000005,1551506260.1975303
45.71,1535353197.1910286
45.730000000000004,1488059895.7986596
45.75000000000001,1466585333.8564875
45.77,1528306633.423188
45.790000000000006,1472341802.5191138
45.81,1512902977.7011342
45.830000000000005,1471144755.33132
45.85,1459174571.1943762
45.870000000000005,1457057858.5972192
45.89000000000001,1472661397.6519372
45.910000000000004,1439167394.0115132
45.93000000000001,1431237481.8619738
45.95,1444852936.613266
45.970000000000006,1426480906.8858774
45.99,1434476219.1761346
46.010000000000005,1424510614.7896228
46.03,1457130284.9005065
46.050000000000004,1448939593.22451
46.07,1426753203.6826143
46.09,1432264719.3417137
46.11000000000001,1418809708.8819914
46.13,1354888556.6628914
46.150000000000006,1407393235.9633367
46.17,1425148509.8991773
46.190000000000005,1482642042.5799098
46.21,1471320227.1254344
46.230000000000004,1388701760.070376
46.25000000000001,1383129851.2989397
46.27,1427910470.7872212
46.290000000000006,1422621130.478893
46.31,1423380004.55533
46.330000000000005,1447208188.3689153
46.35,1439469698.2138286
46.370000000000005,1382416800.665608
46.39000000000001,1404801321.3083844
46.410000000000004,1441268661.6928418
46.43000000000001,1408205370.0531054
46.45,1428446846.8372934
46.470000000000006,1430845553.539499
46.49,1370033889.5617743
46.510000000000005,1402992462.6946461
46.53,1389030788.115327
46.550000000000004,1439478692.193524
46.57,1420997142.8440948
46.59,1329900196.5157177
46.61000000000001,1334415260.8436573
46.63,1327028904.1163929
46.650000000000006,1402308550.9348636
46.67,1366604740.0642755
46.690000000000005,1368761432.4392557
46.71,1330347449.4769206
46.730000000000004,1373158615.9955895
46.75000000000001,1394336845.6280975
46.77,1378868209.5816083
46.790000000000006,1351071796.4030893
46.81,1342290124.2750678
46.830000000000005,1316430862.1080823
46.85,1327822692.738781
46.870000000000005,1359325514.241798
46.89000000000001,1344098030.1273987
46.910000000000004,1396772977.0296214
46.93000000000001,1354120156.299457
46.95,1336115812.071588
46.970000000000006,1353228818.1246815
46.99,1354822787.2106981
47.010000000000005,1340281023.2488604
47.03,1391578131.1682506
47.050000000000004,1333860441.0433016
47.07,1393350386.1266026
47.09,1370070460.6547663
47.11000000000001,1287990655.472105
47.13,1329825152.2281423
47.150000000000006,1350972895.0575542
47.17,1334242402.337721
47.190000000000005,1316966600.4958117
47.21,1365029897.079863
47.230000000000004,1374583038.6524122
47.25000000000001,1365966170.3537674
47.27,1390100065.5830805
47.290000000000006,1375925027.4126797
47.31,1350310718.3797562
47.330000000000005,1343311061.7362182
47.35,1385552278.9039555
47.370000000000005,1390494141.3473215
47.39000000000001,1367109671.759604
47.410000000000004,1335531808.761384
47.43000000000001,1358987402.535772
47.45,1362421874.4415011
47.470000000000006,1361181665.9764907
47.49,1309640018.846182
47.510000000000005,1422105799.9745612
47.53,1353852340.9634547
47.550000000000004,1363349830.9657953
47.57,1403111827.3407266
47.59,1377202031.1473265
47.61000000000001,1387521507.1188447
47.63,1380890404.8517168
47.650000000000006,1286548800.3796194
47.67,1327319064.5640016
47.690000000000005,1373514920.7787569
47.71,1383756751.875753
47.730000000000004,1313904939.4502852
47.75000000000001,1337838223.1906717
47.77,1348650678.093363
47.790000000000006,1330748181.9883463
47.81,1376350690.4051492
47.830000000000005,1412546371.1090803
47.85,1346558144.9385502
47.870000000000005,1312812693.6877265
47.89000000000001,1312796560.889254
47.910000000000004,1341490202.5633852
47.93000000000001,1325436659.8226717
47.95,1300478885.41417
47.970000000000006,1311907453.2894864
47.99,1334035172.664281
48.010000000000005,1327022712.9409366
48.03000000000001,1308971601.5663347
48.050000000000004,1337099678.1434112
48.07,1370446107.7023032
48.09,1346514912.3303678
48.11000000000001,1354020339.03372
48.13,1387311238.6816862
48.150000000000006,1347406353.9512565
48.17,1299246037.8615959
48.190000000000005,1293753094.8029702
48.21,1276512308.2655013
48.230000000000004,1337798577.3336692
48.25000000000001,1346886315.807273
48.27,1348703832.8030071
48.290000000000006,1334628561.485019
48.31,1276351787.3647707
48.330000000000005,1288731719.5028024
48.35,1269308711.411813
48.370000000000005,1333099227.2584262
48.39000000000001,1345564067.123198
48.410000000000004,1324692570.473954
48.43,1262965559.517005
48.45,1257396670.1980228
48.470000000000006,1271530985.0879147
48.49,1329424916.258466
48.510000000000005,1286537844.634754
48.53000000000001,1323175076.403061
48.550000000000004,1322705625.952161
48.57,1277376586.3832858
48.59,1290139538.0864403
48.61000000000001,1304761274.331574
48.63,1288342229.7668107
48.650000000000006,1266564188.1522262
48.67,1318048774.1838617
48.690000000000005,1315786794.232608
48.71,1328743052.367183
48.730000000000004,1307950806.2748904
48.75000000000001,1301586988.2915323
48.77,1268933838.9039502
48.790000000000006,1314994960.7397606
48.81,1337431005.8833768
48.830000000000005,1331323060.4774313
48.85,1304557352.3716664
48.870000000000005,1300119830.8144755
48.89000000000001,1312375301.5973861
48.910000000000004,1297785266.7060628
48.93,1351426271.2787251
48.95,1314633499.4935946
48.970000000000006,1318872514.7779016
48.99,1294081990.1309898
49.010000000000005,1346036069.0234962
49.03,1309216955.9809315
49.050000000000004,1340616634.9850397
49.07,1325983974.6253695
49.09,1386166570.42293
49.11000000000001,1355955787.4039948
49.13,1323398731.258521
49.150000000000006,1262249783.3765934
49.17,1273070489.1144965
49.190000000000005,1279244500.6535432
49.21,1318966069.8606858
49.230000000000004,1256910936.665712
49.25000000000001,1273077295.9796002
49.27,1301495824.994757
49.290000000000006,1267542294.8886647
49.31,1277713750.2503545
49.330000000000005,1279647260.7798233
49.35,1280151835.4046552
49.370000000000005,1293707825.1567523
49.39000000000001,1265501472.2783625
49.410000000000004,1335512516.2092063
49.43,1285042413.0157297
49.45,1298783125.5325751
49.470000000000006,1241627053.8578477
49.49,1295139033.0009935
49.510000000000005,1264404791.348947
49.53,1247223455.1296496
49.550000000000004,1284342671.016497
49.57,1331876630.7998583
49.59,1290135827.4391246
49.61000000000001,1345631700.831957
49.63,1288789740.5849075
49.650000000000006,1322994373.8719928
49.67,1301235565.9181857
49.690000000000005,1285411746.0577579
49.71,1318586909.4030018
49.730000000000004,1280342709.7960622
49.75000000000001,1367853407.679302
49.77,1268385842.5612063
49.790000000000006,1297621745.5208168
49.81,1314402047.6127675
49.830000000000005,1284434126.2676442
49.85,1284814548.5065868
49.870000000000005,1325668393.0496373
49.89000000000001,1327283388.6383283
49.910000000000004,1339585571.2456014
49.93,1326309336.2569666
49.95,1331506687.6676018
49.970000000000006,1327010668.1413352
49.99,1313291262.2538078
50.010000000000005,1299959459.4639692
50.03,1354348879.446603
50.050000000000004,1316011525.831703
50.07,1347590928.0808775
50.09,1340883233.9324868
50.11000000000001,1329771239.340689
50.13,1352764466.5153148
50.150000000000006,1356305182.6475577
50.17,1329444890.5935361
50.190000000000005,1334649565.137829
50.21,1407840661.759575
50.230000000000004,1383622248.7139661
50.25000000000001,1415310681.7788193
50.27,1442653739.9456792
50.29,1494555716.6159892
50.31,1471029667.3194087
50.330000000000005,1548027827.5588217
50.35,1503806943.089056
50.370000000000005,1474758091.1387675
50.39000000000001,1560959133.7712302
50.410000000000004,1526891526.9376929
50.43,1600964819.247078
50.45,1682023805.9078908
50.470000000000006,1688705181.3055975
50.49,1668874225.9798281
50.510000000000005,1712596228.00263
50.53,1739052076.5162845
50.550000000000004,1749757165.4074714
50.57,1798504015.1539836
50.59,1810885688.1349106
50.61000000000001,1790892077.4292939
50.63,1823517150.7224226
50.650000000000006,1841462560.8321514
50.67,1810545637.5261416
50.690000000000005,1803664894.6853578
50.71,1770456336.10144
50.730000000000004,1756360358.6479442
50.75000000000001,1725795163.2434306
50.77,1662545823.0173297
50.79,1717670671.425033
50.81,1694347797.8543515
50.830000000000005,1648278792.629859
50.85,1558547830.6384318
50.870000000000005,1570236130.584935
50.89000000000001,1525527226.5733109
50.910000000000004,1483201682.6403189
50.93,1485009447.6982815
50.95,1437223520.3024554
50.970000000000006,1495528310.3552933
50.99,1411701692.5683696
51.010000000000005,1431399234.7904603
51.03,1404012530.025774
51.050000000000004,1385460064.527613
51.07,1315290231.9484663
51.09,1323847921.4903662
51.11000000000001,1343913228.1915312
51.13,1326585822.5094202
51.150000000000006,1265700780.896979
51.17,1251587488.9701583
51.190000000000005,1284249851.1806116
51.21,1327808765.470012
51.230000000000004,1269126099.779052
51.25000000000001,1298419582.5036368
51.27,1266240987.2669296
51.29,1305824458.0343478
51.31,1330598668.6700022
51.330000000000005,1266890526.3326657
51.35,1299925863.4712973
51.370000000000005,1249633058.2560358
51.39000000000001,1211563888.5190148
51.410000000000004,1259468683.5894928
51.43,1218584667.1964486
51.45,1245770291.6308506
51.470000000000006,1303147091.008563
51.49,1297559616.1647382
51.510000000000005,1220577974.8886447
51.53,1255560823.1914928
51.550000000000004,1275441346.1587422
51.57,1181425837.6734285
51.59,1232777553.4268813
51.61000000000001,1219264141.5938725
51.63,1175081950.5664349
51.650000000000006,1225912238.8491218
51.67,1215775860.8077223
51.690000000000005,1226125580.0948467
51.71,1231901279.0053246
51.730000000000004,1244167671.7385292
51.75000000000001,1265570594.6305263
51.77,1219818397.9371235
51.79,1205867425.9506245
51.81,1267067695.3959546
51.830000000000005,1282718170.233704
51.85,1209404895.2789032
51.870000000000005,1220221512.8020382
51.89000000000001,1242846803.4219995
51.910000000000004,1248112314.864481
51.93,1230692210.6854386
51.95,1244249182.334317
51.970000000000006,1239058568.8513408
51.99,1205731028.017008
52.010000000000005,1197769008.800831
52.03,1265880014.095253
52.050000000000004,1233538837.45423
52.07,1214450075.4700606
52.09,1197091815.0542972
52.11000000000001,1207145939.392173
52.13,1255283231.7342272
52.150000000000006,1209362021.5485518
52.17,1201890568.5498133
52.190000000000005,1236801264.1965346
52.21,1208299976.3267114
52.230000000000004,1201679165.4599242
52.25000000000001,1205753883.743321
52.27,1224178225.2956812
52.29,1202951666.75161
52.31,1239041428.742111
52.330000000000005,1286876211.9735456
52.35,1272535932.6344287
52.370000000000005,1190856719.5838299
52.39,1210525226.900335
52.410000000000004,1275445510.8466454
52.43,1196566384.5900874
52.45,1230103468.5537996
52.470000000000006,1211445844.2276227
52.49,1254424769.2145472
52.510000000000005,1202351517.9509118
52.53,1219166389.2890215
52.550000000000004,1186786518.27246
52.57,1216863535.786269
52.59,1187535568.5358353
52.61000000000001,1271988460.3479145
52.63,1250774714.6758974
52.650000000000006,1244944874.7308605
52.67,1195283711.319696
52.690000000000005,1223172434.3060849
52.71,1227783954.2964938
52.730000000000004,1174735267.4773145
52.75000000000001,1177722665.937902
52.77,1247827399.715501
52.79,1232375522.7854738
52.81,1261537804.5700483
52.830000000000005,1218318807.687608
52.85,1217576152.5109098
52.870000000000005,1203024134.1056602
52.89,1171009069.8139565
52.910000000000004,1261083795.034313
52.93,1264847296.5140843
52.95,1185434629.1801662
52.970000000000006,1209152166.0171793
52.99,1257486101.6800148
53.010000000000005,1187005065.5606334
53.03,1245120019.3919017
53.050000000000004,1226334435.820364
53.07,1202837336.4805517
53.09,1181171893.6766052
53.11000000000001,1215189023.2671597
53.13,1222749167.3522534
53.150000000000006,1212895473.4266682
53.17,1167100039.9152582
53.190000000000005,1206401281.2945948
53.21,1214240274.4715402
53.230000000000004,1207439742.9340405
53.25000000000001,1182145714.7461956
53.27,1174106228.3799202
53.29,1204480794.0555608
53.31,1193542463.905954
53.330000000000005,1197638509.1003282
53.35,1203836625.8933406
53.370000000000005,1145158997.7832077
53.39,1162407584.726524
53.410000000000004,1161440587.4102693
53.43,1183554296.972129
53.45,1210561931.4922693
53.470000000000006,1162584833.9204254
53.49,1223933748.5694237
53.510000000000005,1178549717.3427067
53.53,1133607383.1545475
53.550000000000004,1200930961.3029103
53.57,1181699102.2450356
53.59,1201207025.5835235
53.61000000000001,1212379145.220963
53.63,1203611966.9141786
53.650000000000006,1223366868.765931
53.67,1190625893.040414
53.690000000000005,1196201855.978074
53.71,1198811033.2823746
53.730000000000004,1171797650.2221699
53.75000000000001,1174983789.2684593
53.77,1228840146.561051
53.79,1149269366.440629
53.81,1180396435.542865
53.830000000000005,1190660507.6965458
53.85,1203468749.821344
53.870000000000005,1204130611.21354
53.89,1134447257.0562913
53.910000000000004,1198808738.0417197
53.93,1220822674.2504113
53.95,1204460220.1371691
53.970000000000006,1169768188.1306684
53.99,1186107308.7481859
54.010000000000005,1157538142.0221863
54.03,1171861849.71638
54.050000000000004,1199075462.5804627
54.07,1239590393.8183553
54.09,1215343942.6183074
54.11000000000001,1187136952.7365708
54.13,1166805746.2983954
54.15,1194389708.2432568
54.17,1181601083.3728464
54.190000000000005,1192164577.9405227
54.21,1191035950.5913124
54.230000000000004,1196975201.0720794
54.25000000000001,1214116611.379296
54.27,1192519413.2674336
54.29,1248652604.7872713
54.31,1216492121.2286136
54.330000000000005,1268553562.7237487
54.35,1219077152.0140507
54.370000000000005,1195048277.563582
54.39,1216117749.5985265
54.410000000000004,1149924893.6671946
54.43,1212746947.2810335
54.45,1221606491.2544901
54.470000000000006,1195448447.9127076
54.49,1233092303.336055
54.510000000000005,1231249920.974731
54.53,1250957089.8521254
54.550000000000004,1180446133.113935
54.57,1181184437.8583102
54.59,1151694720.15608
54.61000000000001,1167413103.3398929
54.63,1165012359.8910644
54.65,1173176075.8920753
54.67,1190553091.100934
54.690000000000005,1171223525.5924044
54.71,1170478890.3258078
54.730000000000004,1179677497.2871523
54.75000000000001,1184662197.569568
54.77,1140865604.1266096
54.79,1147729464.3005037
54.81,1172806466.718722
54.830000000000005,1182377578.9096363
54.85,1208422212.6913419
54.870000000000005,1141573797.0485425
54.89,1174074246.1731334
54.910000000000004,1145888819.5612671
54.93,1152576254.6937568
54.95,1169890897.6005254
54.970000000000006,1184398568.0861158
54.99,1141734526.8565342
55.010000000000005,1164593078.2993157
55.03,1195667581.3759534
55.050000000000004,1209449741.6066604
55.07,1191328582.0529072
55.09,1187013243.7061994
55.11000000000001,1184338283.9641075
55.13,1147857331.7045047
55.15,1194562698.080126
55.17,1241498301.0400305
55.190000000000005,1169104741.709803
55.21,1199739758.9028008
55.230000000000004,1189064273.6174297
55.25000000000001,1208229846.71059
55.27,1214452041.5984817
55.29,1146116844.181655
55.31,1215916056.982793
55.330000000000005,1171688130.584945
55.35,1145279078.469315
55.370000000000005,1171337296.386504
55.39,1159017238.5606139
55.410000000000004,1116774330.9275043
55.43,1095296445.1764803
55.45,1182005100.0188673
55.470000000000006,1149033674.5608528
55.49,1167045031.7914598
55.510000000000005,1188609950.2824144
55.53,1154137413.8574116
55.550000000000004,1130542172.2341008
55.57,1138760401.315934
55.59,1185044691.34312
55.61000000000001,1190703800.1980393
55.63,1144180332.3112237
55.65,1157624616.6957593
55.67,1142060405.6378949
55.690000000000005,1187299323.6871657
55.71,1192330258.0304785
55.730000000000004,1191209262.1078036
55.75000000000001,1188258089.462975
55.77,1186963650.5544095
55.79,1187375848.00663
55.81,1172363617.6214907
55.830000000000005,1151844418.1625977
55.85,1163109644.152663
55.870000000000005,1199303712.948506
55.89,1158108766.24839
55.910000000000004,1165944416.0334458
55.93,1167879563.5444615
55.95,1180752461.3120112
55.970000000000006,1124685364.480784
55.99,1140286527.406248
56.010000000000005,1182002272.6021173
56.03,1178006460.5945299
56.050000000000004,1181925275.4719014
56.07,1178107378.50367
56.09,1183927293.214364
56.11000000000001,1184759214.0936859
56.13,1180649215.7559044
56.15,1140843196.7409809
56.17,1161682397.8492453
56.190000000000005,1175133783.7163906
56.21,1147041544.2352784
56.230000000000004,1162129645.4310956
56.25000000000001,1194112145.682149
56.27,1201629907.4125926
56.29,1212256887.9216514
56.31,1186079539.230135
56.330000000000005,1169714732.3781097
56.35,1210303340.5276237
56.37,1208504918.7535489
56.39000000000001,1221278894.9247856
56.410000000000004,1213391170.591373
56.43,1192391541.567618
56.45,1223870306.9269176
56.470000000000006,1232136054.087387
56.49,1205306609.1926727
56.51,1177444892.0330343
56.53,1187765595.3955572
56.550000000000004,1188798117.6207497
56.57,1223055069.3301377
56.59,1244604609.3682775
56.61000000000001,1217221310.1815312
56.63,1219419947.3565955
56.65,1230469530.240435
56.67,1223783011.6846557
56.690000000000005,1236350355.5482557
56.71,1185723704.9350214
56.730000000000004,1168586038.620824
56.75000000000001,1213980487.7700305
56.77,1194866092.784679
56.79,1155999632.1298666
56.81,1163593394.4230578
56.830000000000005,1206783111.98882
56.85,1154407199.3947682
56.87,1185850006.0589314
56.89000000000001,1239634150.6083643
56.910000000000004,1155874161.3450148
56.93,1127327634.68451
56.95,1097568790.5622725
56.970000000000006,1183368935.1492262
56.99,1166252124.1996057
57.01,1135526584.9601853
57.03,1164718796.644565
57.050000000000004,1195029190.0043342
57.07,1159602815.2128274
57.09,1140011006.887229
57.11000000000001,1166283498.924149
57.13,1175267878.7466748
57.15,1152437193.6952186
57.17,1122344496.2174644
57.190000000000005,1179675602.240832
57.21,1194086676.3160365
57.230000000000004,1148068585.0677886
57.25000000000001,1138441293.8642123
57.27,1108417146.8994997
57.29,1144715162.2804625
57.31,1182929855.5120976
57.330000000000005,1152330864.1918828
57.35,1166465280.9819643
57.37,1165449799.7391248
57.39000000000001,1122996119.8350205
57.410000000000004,1101202997.3976655
57.43,1143709213.0213678
57.45,1132469575.775654
57.470000000000006,1141978116.8256986
57.49,1166105207.678732
57.51,1151799637.4747863
57.53,1196797988.917275
57.550000000000004,1158050920.1961873
57.57,1189899204.823439
57.59,1128310938.9205458
57.61000000000001,1170361482.0546677
57.63,1140849801.951695
57.65,1142466372.0014708
57.67,1176302529.217962
57.690000000000005,1143465400.482394
57.71,1141123251.8372643
57.730000000000004,1119197299.5728927
57.75000000000001,1131873618.4334018
57.77,1104132641.1049623
57.79,1100093825.2561395
57.81,1136690838.949047
57.830000000000005,1153131882.1965237
57.85,1140141861.866304
57.87,1103864882.3474422
57.89000000000001,1095854813.7524133
57.910000000000004,1126378477.8941097
57.93,1118991784.9026353
57.95,1129673461.8980114
57.970000000000006,1161130347.3648915
57.99,1113628769.2926242
58.01,1115797523.4125183
58.03,1165735089.6593554
58.050000000000004,1164070110.8629088
58.07,1162898244.535879
58.09,1119136143.4934545
58.11000000000001,1075670001.294565
58.13,1104008384.7477782
58.15,1155863432.8712044
58.17,1151617214.1615741
58.190000000000005,1078943785.9995117
58.21,1147399354.8595073
58.230000000000004,1163260567.4439094
58.25000000000001,1153247585.1364424
58.27,1136313010.2899714
58.29,1104677075.4625266
58.31,1138686406.6733248
58.330000000000005,1176626635.1616082
58.35,1163842639.7496512
58.37,1139097730.2428653
58.39,1139716887.3405676
58.410000000000004,1148538478.9471703
58.43,1150582739.562414
58.45,1066257007.3576432
58.470000000000006,1091771550.3297749
58.49,1147845730.113842
58.51,1164553009.3283947
58.53,1199505766.7131371
58.550000000000004,1136557901.8469663
58.57,1141823525.3052497
58.59,1133231542.1582203
58.61000000000001,1175497572.9084728
58.63,1137255484.5387871
58.65,1125326888.0102644
58.67,1137018542.907912
58.690000000000005,1171028494.1489038
58.71,1118135758.0373433
58.730000000000004,1172013167.310247
58.75000000000001,1152535906.4181397
58.77,1126460268.5167313
58.79,1124569287.231583
58.81,1161215930.3281574
58.830000000000005,1148321163.554335
58.85,1124727230.1209896
58.87,1084054196.173205
58.89,1111281257.6043286
58.910000000000004,1157773353.942096
58.93,1118728718.3679295
58.95,1137266999.2345653
58.970000000000006,1147346242.4649532
58.99,1187990682.472418
59.01,1150473973.0418432
59.03,1147539565.4873548
59.050000000000004,1150164167.3276565
59.07,1167705610.17266
59.09,1114114647.5602975
59.11000000000001,1122900290.677565
59.13,1193790847.803028
59.15,1145529312.0583348
59.17,1164047408.1528702
59.190000000000005,1164085334.87315
59.21,1121822625.6901922
59.23,1144647374.217002
59.25000000000001,1108675264.749656
59.27,1094093645.402933
59.29,1101621405.5040066
59.31,1114713938.644837
59.330000000000005,1142945923.757419
59.35,1162263194.751766
59.37,1106147430.058654
59.39,1156137516.88721
59.410000000000004,1148683163.421031
59.43,1092725829.695981
59.45,1055692279.8771304
59.470000000000006,1102521632.5907478
59.49,1074236353.6482172
59.51,1110154349.9360895
59.53,1097530297.237673
59.550000000000004,1114346523.359497
59.57,1140611851.664863
59.59,1090398993.333805
59.61000000000001,1129645293.3231268
59.63,1111688770.0708058
59.65,1139462456.4023511
59.67,1134609534.0538652
59.690000000000005,1124432906.7531345
59.71,1132365414.6237147
59.73,1139605586.8923886
59.75000000000001,1143554239.922379
59.77,1082036932.788716
59.79,1104273583.032362
59.81,1112276889.047627
59.830000000000005,1157044073.6161036
59.85,1132164351.7005563
59.87,1102938152.6228874
59.89,1101992645.7307436
59.910000000000004,1166710445.796498
59.93,1146019033.3766446
59.95,1121328727.1542406
59.970000000000006,1152827595.8373306
59.99,1103868337.2373939
60.01,1116699675.409854
60.03,1147869358.91636
60.050000000000004,1102484826.7476213
60.07,1124415646.9695108
60.09,1123859084.2111125
60.11000000000001,1114380361.2701838
60.13,1123064708.840346
60.15,1107181496.3710082
60.17,1077672005.2033057
60.190000000000005,1176440506.758421
60.21,1142977850.6770828
60.23,1070989724.9693766
60.25000000000001,1089729316.706045
60.27,1087689274.5370142
60.29,1049360958.8634876
60.31,1113148520.7479925
60.330000000000005,1099769559.9442677
60.35,1080032191.587512
60.37,1110052912.6799574
60.39,1109406586.2762258
60.410000000000004,1114998173.361043
60.43,1059519867.9338064
60.45,1097118246.1286852
60.470000000000006,1113972419.521228
60.49,1110490236.2570624
60.51,1134951914.3434677
60.53,1151798046.598495
60.550000000000004,1052620985.3106089
60.57,1108716034.289671
60.59,1116123021.2367308
60.61000000000001,1119724879.6594288
60.63,1110458540.336042
60.65,1137538970.4656618
60.67,1115898349.7694583
60.690000000000005,1117452113.6166675
60.71,1068211711.8759801
60.73,1093109975.9343016
60.75000000000001,1120772801.17311
60.77,1090333289.33063
60.79,1123643308.06152
60.81,1102524206.6041532
60.830000000000005,1103816210.9446204
60.85,1081564750.1723564
60.87,1118756702.8197153
60.89,1134660689.3946478
60.910000000000004,1117586372.273211
60.93,1075503156.010604
60.95,1090807780.9692996
60.970000000000006,1042746948.5027627
60.99,1122523521.7704773
61.01,1074858547.884758
61.03,1082972368.6412437
61.050000000000004,1127051774.5558257
61.07,1097259362.2109215
61.09,1083604657.4578893
61.11000000000001,1064359524.1271503
61.13,1113458779.7181566
61.15,1102704428.6470358
61.17,1030636175.633051
61.190000000000005,1074761495.978677
61.21,1061311096.2279887
61.23,1122652602.942226
61.25000000000001,1116952276.7608097
61.27,1075002882.2010102
61.29,1091521490.6040106
61.31,1089589998.0299869
61.330000000000005,1082047170.1394904
61.35,1072544490.0864507
61.37,1146643525.3305922
61.39,1093053144.5578232
61.410000000000004,1088956550.7562606
61.43,1089247087.379437
61.45,1081391103.0245185
61.470000000000006,1084809465.9224617
61.49,1109219295.0180924
61.51,1099588208.871823
61.53,1115095117.6265419
61.550000000000004,1094183029.7693107
61.57,1131457044.1265337
61.59,1087919314.2555273
61.61000000000001,1065783167.4586952
61.63,1091153289.794863
61.65,1117249068.8796449
61.67,1138855904.5586922
61.690000000000005,1078566047.0844185
61.71,1037375893.2912353
61.73,1056408926.7047398
61.75000000000001,1114028234.3250036
61.77,1113284770.6203659
61.79,1095364293.327829
61.81,1124798772.7526414
61.830000000000005,1100082268.1822925
61.85,1072777119.3523282
61.87,1137107005.6188934
61.89,1090737081.1863205
61.910000000000004,1109269237.563635
61.93,1096556654.353196
61.95,1050113360.5703452
61.970000000000006,1120319676.462214
61.99,1088568581.6244793
62.01,1070643895.3405702
62.03,1066424463.4881461
62.050000000000004,1103692252.9552495
62.07,1120962222.0193777
62.09,1097616736.4711564
62.11000000000001,1042478705.5354728
62.13,1089326817.6455975
62.15,1116884775.8329709
62.17,1138885993.6524932
62.190000000000005,1133352387.7933054
62.21,1078771205.094514
62.23,1083927294.7614584
62.25,1121586289.5323796
62.27,1168989180.7313592
62.29,1103248488.5660806
62.31,1083340508.4894316
62.330000000000005,1039481056.5879046
62.35,1085815934.5012412
62.37,1084909229.835414
62.39,1069093995.0418714
62.410000000000004,1126577491.883655
62.43,1112086249.3416636
62.45,1085373092.1806746
62.470000000000006,1119632392.4666638
62.49,1070207274.651325
62.51,1149521002.9937565
62.53,1096095514.4168937
62.550000000000004,1074029177.1083827
62.57,1101620920.643304
62.59,1120115908.7400913
62.61000000000001,1102833069.4019403
62.63,1116893314.6086395
62.65,1095148055.0394719
62.67,1124161268.3187861
62.690000000000005,1172357552.330634
62.71,1068994405.5339488
62.73,1137428323.0677364
62.75,1123094163.3468285
62.77,1124721419.699355
62.79,1131917838.9975002
62.81,1160027021.788605
62.830000000000005,1160752292.6759503
62.85,1148734936.7717946
62.87,1169287709.8656428
62.89,1191066106.8017333
62.910000000000004,1185029697.2854335
62.93,1134961051.065876
62.95,1117647658.2615824
62.970000000000006,1102560776.7921207
62.99,1114781648.4834294
63.01,1115860938.283099
63.03,1117287154.805708
63.050000000000004,1140045158.0956578
63.07,1139952080.8715527
63.089999999999996,1141573300.6036348
63.11000000000001,1171022778.1396267
63.13,1161891888.247899
63.15,1114459760.2432482
63.17,1122831140.1589448
63.190000000000005,1096299017.3891168
63.21,1085947019.722865
63.23,1130008439.5659852
63.25,1099511745.3077483
63.27,1052901341.2507949
63.29,1097409355.6743097
63.31,1093902967.100994
63.330000000000005,1079717053.2720292
63.35,1096440785.7038648
63.37,1142327478.561999
63.39,1092525370.9159484
63.410000000000004,1164548379.0759866
63.43,1057174935.101012
63.45,1066930133.1927254
63.470000000000006,1061761369.6159104
63.49,1066636763.5447798
63.51,1103849871.6176631
63.53,1121135577.2875545
63.550000000000004,1077307421.2951818
63.57,1088360019.281452
63.589999999999996,1119887057.316749
63.61000000000001,1167796238.8269372
63.63,1146625813.158773
63.65,1096200286.7328036
63.67,1141844497.2670426
63.690000000000005,1083119104.375062
63.71,1138343010.939278
63.73,1124551164.649046
63.75,1094169052.8786652
63.77,1084335192.7730067
63.79,1092815842.7057557
63.81,1118746420.1403975
63.830000000000005,1063569326.8898536
63.85,1067861719.422262
63.87,1091899938.348488
63.89,1113182270.3618317
63.910000000000004,1095182443.8174202
63.93,1115659060.42646
63.95,1129204956.3498578
63.970000000000006,1120381089.980899
63.99,1094867098.1602635
64.00999999999999,1131711585.4155686
64.02999999999999,1180540190.8339694
64.05,1140726562.9203966
64.07,1070716739.444371
64.08999999999999,1120311683.2736886
64.11,1136230292.6305642
64.13,1117571112.149771
64.14999999999999,1083397202.9273264
64.17,1186754036.4397998
64.19,1118232483.4128122
64.21,1143304758.152534
64.22999999999999,1153820590.2861512
64.24999999999999,1197291496.367752
64.27,1144660772.2263017
64.28999999999999,1229035708.720173
64.30999999999999,1215693235.5842133
64.33,1214646826.592058
64.35,1220492580.4308908
64.36999999999999,1214521853.7528658
64.39,1261253427.3133967
64.41,1244167594.3509107
64.42999999999999,1274591450.8597982
64.45,1306797629.3615339
64.47,1321670824.9448977
64.49,1357228045.2155945
64.50999999999999,1399125970.3420558
64.52999999999999,1510589468.2306046
64.55,1503115069.6074579
64.57,1565964894.6705852
64.58999999999999,1644002039.8131828
64.61,1659080742.3694658
64.63,1742628149.8033538
64.64999999999999,1751894986.4884412
64.67,1924158054.504046
64.69,2028425445.282818
64.71,2137594225.062414
64.72999999999999,2326536272.2959094
64.74999999999999,2472514380.2859592
64.77,2584478385.4886045
64.78999999999999,2793588625.2086954
64.80999999999999,2980870432.788567
64.83,3232838513.278716
64.85,3339409873.815294
64.86999999999999,3605810860.784589
64.89,3947784564.355344
64.91,4156699496.894273
64.92999999999999,4287910203.688265
64.95,4380582123.682252
64.97,4539615855.936548
64.99,4524863667.285567
65.00999999999999,4601576814.019038
65.02999999999999,4558085943.84358
65.05,4550165675.437402
65.07,4509203737.566465
65.08999999999999,4467364007.5497
65.11,4277354130.40642
65.13,4235552101.3501873
65.14999999999999,4190581680.816895
65.17,3979671634.1047835
65.19,3710668947.534516
65.21,3610074181.3633695
65.22999999999999,3419820764.3815207
65.24999999999999,3208812233.0299444
65.27,3018426876.362338
65.28999999999999,2974450973.551977
65.30999999999999,2762696537.6816907
65.33,2614911133.335007
65.35,2433064483.2034516
65.36999999999999,2216807269.7192883
65.39,2084302492.1696079
65.41,2014338546.8612196
65.42999999999999,1903529259.9538257
65.45,1875318422.6251857
65.47,1740419787.1954641
65.49,1606702077.1087549
65.50999999999999,1602949470.2371628
65.52999999999999,1487163077.1274154
65.55,1443148484.5332112
65.57,1372811470.01718
65.58999999999999,1388473089.741581
65.61,1321914074.3660886
65.63,1293629084.6512313
65.64999999999999,1279948810.7593176
65.67,1251645314.8571875
65.69,1233361255.5362313
65.71,1212811421.8098876
65.72999999999999,1175031629.691294
65.74999999999999,1196889942.8602815
65.77,1115821956.6007493
65.78999999999999,1164204691.2289228
65.80999999999999,1140418413.9062858
65.83,1130671792.262417
65.85,1143717806.126668
65.86999999999999,1152534034.0126343
65.89,1126379501.7440722
65.91,1169625390.155481
65.92999999999999,1133056516.0816033
65.95,1090734808.485504
65.97,1068292338.3980149
65.99,1102389234.5296109
66.00999999999999,1097784852.7650115
66.02999999999999,1104479223.6598287
66.05,1063869715.5746055
66.07,1040408174.4182025
66.08999999999999,1107075582.9744446
66.11,1086147285.8115838
66.13,1140680495.5143828
66.14999999999999,1089695218.9839106
66.17,1058161175.5575023
66.19,1082862996.672353
66.21,1080481618.860432
66.22999999999999,1036711144.4912487
66.24999999999999,1083437196.3832211
66.27,1075660456.5191765
66.28999999999999,1067495294.4126922
66.30999999999999,1029993281.6731236
66.33,1037601338.4823277
66.35,1085290758.217567
66.36999999999999,1062009041.2446573
66.39,1057314367.6839339
66.41,1034783754.8287699
66.42999999999999,1035670857.6449889
66.45,1018592765.370868
66.47,1080422162.7731333
66.49,1062179533.5787994
66.50999999999999,1084124231.0855572
66.52999999999999,1023612077.6849017
66.55,1038520496.8216803
66.57,1027160676.738952
66.58999999999999,1027358658.5882823
66.61,1008595944.8718921
66.63,1018303675.5356683
66.64999999999999,1024945274.849414
66.67,1028031231.9699643
66.69,1061653007.324947
66.71,1072443022.506522
66.72999999999999,1045165095.5792617
66.74999999999999,1011216092.2130632
66.77,1028306070.2425615
66.78999999999999,1000124413.4977571
66.80999999999999,1030329734.9638375
66.83,1020097423.2973548
66.85,1018113150.8548297
66.86999999999999,1028160558.1551596
66.89,1086652296.5130053
66.91,1047995931.6173052
66.92999999999999,998746960.3135524
66.94999999999999,1072202432.3429894
66.97,1045290920.3045326
66.99,999983313.0462614
67.00999999999999,1044478467.449046
67.02999999999999,1032892176.6327
67.05,1048137389.026559
67.07,1046239199.4137787
67.08999999999999,1027442098.6523669
67.11,1062734010.5478475
67.13,1030320090.7407722
67.14999999999999,1019350894.807084
67.17,982981491.9715132
67.19,994722841.6941236
67.21,968320016.1080211
67.22999999999999,1009859628.6378006
67.24999999999999,980783793.1248617
67.27,999804938.1144985
67.28999999999999,1033663448.6609768
67.30999999999999,1022457209.9781986
67.33,1029383820.7506809
67.35,1032270421.6481489
67.36999999999999,1041783128.698444
67.39,1000145170.5398716
67.41,960715054.8218317
67.42999999999999,978388342.5602424
67.44999999999999,1006648303.9034787
67.47,962181129.1946158
67.49,997093855.9103181
67.50999999999999,1018748410.1685681
67.52999999999999,1043984150.3905199
67.55,1009819801.5282345
67.57,1018481957.7483096
67.58999999999999,1015031505.4428042
67.61,1042456066.4468174
67.63,1017643966.251982
67.64999999999999,1022245757.1957564
67.67,1021379041.882313
67.69,1034364996.2123126
67.71,1006386777.4399997
67.72999999999999,979628137.8401194
67.74999999999999,987021936.0654083
67.77,1019304749.1487191
67.78999999999999,1027763807.6010519
67.80999999999999,1024549432.3851012
67.83,1052265615.5126145
67.85,1080648139.2762172
67.86999999999999,1060919581.6471721
67.89,1013448442.9549514
67.91,1008094828.6242921
67.92999999999999,1025114276.4569049
67.94999999999999,1028776213.8930196
67.97,1009293631.1906441
67.99,1022084187.3138168
68.00999999999999,999474280.8059016
68.02999999999999,1016099763.3281887
68.05,1011093735.3640621
68.07,1013085690.5764354
68.08999999999999,1045089030.6718884
68.11,1031499372.9660476
68.13,1047765871.2362436
68.14999999999999,1005571232.6726702
68.17,1042120017.5742185
68.19,1105615674.3913758
68.21,976603395.7442824
68.22999999999999,1001591359.5094402
68.24999999999999,1019236845.1804957
68.27,972232787.6927136
68.28999999999999,1012535389.2394874
68.30999999999999,1072101386.9867759
68.33,1022713609.6410865
68.35,1035214275.0064818
68.36999999999999,1026966493.4484715
68.39,1028289457.0204211
68.41,981176889.727541
68.42999999999999,996840749.4116641
68.44999999999999,1018655732.4313797
68.47,971993662.024805
68.49,1009635114.1593475
68.50999999999999,1014485413.7873058
68.52999999999999,996696973.5046422
68.55,1022289825.6409761
68.57,996596517.339528
68.58999999999999,992629648.8645093
68.61,980514757.7668086
68.63,999795674.5553256
68.64999999999999,1012553099.0463777
68.67,1002587676.061572
68.69,982712695.7788051
68.71,984423551.0072592
68.72999999999999,1029476520.7888196
68.74999999999999,1031099260.4932922
68.77,1024749303.1383348
68.78999999999999,996935957.5288363
68.80999999999999,1050232210.7858512
68.83,1066061861.3856764
68.85,981085164.0937835
68.86999999999999,1016415507.6901193
68.89,1016799770.9853671
68.91,1089340253.7848306
68.92999999999999,1029698721.5843083
68.94999999999999,1029050901.7270564
68.97,1024144634.2494701
68.99,984309911.005147
69.00999999999999,998506419.2142696
69.02999999999999,1017001980.5783058
69.05,1022904368.7383902
69.07,1026346312.2964178
69.08999999999999,1009724058.0341572
69.11,1012518650.9859312
69.13,992401968.3163354
69.14999999999999,986384386.3125004
69.17,986938150.7292191
69.19,1003560168.7155442
69.21,978691124.0843071
69.22999999999999,995414131.28239
69.24999999999999,1001110070.4117329
69.27,1022057846.2628744
69.28999999999999,977379159.2163749
69.30999999999999,972395528.7029779
69.33,968462371.5405753
69.35,936412585.2198472
69.36999999999999,1032876122.1951613
69.39,1000625435.4776413
69.41,1016239169.9174054
69.42999999999999,1003861216.6918867
69.44999999999999,968486297.4011472
69.46999999999998,991681179.0503056
69.49,1021591153.6911576
69.50999999999999,1012099785.4342847
69.52999999999999,991652274.6978576
69.55,963950589.1803168
69.57,945601596.4055905
69.58999999999999,953211209.6723486
69.61,1014833355.0699507
69.63,1010245659.2063415
69.64999999999999,963598872.287027
69.67,927788266.2048484
69.69,966215107.2552003
69.71,1003935407.7479513
69.72999999999999,964534614.0450518
69.74999999999999,999378635.9872737
69.77,976290616.786423
69.78999999999999,966350547.4662641
69.80999999999999,968067255.3798978
69.83,965761421.0212333
69.85,1010339996.7459124
69.86999999999999,995663860.5551205
69.89,974675490.5765351
69.91,981951240.5770414
69.92999999999999,957821012.0672284
69.94999999999999,998785450.2546425
69.96999999999998,1029353939.3596117
69.99,995324433.880449
70.00999999999999,975213350.790075
70.02999999999999,987534887.5423553
70.05,898452959.6163526
70.07,1019349713.1293789
70.08999999999999,991666961.777347
70.11,961009259.9881284
70.13,997185871.776741
70.14999999999999,1035542991.6026088
70.17,988885983.2628838
70.19,961195668.9336759
70.21,1040224017.4006196
70.22999999999999,1046776416.009649
70.24999999999999,1033895643.9229252
70.27,979479595.7445228
70.28999999999999,963842901.6781018
70.30999999999999,1019364440.3233088
70.33,1024297697.9210519
70.35,968224075.0346526
70.36999999999999,920764556.8711073
70.39,986645423.6011384
70.41,983804903.7405858
70.42999999999999,960178357.8533652
70.44999999999999,977572892.5867686
70.46999999999998,967318043.6089082
70.49,947594213.6961353
70.50999999999999,1000296251.3535603
70.52999999999999,938562239.6931992
70.55,972766767.5271133
70.57,1006632323.4941614
70.58999999999999,973520942.7154211
70.61,982339188.0601053
70.63,1016327607.7735945
70.64999999999999,1036622113.7210649
70.67,1054354706.1760877
70.69,969148748.0404226
70.71,1007920588.411601
70.72999999999999,977140961.5119791
70.74999999999999,957916475.5836539
70.77,1028930072.0016971
70.78999999999999,998383981.8552798
70.80999999999999,1026429933.7058665
70.83,1008776604.077249
70.85,1013421172.3156146
70.86999999999999,989904514.0141618
70.89,969295589.525037
70.91,948794821.2036657
70.92999999999999,972850827.5930055
70.94999999999999,977291467.3069082
70.96999999999998,949955633.2793816
70.99,988755241.4860617
71.00999999999999,921043366.3583733
71.02999999999999,938362957.6216104
71.05,905935265.8766167
71.07,927611159.2874221
71.08999999999999,974724829.7699248
71.11,991621589.3940991
71.13,977038249.7069311
71.14999999999999,1020285808.8370255
71.17,995037986.0282495
71.19,996255953.5175596
71.21,976580091.5731461
71.22999999999999,956490455.5204557
71.24999999999999,985706859.0150954
71.27,960493699.3352288
71.28999999999999,963998016.4990804
71.30999999999999,1015642377.5967038
71.33,986164254.0424904
71.35,986291474.0924125
71.36999999999999,999757874.7772539
71.39,984348746.9465257
71.41,991620251.7436177
71.42999999999999,1000849391.5213928
71.44999999999999,1002570227.422254
71.46999999999998,980483692.9447457
71.49,951114082.6514511
71.50999999999999,978368312.2452736
71.52999999999999,1003482202.204614
71.55,1009851007.1271918
71.57,1001518790.9308355
71.58999999999999,986262129.6542934
71.61,943906492.481705
71.63,947038745.5066036
71.64999999999999,979234666.5375668
71.67,976773522.9503883
71.69,963741975.2323778
71.71,934936258.4511516
71.72999999999999,933461958.8664403
71.74999999999999,956119516.1389853
71.77,963182709.0047288
71.78999999999999,970891859.7732207
71.80999999999999,969701403.9900013
71.83,983747093.366433
71.85,1002597720.3431052
71.86999999999999,996423769.5072559
71.89,934241582.9211471
71.91,945349468.9249047
71.92999999999999,964448368.0819224
71.94999999999999,962588658.8612523
71.96999999999998,987102161.1177632
71.99,1031341596.0144364
72.00999999999999,961432829.7905166
72.02999999999999,934490338.289936
72.05,957281600.6169039
72.07,959902113.0497532
72.08999999999999,946484763.1001884
72.11,934756051.1552235
72.13,941456356.3811268
72.14999999999999,922198744.8605417
72.17,925971396.4359787
72.18999999999998,1012443797.1296161
72.21,1021281038.4657813
72.22999999999999,965737451.2573283
72.24999999999999,943347504.9468323
72.27,959515142.9252632
72.28999999999999,958427463.0628556
72.30999999999999,1000038962.1257031
72.33,949067127.4600558
72.35,949516816.8902463
72.36999999999999,959881057.3885869
72.39,940127642.3654516
72.41,953427866.2094852
72.42999999999999,997706973.8272051
72.45,949108910.42131
72.46999999999998,948967424.529473
72.49,954708514.4503747
72.50999999999999,1011164738.6018596
72.52999999999999,986422435.3873038
72.55,991523624.4955269
72.57,959953313.1567458
72.58999999999999,926078581.0688616
72.61,981772825.286051
72.63,964203793.450516
72.64999999999999,948015683.585627
72.67,952061281.0728527
72.68999999999998,951052982.9890196
72.71,924756900.7382737
72.72999999999999,935019585.9499363
72.74999999999999,977912891.1148087
72.77,976708231.4814154
72.78999999999999,947704765.2796336
72.80999999999999,960037840.0467012
72.83,980540343.7469742
72.85,968689843.8917457
72.86999999999999,973785871.7616379
72.89,942888779.7778127
72.90999999999998,949173528.8437968
72.92999999999999,990054867.9242646
72.95,967198399.1301005
72.96999999999998,987575353.7993029
72.99,978156920.8682435
73.00999999999999,986855543.4197423
73.02999999999999,957109023.4218545
73.05,1008663316.3979547
73.07,1026225641.5377688
73.08999999999999,989131381.3079818
73.11,981610193.8415563
73.13,966686204.0924314
73.14999999999999,933048811.9169058
73.17,968045630.5465322
73.18999999999998,1011129236.5074476
73.21,955490822.6995755
73.22999999999999,944533443.693052
73.24999999999999,909338625.0874547
73.27,936511520.2165534
73.28999999999999,968887974.7599136
73.30999999999999,1014266020.9150591
73.33,967957016.7582934
73.35,925403786.2614015
73.36999999999999,935012362.9531837
73.39,993785671.8957214
73.40999999999998,943121157.0760708
73.42999999999999,953140493.6907966
73.45,980508139.6878531
73.46999999999998,984658132.6103599
73.49,965343126.7071819
73.50999999999999,1019822427.2409799
73.52999999999999,923669643.99383
73.55,963236103.9562502
73.57,985926331.6865084
73.58999999999999,988071691.4574414
73.61,979767844.5931009
73.63,962787994.8750267
73.64999999999999,1009493187.3489757
73.67,942582442.9054408
73.68999999999998,1014802537.8195728
73.71,987923669.1337155
73.72999999999999,1000282397.5043774
73.74999999999999,971457572.9539266
73.77,995145525.2473048
73.78999999999999,1008000484.505077
73.80999999999999,954546377.3480353
73.83,988752401.9204787
73.85,1000901036.3210516
73.86999999999999,1042864725.6121234
73.89,1052253704.0738512
73.90999999999998,1009212538.1766458
73.92999999999999,1031781913.6063772
73.95,1035639070.2347165
73.96999999999998,1001411823.1578076
73.99,1007491689.8820792
74.00999999999999,1047076010.1712506
74.02999999999999,1049266159.0173168
74.05,1061683914.7066754
74.07,1068931812.5294856
74.08999999999999,1046436049.4741806
74.11,1090493634.6718483
74.13,1109406204.0702934
74.14999999999999,1119389246.5794556
74.17,1093811021.4525075
74.18999999999998,1099111696.345828
74.21,1167772754.5511577
74.22999999999999,1173323658.3602676
74.24999999999999,1195933677.762463
74.27,1185627302.4922483
74.28999999999999,1206954154.271997
74.30999999999999,1207577722.5333412
74.33,1266542146.8544436
74.35,1229639112.081193
74.36999999999999,1228849786.7916386
74.39,1220267744.5095448
74.40999999999998,1248175087.4880648
74.42999999999999,1310123203.6065164
74.45,1312047455.434596
74.46999999999998,1321328218.8426063
74.49,1289014102.123493
74.50999999999999,1309490220.4641175
74.52999999999999,1212952762.6809032
74.55,1293493891.7725644
74.57,1301635010.8829143
74.58999999999999,1251427799.0747337
74.61,1234096473.3463104
74.63,1236396852.8884394
74.64999999999999,1204922582.1214185
74.67,1208964281.123212
74.68999999999998,1224805216.582021
74.71,1253280662.710707
74.72999999999999,1149610718.913764
74.74999999999999,1122957987.2000408
74.77,1116287807.3948436
74.78999999999999,1098262461.4971614
74.80999999999999,1095181706.52692
74.83,1134119729.5791175
74.85,1118493475.2413068
74.86999999999999,1062598245.5985003
74.89,1057702595.4962177
74.90999999999998,1085562114.2043192
74.92999999999999,1033076880.1195419
74.95,1007900029.4462223
74.96999999999998,1013596914.458214
74.99,977742970.8283329
75.00999999999999,1009489476.8953967
75.02999999999999,1024899492.0501866
75.05,997775222.7009423
75.07,989017950.1255699
75.08999999999999,978621828.3864024
75.11,999432811.3756565
75.13,1002136277.1800256
75.14999999999999,992301432.5683795
75.17,1012035040.9104655
75.18999999999998,1021323862.2313946
75.21,980464777.2961963
75.22999999999999,1018263327.4782536
75.24999999999999,1027642706.2133789
75.27,1014236238.0807447
75.28999999999999,999789684.3250749
75.30999999999999,967860150.4735152
75.33,976801026.841996
75.35,997900569.1167219
75.36999999999999,966329560.4952807
75.39,974324286.424757
75.40999999999998,946627844.6082773
75.42999999999999,937670626.7164792
75.45,950159080.1715162
75.46999999999998,932589308.8382407
75.49,965996681.9523239
75.50999999999999,978149674.7851061
75.52999999999999,967578433.7658477
75.55,956857247.858857
75.57,914963043.6179129
75.58999999999999,961127698.9096313
75.61,996242513.5088545
75.63,974985714.88217
75.64999999999999,1012270243.534461
75.67,1004544580.4534252
75.68999999999998,998676832.7773051
75.71,941363819.5720372
75.72999999999999,963667436.6946132
75.74999999999999,946009581.9243052
75.77,935540192.5754644
75.78999999999999,908308010.7819706
75.80999999999999,916713221.8196372
75.83,961615709.3196908
75.85,943403842.643521
75.86999999999999,972206620.847189
75.89,992748907.7835808
75.90999999999998,963750078.5359304
75.92999999999999,961822522.9273963
75.95,958916992.3666948
75.96999999999998,958153079.7072866
75.99,981155424.6596359
76.00999999999999,970149550.2029061
76.02999999999999,956066810.4478134
76.05,905384037.1252443
76.07,973176230.0552297
76.08999999999999,944060295.137624
76.11,959849876.1237859
76.13,952359994.7033145
76.14999999999999,943797041.6698401
76.17,942826573.3099891
76.18999999999998,972855221.0400692
76.21,964911878.683374
76.22999999999999,984733664.2093908
76.24999999999999,969690082.9397867
76.27,936351869.3212457
76.28999999999999,952914150.5848778
76.30999999999999,982543186.8282917
76.33,948250476.6124673
76.35,949038912.3001825
76.36999999999999,924449296.5162569
76.39,968680636.7291063
76.40999999999998,908843671.1451715
76.42999999999999,912447987.7509891
76.45,953163956.7272892
76.46999999999998,968880245.1655798
76.49,976523303.5366756
76.50999999999999,943414212.8915862
76.52999999999999,970576204.7321384
76.55,972105147.9489772
76.57,987010651.2875804
76.58999999999999,968900412.5683397
76.61,962577810.4031234
76.63,961857197.488746
76.64999999999999,940097056.9376073
76.67,962203487.7948625
76.68999999999998,986252970.5552824
76.71,965644672.2080466
76.72999999999999,944037025.0001475
76.74999999999999,943146429.8891271
76.77,968694518.7588406
76.78999999999999,1006205971.2841704
76.80999999999999,1001505605.0512615
76.83,973298061.1475439
76.85,947675224.3107011
76.86999999999999,948684414.5170565
76.89,967250221.6827204
76.90999999999998,945456349.8157943
76.92999999999999,962689851.3047802
76.95,986522517.63512
76.96999999999998,972054623.3154571
76.99,978654868.83965
77.00999999999999,1005733590.1223454
77.02999999999999,975931455.8980681
77.05,915326587.7252145
77.07,909687318.1550382
77.08999999999999,1001596103.4076748
77.11,968536596.0263199
77.13,925556165.9682214
77.14999999999999,967703111.6810851
77.17,964767324.479686
77.18999999999998,978569635.8811163
77.21,959818850.0501099
77.22999999999999,923174016.439182
77.24999999999999,930907856.5623963
77.27,949006571.856278
77.28999999999999,980807322.4319166
77.30999999999999,961657312.9368503
77.33,964115298.695024
77.35,995476506.7747099
77.36999999999999,941116614.4273119
77.39,1022729237.829537
77.40999999999998,950660564.633798
77.42999999999999,999209851.009805
77.45,986316866.158271
77.46999999999998,996863074.7800041
77.49,996264035.2592201
77.50999999999999,964480531.5545933
77.52999999999999,903040182.7735962
77.55,970181973.8022977
77.57,958333052.4881656
77.58999999999999,945922801.0075132
77.61,893602241.2559354
77.63,973195916.0904183
77.64999999999999,929002112.4067731
77.67,943828482.648242
77.68999999999998,953397508.4531109
77.71,983047993.3847663
77.72999999999999,992510456.5087816
77.74999999999999,969667037.0255936
77.77,953428692.0699321
77.78999999999999,973010314.1727532
77.80999999999999,956665048.2994093
77.83,960265019.7821113
77.85,936152819.2450576
77.86999999999999,973610259.5745373
77.89,961363586.6715889
77.90999999999998,1036957405.0833336
77.92999999999999,1015290053.6243774
77.95,1002497943.2080353
77.96999999999998,977062346.3959645
77.99,999353553.9552217
78.00999999999999,965781069.1200714
78.02999999999999,974554657.1924616
78.05,955807868.293083
78.07,960604946.4754924
78.08999999999999,964631944.1618369
78.11,950950214.0727549
78.13,1007223212.5340418
78.14999999999999,940644818.6353632
78.17,999840944.5238732
78.18999999999998,977666094.6916093
78.21,946582521.9182593
78.22999999999999,966099495.937159
78.24999999999999,1017272625.3588393
78.27,981686313.5953323
78.28999999999999,961172299.0119485
78.30999999999999,947768855.7045679
78.33,1000490264.8095589
78.35,969544541.8983542
78.36999999999999,967141169.974016
78.39,984900535.5757433
78.40999999999998,960607934.1824313
78.42999999999999,1012329681.4171485
78.44999999999999,963549111.4946423
78.46999999999998,999101496.0489522
78.49,984589089.5866958
78.50999999999999,958992034.1435544
78.52999999999999,952412142.815738
78.55,1031859754.2444575
78.57,1036344676.5640825
78.58999999999999,992930713.7668011
78.61,967854306.7227144
78.63,975706347.5725456
78.64999999999999,1042652284.2648549
78.67,1007302332.9573168
78.68999999999998,934244527.8965166
78.71,968982800.1635121
78.72999999999999,1015867269.3837483
78.74999999999999,993530995.4701986
78.77,979783737.2536955
78.78999999999999,952113492.3150594
78.80999999999999,987936600.5507109
78.83,960074780.3193225
78.85,977644406.3466386
78.86999999999999,987516740.1406623
78.89,986734190.6789808
78.90999999999998,992741767.4362388
78.92999999999999,982267211.6060476
78.94999999999999,980977869.1992192
78.96999999999998,942434452.2571818
78.99,961435269.7592025
79.00999999999999,942847799.42153
79.02999999999999,988609436.7656127
79.05,1012437187.4444455
79.07,976084731.2120367
79.08999999999999,997664191.7565557
79.11,964099936.9376866
79.13,972152838.9860437
79.14999999999999,982067668.1948812
79.17,1016100598.1892737
79.18999999999998,1010580677.3912045
79.21,980203016.3855103
79.22999999999999,981801803.993503
79.24999999999999,963817998.5144838
79.27,931532606.6132535
79.28999999999999,960142945.4895406
79.30999999999999,962784626.0044175
79.33,980035423.8548043
79.35,940691548.2439454
79.36999999999999,942353657.5316782
79.39,978617582.6555815
79.40999999999998,954207748.7306973
79.42999999999999,970172115.8496748
79.44999999999999,990272150.8640057
79.46999999999998,974793976.2834932
79.49,991183500.4605762
79.50999999999999,1001978818.011407
79.52999999999999,995323728.6219423
79.55,993196587.9814616
79.57,984042044.5162733
79.58999999999999,1062243095.3359529
79.61,972635344.1665963
79.63,967129959.6158599
79.64999999999999,964943823.9710981
79.67,975708012.3586577
79.68999999999998,995455761.6049488
79.71,1018715839.6116103
79.72999999999999,1000049302.9651202
79.74999999999999,995100701.3055203
79.77,993409604.8107109
79.78999999999999,978823996.7403734
79.80999999999999,1040329769.384802
79.83,1005973095.316709
79.85,1018104379.4863224
79.86999999999999,1055115531.7593194
79.89,1034959967.2639674
79.90999999999998,1003263650.343492
79.92999999999999,995347841.8867176
79.94999999999999,970808495.8315859
79.96999999999998,994770639.350612
79.99,995191036.8869734
80.00999999999999,981315093.0007145
80.02999999999999,976223983.4604359
80.05,998316041.8945158
80.07,965253452.7664006
80.08999999999999,940130795.0477511
80.11,1024682473.8444502
80.12999999999998,1028747392.0961207
80.14999999999999,982271380.8278328
80.17,992814398.9900105
80.18999999999998,1018646741.000592
80.21,960754100.6692058
80.22999999999999,983880426.217553
80.24999999999999,1003194244.280217
80.27,997965487.6714692
80.28999999999999,1083836147.3664956
80.30999999999999,1021023181.7775257
80.33,1022804916.3547072
80.35,997426947.3071945
80.36999999999999,967709874.4343576
80.39,949188618.4945023
80.40999999999998,982345811.7107068
80.42999999999999,933159986.3135204
80.44999999999999,985091863.7970328
80.46999999999998,921855706.8022877
80.49,960997241.3790478
80.50999999999999,988415689.1426325
80.52999999999999,1034613097.541282
80.55,1019330174.2738471
80.57,999384065.7558649
80.58999999999999,1008322230.1916871
80.61,1020014451.7975512
80.62999999999998,964967408.2146304
80.64999999999999,982589131.9767405
80.67,1046155678.1660968
80.68999999999998,1010188188.5526128
80.71,1059746268.9255462
80.72999999999999,1033456917.1847271
80.74999999999999,1028560471.3223045
80.77,1048603494.0189174
80.78999999999999,1043176729.0409799
80.80999999999999,1014688192.4438938
80.83,1022712402.8126239
80.85,1085910655.8770254
80.86999999999999,1027942978.3222036
80.89,1047184991.6916343
80.90999999999998,1065452196.4553967
80.92999999999999,1060299021.3000158
80.94999999999999,1060131947.3375025
80.96999999999998,975640323.8414583
80.99,1047465119.729009
81.00999999999999,1073138298.3478038
81.02999999999999,1106775223.4551566
81.05,1034861995.4058285
81.07,1080736150.6169095
81.08999999999999,1035418546.2131598
81.11,1090511772.6972072
81.12999999999998,1135305413.5777712
81.14999999999999,1124185279.653399
81.17,1110254682.027533
81.18999999999998,1009922372.4201518
81.21,1048028653.1423514
81.22999999999999,1098597033.030848
81.24999999999999,1137959655.776278
81.27,1133206384.1469164
81.28999999999999,1118817123.8493178
81.30999999999999,1132405020.49501
81.33,1080187121.8389077
81.35,1078771432.97906
81.36999999999999,1075504114.1252606
81.39,1086966346.2324677
81.40999999999998,1137408913.3496165
81.42999999999999,1122713437.023304
81.44999999999999,1088513861.0530698
81.46999999999998,1127963000.333396
81.49,1184568806.5720491
81.50999999999999,1136756481.3247318
81.52999999999999,1213934345.39762
81.55,1222159668.0647657
81.57,1213811542.130299
81.58999999999999,1201202453.2797167
81.61,1284259164.8087256
81.62999999999998,1249708974.3080423
81.64999999999999,1311745267.3233008
81.67,1360294263.0662243
81.68999999999998,1342690694.6122692
81.71,1395991204.3533154
81.72999999999999,1422510391.5318165
81.74999999999999,1529021422.1065023
81.77,1491164865.1012254
81.78999999999999,1612058587.0701416
81.80999999999999,1551653731.1916068
81.83,1671703121.5223737
81.85,1731994666.5374734
81.86999999999999,1835235303.766817
81.89,1930293364.486291
81.90999999999998,2024990377.38797
81.92999999999999,2079942680.1462426
81.94999999999999,2229530746.865784
81.96999999999998,2464771024.8972654
81.99,2682673923.7776203
82.00999999999999,2914392963.7431784
82.02999999999999,3140589318.76174
82.05,3441125046.9700327
82.07,3769204707.414669
82.08999999999999,4011109691.5528073
82.11,4436184376.635824
82.12999999999998,5013715366.736778
82.14999999999999,5323211133.7792425
82.17,5790141674.427172
82.18999999999998,6302335663.830491
82.21,6723873747.579657
82.22999999999999,6946246295.223002
82.24999999999999,7291057032.510049
82.27,7680456710.156742
82.28999999999999,7880208180.690661
82.30999999999999,8002676767.864287
82.33,8153492121.207562
82.35,8319992672.135733
82.36999999999999,8044165781.394559
82.39,7953429429.349096
82.40999999999998,7797039340.611256
82.42999999999999,7537225391.301735
82.44999999999999,7374677223.784955
82.46999999999998,7225410794.283271
82.49,7038062038.865583
82.50999999999999,6748603643.692514
82.52999999999999,6382932466.744416
82.55,6074255967.254138
82.57,5921981131.667455
82.58999999999999,5525311932.085232
82.61,5254875446.006486
82.62999999999998,4966093200.7578335
82.64999999999999,4701292428.299213
82.67,4266306058.183276
82.68999999999998,4016446435.537324
82.71,3638785281.2433147
82.72999999999999,3414577575.6083364
82.74999999999999,3235126324.000752
82.77,2839713694.107967
82.78999999999999,2642569056.909045
82.80999999999999,2482192420.163289
82.83,2268440324.551373
82.85,2131294075.5653193
82.86999999999999,2043046184.4772296
82.89,1885168338.2648766
82.90999999999998,1815878811.3916304
82.92999999999999,1701789149.162636
82.94999999999999,1564890895.0464544
82.96999999999998,1586633614.2873707
82.99,1479886008.0722322
83.00999999999999,1441120386.4192803
83.02999999999999,1400871985.525071
83.05,1354817605.4155555
83.07,1311010208.515602
83.08999999999999,1305853233.4139037
83.11,1270970330.9263356
83.12999999999998,1289922024.9233255
83.14999999999999,1211150946.006272
83.17,1200093385.4178333
83.18999999999998,1168764545.3941567
83.21,1168457219.9402127
83.22999999999999,1133659372.8184144
83.24999999999999,1098475625.617217
83.27,1084278767.3990095
83.28999999999999,1161767512.5085008
83.30999999999999,1105505757.5884566
83.33,1109918654.6422334
83.35,1087335561.0381753
83.36999999999999,1026380518.123701
83.39,1051344965.6729944
83.40999999999998,1117270982.415629
83.42999999999999,1026782799.4284809
83.44999999999999,1073380281.3483692
83.46999999999998,1038618786.3499278
83.49,1067026436.5297375
83.50999999999999,1069356832.2196295
83.52999999999999,1041387508.8616925
83.55,1031794753.8321079
83.57,1082252412.0545216
83.58999999999999,1052048847.7260815
83.61,1045003591.8877574
83.62999999999998,1024637713.447496
83.64999999999999,1029967296.1742265
83.67,997106238.5173234
83.68999999999998,1020638089.0253196
83.71,1028469995.5291518
83.72999999999999,1037233721.3122762
83.74999999999999,1043683637.9394119
83.77,1016454755.9928614
83.78999999999999,1033884618.384018
83.80999999999999,997472053.4217057
83.83,1000325445.2121996
83.85,993456076.7609174
83.86999999999999,1007285518.8414482
83.89,1028943287.753568
83.90999999999998,1022073792.6215115
83.92999999999999,1009818384.4797105
83.94999999999999,989322882.095469
83.96999999999998,1013425700.7599936
83.99,994908778.9131825
84.00999999999999,1030946597.8483816
84.02999999999999,981927600.382593
84.05,980094648.5741515
84.07,991786433.5045311
84.08999999999999,1003245422.6352254
84.11,921228993.0587549
84.12999999999998,988619839.0800754
84.14999999999999,1038381691.0158932
84.17,977832445.2845123
84.18999999999998,983513071.2754147
84.21,948661011.8154644
84.22999999999999,958357175.5850128
84.24999999999999,980965107.1049258
84.27,972971668.0467681
84.28999999999999,1000507419.4988497
84.30999999999999,968430030.369141
84.33,955490900.0476375
84.35,967178365.053411
84.36999999999999,988278913.8648062
84.39,903729586.2468665
84.40999999999998,981035664.0505918
84.42999999999999,971016556.8728908
84.44999999999999,1017375768.2401894
84.46999999999998,998934372.9218246
84.49,987375902.692301
84.50999999999999,977302671.9489218
84.52999999999999,966512561.3081478
84.55,956875739.6453062
84.57,981761265.4578156
84.58999999999999,948803345.0621337
84.61,950062776.3304219
84.62999999999998,943092623.5206649
84.64999999999999,975519302.8174372
84.67,969051757.1625733
84.68999999999998,1006499069.6698964
84.71,1022291152.1639622
84.72999999999999,933532035.4856105
84.74999999999999,926634147.576762
84.77,989890794.9499763
84.78999999999999,997334086.3622311
84.80999999999999,974621820.4202802
84.83,984006490.4712096
84.85,967577825.794914
84.86999999999999,935995848.8398896
84.89,970150710.0176748
84.90999999999998,948355927.113689
84.92999999999999,963651400.0718529
84.94999999999999,966216640.9312274
84.96999999999998,932980384.8511692
84.99,968485775.3428907
85.00999999999999,1004516163.0156176
85.02999999999999,947146202.5841923
85.05,944777027.5967641
85.07,931620282.7349317
85.08999999999999,937815916.3784735
85.11,993413057.7286195
85.12999999999998,944372477.8197325
85.14999999999999,915144345.2115976
85.17,912736749.3012255
85.18999999999998,983275275.9494152
85.21,950135616.6090171
85.22999999999999,941127894.2906764
85.24999999999999,930470569.2124146
85.27,975769235.2219045
85.28999999999999,957178857.3031193
85.30999999999999,963879981.0241853
85.33,942061658.2010634
85.35,997382718.1279827
85.36999999999999,937721763.1621989
85.39,927771561.3225127
85.40999999999998,954619563.8406967
85.42999999999999,918514317.3633003
85.44999999999999,928462928.3653502
85.46999999999998,965527045.2694952
85.49,908625172.3098807
85.50999999999999,960282515.60461
85.52999999999999,982688413.2466422
85.55,931476883.7478576
85.57,951693127.6823305
85.58999999999999,943681003.3886876
85.61,950727549.0086764
85.62999999999998,949939803.2862267
85.64999999999999,928600078.1073472
85.66999999999999,988545699.2158425
85.68999999999998,916050801.7380168
85.71,937939571.4658096
85.72999999999999,973018378.4720756
85.74999999999999,968104126.0186539
85.77,965342308.4486666
85.78999999999999,1000544339.5693159
85.80999999999999,939855369.0326664
85.83,916005961.095858
85.85,944235367.5199627
85.86999999999999,955196317.638098
85.89,946274470.8781216
85.90999999999998,948973675.7200763
85.92999999999999,959658040.7325634
85.94999999999999,969791149.3156892
85.96999999999998,947989372.7106934
85.99,955605228.5374568
86.00999999999999,960851587.1216974
86.02999999999999,970142432.5383772
86.05,967505850.0056549
86.07,956861016.4730943
86.08999999999999,971322033.7573037
86.11,953911634.6146837
86.12999999999998,934482888.8044354
86.14999999999999,959381697.2413085
86.16999999999999,920569933.7438513
86.18999999999998,891344918.3926975
86.21,956046051.0705193
86.22999999999999,970116284.0445273
86.24999999999999,978998093.3587033
86.27,960578123.8244461
86.28999999999999,959406558.6290554
86.30999999999999,965676408.940697
86.33,974518471.0876886
86.35,968446307.7102925
86.36999999999999,957702556.2081081
86.39,945110162.6258678
86.40999999999998,934333305.225442
86.42999999999999,925447203.5337468
86.44999999999999,889462791.434129
86.46999999999998,913734770.5884508
86.49,960281766.9315327
86.50999999999999,964661970.7913485
86.52999999999999,964103256.0702288
86.55,963003772.4312651
86.57,967001296.8787968
86.58999999999999,920508061.9118745
86.61,937416991.0817068
86.62999999999998,958213047.7485837
86.64999999999999,934790523.8300666
86.66999999999999,947728904.4393795
86.68999999999998,989606730.7722524
86.71,973515516.6059705
86.72999999999999,948150356.0706412
86.74999999999999,987699132.8164104
86.77,960237438.8688532
86.78999999999999,993688915.5481125
86.80999999999999,989617121.7737747
86.83,981252079.7719158
86.85,953172048.1866215
86.86999999999999,968989500.8307865
86.89,948699925.0700681
86.90999999999998,948702297.7402244
86.92999999999999,976441742.6092521
86.94999999999999,979591651.7350266
86.96999999999998,929028497.0217652
86.99,955131618.8271298
87.00999999999999,894114883.0147494
87.02999999999999,929058520.2664858
87.05,940692839.4989777
87.07,928331173.7680848
87.08999999999999,961632333.335789
87.11,916713609.2755336
87.12999999999998,924640646.2542433
87.14999999999999,913463734.1175663
87.16999999999999,917651183.5778366
87.18999999999998,924623431.0478693
87.21,906864161.7765132
87.22999999999999,922418371.959575
87.24999999999999,938760575.9617676
87.27,881769184.5453837
87.28999999999999,919527426.5232826
87.30999999999999,929596420.543266
87.33,909922625.7418306
87.35,966584392.7188699
87.36999999999999,954254457.5308292
87.39,900423019.8814822
87.40999999999998,909334778.3754292
87.42999999999999,907651205.5127064
87.44999999999999,929974456.2885649
87.46999999999998,987682222.0741584
87.49,939207380.0069635
87.50999999999999,946935518.9246719
87.52999999999999,875801881.9877572
87.55,956785183.9572589
87.57,979291099.5706805
87.58999999999999,884855618.4806044
87.61,865733382.9739466
87.62999999999998,886781844.6459498
87.64999999999999,908658380.1688073
87.66999999999999,924708640.9029125
87.68999999999998,863230512.588128
87.71,937286758.5072589
87.72999999999999,918309047.5596663
87.74999999999999,951092229.9220592
87.77,910933747.1296219
87.78999999999999,932264403.0509529
87.80999999999999,950518854.3753216
87.83,911867902.0403922
87.84999999999998,931472505.9654664
87.86999999999999,939244437.2296169
87.89,948147985.72527
87.90999999999998,933534177.6739169
87.92999999999999,941123613.6502005
87.94999999999999,934504805.7615087
87.96999999999998,890828189.0465087
87.99,868435134.0718793
88.00999999999999,934069381.1296707
88.02999999999999,950783877.2597308
88.05,962221800.9999375
88.07,966871813.3290699
88.08999999999999,890891818.4594119
88.11,904636690.358001
88.12999999999998,943656880.0892577
88.14999999999999,939313107.7951256
88.16999999999999,936001479.0640239
88.18999999999998,926179731.2745117
88.21,911173889.17494
88.22999999999999,916375060.3933424
88.24999999999999,919383020.1753635
88.27,922256386.9183956
88.28999999999999,924740210.2422322
88.30999999999999,885697938.4036312
88.33,914775994.1045077
88.34999999999998,920799150.9026659
88.36999999999999,904459562.1533214
88.39,913441134.1341393
88.40999999999998,977979942.8571625
88.42999999999999,909599286.8592861
88.44999999999999,917319879.2465093
88.46999999999998,934989062.2687004
88.49,916018788.3528035
88.50999999999999,956699013.9405879
88.52999999999999,943130508.1466864
88.55,952230170.3774502
88.57,942050791.8908333
88.58999999999999,910810935.0484947
88.61,932207240.8604916
88.62999999999998,940516847.8638101
88.64999999999999,894258446.7713431
88.66999999999999,891231743.7712897
88.68999999999998,908317771.108557
88.71,939889632.5349885
88.72999999999999,920777442.4944047
88.74999999999999,917990306.5196129
88.77,866062964.690253
88.78999999999999,891087990.5145749
88.80999999999999,925785091.7567106
88.83,960301801.1033106
88.84999999999998,907229664.9204959
88.86999999999999,931068804.6189685
88.89,979093086.886523
88.90999999999998,909787986.5962148
88.92999999999999,903939453.6474699
88.94999999999999,955862080.8825558
88.96999999999998,962036188.8398247
88.99,929816194.0770229
89.00999999999999,925424288.9693053
89.02999999999999,922151522.3484423
89.05,925221140.1035757
89.07,922619000.9410213
89.08999999999999,942705426.9781014
89.11,940508601.1963261
89.12999999999998,936792691.7214469
89.14999999999999,951734961.0842972
89.16999999999999,906109338.1190523
89.18999999999998,892800094.5169035
89.21,954587044.935023
89.22999999999999,904062425.7527808
89.24999999999999,917237657.4064878
89.27,943862669.8829619
89.28999999999999,952182104.97968
89.30999999999999,983426482.9972806
89.33,988974382.5626233
89.34999999999998,955811811.3440701
89.36999999999999,991090459.3969302
89.39,977526335.0975903
89.40999999999998,974074946.1734908
89.42999999999999,949955327.8640369
89.44999999999999,949976031.2537653
89.46999999999998,969674407.8373346
89.49,978799562.2597337
89.50999999999999,995160842.696312
89.52999999999999,994741259.7357786
89.55,949008390.5401651
89.57,963755913.6072717
89.58999999999999,968421492.1349604
89.61,994891888.506631
89.62999999999998,1003862777.1397151
89.64999999999999,971903900.495705
89.66999999999999,966640459.7196167
89.68999999999998,1025175614.3424021
89.71,984351504.7552941
89.72999999999999,995345978.6967671
89.74999999999999,1033915427.1071863
89.77,1000341708.129771
89.78999999999999,999929743.3617877
89.80999999999999,1044334756.0403944
89.83,988436950.9988363
89.84999999999998,1045671850.956679
89.86999999999999,1061277146.0434102
89.89,1084289190.9395466
89.90999999999998,1034245515.9942828
89.92999999999999,1073462420.490346
89.94999999999999,1081330758.1292965
89.96999999999998,1047849549.1315582
89.99,1043325725.9514675
90.00999999999999,1076706042.6546621
90.02999999999999,1079836450.0225155
90.05,1098540456.028287
90.07,1095696101.43856
90.08999999999999,1138017110.5414462
90.11,1175079270.175157
90.12999999999998,1135380593.1328948
90.14999999999999,1139665848.55119
90.16999999999999,1217642310.6276078
90.18999999999998,1154801630.7400167
90.21,1214326621.872743
90.22999999999999,1223104969.4235227
90.24999999999999,1167122381.6436684
90.27,1162911694.0926015
90.28999999999999,1198497165.9582536
90.30999999999999,1178842423.826282
90.33,1166361450.723351
90.34999999999998,1227011686.4474335
90.36999999999999,1176537006.3001027
90.39,1124853560.3861783
90.40999999999998,1145435724.5696146
90.42999999999999,1168696950.3233154
90.44999999999999,1203323441.0171926
90.46999999999998,1200130666.925853
90.49,1198198194.8844347
90.50999999999999,1210606066.017414
90.52999999999999,1174216940.5490873
90.55,1109209380.525566
90.57,1185460925.1335485
90.58999999999999,1153691955.0422325
90.61,1136829395.1221344
90.62999999999998,1160000894.446725
90.64999999999999,1110656856.8215106
90.66999999999999,1142570209.5372252
90.68999999999998,1071210680.039662
90.71,1138936433.2428718
90.72999999999999,1145208707.333901
90.74999999999999,1102070153.6262076
90.77,1053495386.9330678
90.78999999999999,1047452561.5668832
90.80999999999999,1059560446.8395014
90.83,1036209732.2870421
90.84999999999998,1067551616.307693
90.86999999999999,1025291435.8864647
90.89,983431633.1593679
90.90999999999998,991079102.3717427
90.92999999999999,1034586813.082729
90.94999999999999,1012353721.7634503
90.96999999999998,1016870073.8957485
90.99,1056401465.7414467
91.00999999999999,1045311458.9938135
91.02999999999999,991717895.8649826
91.05,946650704.3393562
91.07,974749441.5232832
91.08999999999999,957807071.6006975
91.11,941160546.2496581
91.12999999999998,942885400.7780488
91.14999999999999,995966273.4903426
91.16999999999999,1032946842.4850066
91.18999999999998,995618334.2164767
91.21,983632171.3448197
91.22999999999999,965137269.6999763
91.24999999999999,974834923.2018965
91.27,946735992.0645685
91.28999999999999,980666024.9093792
91.30999999999999,917374611.7341586
91.33,972588398.1022625
91.34999999999998,1002893163.3206629
91.36999999999999,986776069.8350424
91.39,980358525.7897202
91.40999999999998,940045733.1735554
91.42999999999999,938120140.3413497
91.44999999999999,914692956.2559059
91.46999999999998,899049741.242921
91.49,904119818.4536271
91.50999999999999,881025008.0863996
91.52999999999999,919421594.6202974
91.55,917848414.8490703
91.57,904398075.5034584
91.58999999999999,951394316.7310201
91.61,957966245.0173994
91.62999999999998,975839028.0155572
91.64999999999999,941342396.267146
91.66999999999999,902951212.9206886
91.68999999999998,937880023.954018
91.71,959561135.8219409
91.72999999999999,962898340.2523863
91.74999999999999,915856594.9670461
91.77,930237522.563987
91.78999999999999,929040638.7393092
91.80999999999999,965124306.3239793
91.83,936279550.8916638
91.84999999999998,937963686.9898702
91.86999999999999,916150767.6138148
91.89,914344024.1257342
91.90999999999998,935967316.5708318
91.92999999999999,950356790.4079973
91.94999999999999,971551493.018572
91.96999999999998,921700621.6765691
91.99,898020385.203497
92.00999999999999,943358143.1749365
92.02999999999999,969103959.829198
92.05,953640034.5327628
92.07,948322581.2521131
92.08999999999999,903051676.832156
92.11,898597388.3736554
92.12999999999998,979861387.0596945
92.14999999999999,962077463.3027712
92.16999999999999,955770283.1208355
92.18999999999998,885937146.476698
92.21,918149956.5854777
92.22999999999999,884526153.6163166
92.24999999999999,892277540.7591099
92.27,903820430.0799125
92.28999999999999,929919585.2901686
92.30999999999999,911894399.182957
92.33,954566143.6419556
92.34999999999998,907774307.7706828
92.36999999999999,845739665.6927383
92.39,900893047.2338706
92.40999999999998,946948861.2262151
92.42999999999999,930515714.1880946
92.44999999999999,926864285.1498095
92.46999999999998,893881486.4925739
92.49,935346008.192897
92.50999999999999,924210278.1741112
92.52999999999999,929173940.0292543
92.55,943956513.7777628
92.57,957894372.8568717
92.58999999999999,967845827.9410431
92.61,909708582.7128577
92.62999999999998,955493115.4066199
92.64999999999999,928237577.2423536
92.66999999999999,924383711.1779534
92.68999999999998,911754678.966734
92.71,915314538.0597465
92.72999999999999,889661955.1532546
92.74999999999999,882195084.1401913
92.77,905776764.6053551
92.78999999999999,927989052.4379869
92.80999999999999,911636049.2461622
92.83,930915640.5166396
92.84999999999998,943749591.4603081
92.86999999999999,886877217.7362304
92.89,936827839.4332552
92.90999999999998,896159929.8618437
92.92999999999999,850852597.5656471
92.94999999999999,894791410.701219
92.96999999999998,923367341.5572512
92.99,942917496.0224662
93.00999999999999,959906614.2404
93.02999999999999,920157921.4221299
93.05,937830877.4435502
93.07,911561987.5170805
93.08999999999999,879584480.4457326
93.11,911608911.9006562
93.12999999999998,935502627.1831639
93.14999999999999,903600556.7532086
93.16999999999999,911337232.1580224
93.18999999999998,886479462.5100782
93.21,934249607.6413432
93.22999999999999,962710570.6315253
93.24999999999999,905115010.6473156
93.27,929585830.1103272
93.28999999999999,938877836.5942295
93.30999999999999,926182043.4762968
93.33,921016528.2710245
93.34999999999998,901703367.6613209
93.36999999999999,896994649.6554694
93.38999999999999,913976966.4798772
93.40999999999998,915353550.0088732
93.42999999999999,919211470.5658433
93.44999999999999,893230875.2659873
93.46999999999998,924169780.8782033
93.49,938180646.2465863
93.50999999999999,934649184.7749041
93.52999999999999,922015075.145532
93.55,964406779.6046985
93.57,905421704.771375
93.58999999999999,891667879.973261
93.61,886138617.8329738
93.62999999999998,887135116.1909652
93.64999999999999,888486854.6035529
93.66999999999999,913526171.9702018
93.68999999999998,887143468.6563903
93.71,938069565.2237034
93.72999999999999,904646283.0915529
93.74999999999999,912351521.0715015
93.77,938619419.7852968
93.78999999999999,899645252.0699952
93.80999999999999,925896938.9994515
93.83,931457258.8268068
93.84999999999998,930425918.8205227
93.86999999999999,893324375.5873278
93.88999999999999,861557933.8224065
93.90999999999998,901978480.5912889
93.92999999999999,879856719.1807172
93.94999999999999,904765558.8050747
93.96999999999998,917856208.8225126
93.99,904908821.8815954
94.00999999999999,898868705.8359729
94.02999999999999,920382227.3367499
94.05,894636626.7756321
94.07,924723993.4904554
94.08999999999999,939299175.495648
94.11,902838169.8702825
94.12999999999998,872644742.3728193
94.14999999999999,871167756.3028684
94.16999999999999,914885173.8703359
94.18999999999998,915311463.2382718
94.21,905739783.2539175
94.22999999999999,867596062.4685631
94.24999999999999,888217980.0670747
94.27,925192602.2020179
94.28999999999999,942818771.9996839
94.30999999999999,949024832.599536
94.33,915034469.2270484
94.34999999999998,928908962.0571277
94.36999999999999,885735692.7690381
94.38999999999999,914268406.2417806
94.40999999999998,914744735.1922909
94.42999999999999,918851770.5028197
94.44999999999999,914090427.4784033
94.46999999999998,910620114.0461658
94.49,889152464.7404169
94.50999999999999,945735298.2412332
94.52999999999999,947054330.7320787
94.55,897436160.9426713
94.57,921125872.7512121
94.58999999999999,908582985.687339
94.61,904022893.0794404
94.62999999999998,900144187.8305277
94.64999999999999,924718898.4050974
94.66999999999999,905070839.7852503
94.68999999999998,928292265.5303701
94.71,911731047.5142688
94.72999999999999,869011247.3510522
94.74999999999999,941409751.8558704
94.77,938807544.443004
94.78999999999999,924472738.5050573
94.80999999999999,966860566.3348608
94.83,908538764.119048
94.84999999999998,947151507.0760852
94.86999999999999,939951123.8089443
94.88999999999999,910507262.1065906
94.90999999999998,947053107.0850154
94.92999999999999,973973762.2342606
94.94999999999999,944463334.5787417
94.96999999999998,914985849.689245
94.99,918016830.7804589
95.00999999999999,948470586.5265805
95.02999999999999,964960536.5032693
95.05,950711974.282648
95.06999999999998,919575569.53393
95.08999999999999,933428664.9638178
95.11,914433853.7239093
95.12999999999998,952046060.8772243
95.14999999999999,927897655.6337699
95.16999999999999,957007493.0173721
95.18999999999998,937194759.5461637
95.21,928844284.061706
95.22999999999999,976961505.5854431
95.24999999999999,962665751.646621
95.27,957291015.4656982
95.28999999999999,954193543.8838533
95.30999999999999,956293237.1770861
95.33,963168044.4243258
95.34999999999998,966629589.2210907
95.36999999999999,979753778.8330024
95.38999999999999,900996139.6180727
95.40999999999998,972061795.9543824
95.42999999999999,941587621.096684
95.44999999999999,963472103.2342327
95.46999999999998,966804340.2443717
95.49,981856163.8495063
95.50999999999999,1025923135.7586337
95.52999999999999,1011030246.6211481
95.55,944453970.1577498
95.56999999999998,961498068.630365
95.58999999999999,1004408856.2221072
95.61,1011030733.7193615
95.62999999999998,962406078.5793482
95.64999999999999,1016898226.1391647
95.66999999999999,1034598904.1467689
95.68999999999998,1021243371.5914376
95.71,1006636027.134982
95.72999999999999,965907811.5039041
95.74999999999999,959052860.4326415
95.77,967769448.3858418
95.78999999999999,963204483.5601785
95.80999999999999,957573299.2182844
95.83,947435135.6652588
95.84999999999998,934221566.7977133
95.86999999999999,949211756.853888
95.88999999999999,945818512.5715929
95.90999999999998,935676351.0563022
95.92999999999999,951046951.2653127
95.94999999999999,955196743.8211764
95.96999999999998,956420569.565017
95.99,956114145.9269431
96.00999999999999,948852584.2329409
96.02999999999999,979326381.7188398
96.05,957538128.5123639
96.06999999999998,959477307.3609524
96.08999999999999,930849892.73442
96.11,930001776.498824
96.12999999999998,921625034.645978
96.14999999999999,909978078.2370716
96.16999999999999,894960954.6803753
96.18999999999998,929075437.2648813
96.21,969934110.9737623
96.22999999999999,917403793.0561466
96.24999999999999,926513472.1894201
96.27,908975218.5625782
96.28999999999999,877452819.1470051
96.30999999999999,890696429.5134417
96.33,939606214.538016
96.34999999999998,909005637.1320207
96.36999999999999,924306259.3581253
96.38999999999999,925901394.4685974
96.40999999999998,939376820.7930559
96.42999999999999,851362273.1818075
96.44999999999999,897306171.0188199
96.46999999999998,958490112.2310139
96.49,971730977.6522038
96.50999999999999,897128237.7090386
96.52999999999999,926097886.7190087
96.55,941655650.4555438
96.56999999999998,893568102.7792562
96.58999999999999,905108473.1646423
96.61,868631038.2660136
96.62999999999998,914378914.8104936
96.64999999999999,891291355.3403959
96.66999999999999,931597048.6358542
96.68999999999998,901615645.3856125
96.71,908753028.8183107
96.72999999999999,948872256.8813653
96.74999999999999,932009850.244926
96.77,916838847.5687023
96.78999999999999,892565164.2406807
96.80999999999999,939370085.9631888
96.83,880335925.1207551
96.84999999999998,893259931.5974867
96.86999999999999,908191258.6412596
96.88999999999999,936974771.2703555
96.90999999999998,896396090.7186552
96.92999999999999,930531918.9427831
96.94999999999999,917753558.5804679
96.96999999999998,906690507.2978736
96.99,867899242.2019236
97.00999999999999,881664590.5579056
97.02999999999999,862969010.983318
97.05,919177459.0971892
97.06999999999998,908421218.1512903
97.08999999999999,865958265.7045039
97.11,863051945.6987897
97.12999999999998,873774784.5821519
97.14999999999999,861941409.4706419
97.16999999999999,971537288.2756224
97.18999999999998,916898882.5746883
97.21,911433516.0318184
97.22999999999999,930207376.2945645
97.24999999999999,895905530.163673
97.27,919143277.6542645
97.28999999999999,880247691.7520701
97.30999999999999,927760585.8693577
97.33,922324257.1956398
97.34999999999998,858827789.4609503
97.36999999999999,894125967.0049249
97.38999999999999,918545708.9868107
97.40999999999998,904828539.3239833
97.42999999999999,946819432.8009428
97.44999999999999,932942782.5028536
97.46999999999998,923881675.0134668
97.49,946614385.961072
97.50999999999999,951347731.2234609
97.52999999999999,894401292.3162769
97.55,932668312.8462224
97.56999999999998,930625862.8680813
97.58999999999999,896657732.8741794
97.61,871906856.5764111
97.62999999999998,906037649.677842
97.64999999999999,889559128.5373001
97.66999999999999,904154898.4190799
97.68999999999998,893226238.2303449
97.71,919837078.9636314
97.72999999999999,932293929.3968408
97.74999999999999,939780033.1309543
97.77,923072555.1444215
97.78999999999999,918890866.378849
97.80999999999999,898517247.7763579
97.83,905764654.124113
97.84999999999998,953580091.6448693
97.86999999999999,982700666.08317
97.88999999999999,948442520.7796185
97.90999999999998,900115415.4275409
97.92999999999999,936069910.6634333
97.94999999999999,941721194.963465
97.96999999999998,933252301.4024637
97.99,932445981.2755724
98.00999999999999,984251011.440206
98.02999999999999,986288454.948197
98.05,898480104.2261826
98.06999999999998,945513952.5367864
98.08999999999999,1003319316.7470433
98.11,936735827.7759502
98.12999999999998,993129675.4938734
98.14999999999999,954415890.8475014
98.16999999999999,972090956.4719781
98.18999999999998,1035393057.2675419
98.21,1005833073.045717
98.22999999999999,1035118899.3573035
98.24999999999999,1035402368.5330673
98.27,1021403210.5605822
98.28999999999999,1038117302.1347502
98.30999999999999,1095543367.0747178
98.33,1123385007.158812
98.34999999999998,1118829120.4575117
98.36999999999999,1062218559.9258411
98.38999999999999,1142380320.2060428
98.40999999999998,1177622010.9942207
98.42999999999999,1153671911.0409937
98.44999999999999,1196180655.6224892
98.46999999999998,1305503390.242503
98.49,1294235633.0184798
98.50999999999999,1313910342.6837153
98.52999999999999,1379953742.7265887
98.55,1406387290.8570983
98.56999999999998,1453759061.8940516
98.58999999999999,1534291791.220179
98.61,1593366240.8467283
98.62999999999998,1646547664.1214178
98.64999999999999,1748697259.0919042
98.66999999999999,1766044877.5557806
98.68999999999998,1880512495.0560927
98.71,1944039156.6391807
98.72999999999999,2092659281.4581666
98.74999999999999,2166950691.26521
98.77,2217031748.4357867
98.78999999999999,2384475368.3139634
98.80999999999999,2377818156.8947606
98.83,2398284374.472449
98.84999999999998,2466439384.2258167
98.86999999999999,2502277263.1485066
98.88999999999999,2509353448.8056965
98.90999999999998,2604660937.9864016
98.92999999999999,2580486649.2564516
98.94999999999999,2570546646.3178153
98.96999999999998,2453394029.53445
98.99,2577346307.9977717
99.00999999999999,2508282354.5564713
99.02999999999999,2419986296.4768386
99.05,2394953756.7310653
99.06999999999998,2385933659.5998573
99.08999999999999,2353063733.3276896
99.11,2338674346.810857
99.12999999999998,2264866296.797412
99.14999999999999,2299007781.533266
99.16999999999999,2212994742.159643
99.18999999999998,2204854049.911835
99.21,2112376086.182936
99.22999999999999,2097875886.720997
99.24999999999999,2101654203.6214802
99.27,1965285776.9763496
99.28999999999999,1896253228.2916737
99.30999999999999,1773957204.0016916
99.33,1776653952.0056436
99.34999999999998,1747552595.9809003
99.36999999999999,1642189241.0277398
99.38999999999999,1619344909.9857168
99.40999999999998,1582770571.1479144
99.42999999999999,1542194658.4525962
99.44999999999999,1473581302.4307077
99.46999999999998,1413992225.275269
99.49,1344650372.5593264
99.50999999999999,1268798777.1072526
99.52999999999999,1247879181.586328
99.55,1192401430.1033854
99.56999999999998,1170570961.804194
99.58999999999999,1165027299.142788
99.61,1152733375.473731
99.62999999999998,1138109574.2085676
99.64999999999999,1122606034.5405083
99.66999999999999,1091267191.7305655
99.68999999999998,1067899775.7930781
99.71,1038025009.4631195
99.72999999999999,1017778483.3126267
99.74999999999999,1049139030.4123847
99.77,994926584.178158
99.78999999999999,981374064.3109342
99.80999999999999,1002992571.138324
99.83,968648053.9113699
99.84999999999998,875457093.4664185
99.86999999999999,924515117.826675
99.88999999999999,952268879.4188033
99.90999999999998,909993355.5231886
99.92999999999999,928780077.7858863
99.94999999999999,953571965.815988
99.96999999999998,910180295.2043877
99.99,946134112.7886695
100.00999999999999,978032798.82775
100.02999999999999,940106765.9258976
100.05,919893808.2444882
100.06999999999998,924275986.6171432
100.08999999999999,925700848.9596018
100.11,923868455.9088138
100.12999999999998,934811102.9144858
100.14999999999999,930724082.1908984
100.16999999999999,900211296.7587488
100.18999999999998,858263915.6952262
100.21,900761417.0247946
100.22999999999999,909935618.9132992
100.24999999999999,915976745.8391662
100.27,904498181.246571
100.28999999999999,916165157.1201767
100.30999999999999,848221934.7129787
100.33,886910647.6920015
100.34999999999998,895447403.8746505
100.36999999999999,901873072.2467083
100.38999999999999,859606845.7517291
100.40999999999998,900675919.1269293
100.42999999999999,883147341.5531505
100.44999999999999,851800132.1914248
100.46999999999998,897815038.9373056
100.49,846103351.6010656
100.50999999999999,897194372.5401827
100.52999999999999,877781971.4256009
100.55,824047662.6908741
100.56999999999998,854378782.2391272
100.58999999999999,905350905.8690888
100.60999999999999,858698933.9859629
100.62999999999998,861318430.7727551
100.64999999999999,854118825.8695747
100.66999999999999,851667303.9848683
100.68999999999998,871711329.9642785
100.71,920880976.1958443
100.72999999999999,925239416.964923
100.74999999999999,928202468.2880633
100.77,902163123.3742851
100.78999999999999,840901257.3537841
100.80999999999999,879968446.5622436
100.83,896758959.9202867
100.84999999999998,885624883.1658806
100.86999999999999,869552301.0880293
100.88999999999999,905620552.3352375
100.90999999999998,874720233.1421257
100.92999999999999,891443668.0426397
100.94999999999999,861939591.1937397
100.96999999999998,810881453.4206821
100.99,822240251.9314108
101.00999999999999,852332226.1239014
101.02999999999999,868088703.2350707
101.05,826847626.4547011
101.06999999999998,831696642.1698259
101.08999999999999,853499101.022851
101.10999999999999,875131628.6279961
101.12999999999998,856571608.8314432
101.14999999999999,835654480.2404666
101.16999999999999,875267850.2630593
101.18999999999998,814306123.7737465
101.21,839818344.2471915
101.22999999999999,840555842.525085
101.24999999999999,885012805.0075871
101.27,881565286.2578679
101.28999999999999,864234976.0813512
101.30999999999999,873282828.0696784
101.33,850783454.3834871
101.34999999999998,799370317.1478195
101.36999999999999,854175193.6263864
101.38999999999999,890991945.8337617
101.40999999999998,839864049.8630304
101.42999999999999,845755567.2376671
101.44999999999999,870478511.2080475
101.46999999999998,884812270.2171721
101.49,816081512.5886731
101.50999999999999,890367190.7603749
101.52999999999999,811168186.7676343
101.55,855269677.849533
101.56999999999998,879337096.1692297
101.58999999999999,863464656.697228
101.60999999999999,819613765.6277593
101.62999999999998,834291204.6288598
101.64999999999999,907001906.7577791
101.66999999999999,877983728.6597092
101.68999999999998,842777698.9442922
101.71,843262820.2251213
101.72999999999999,853843986.107635
101.74999999999999,856819024.2210087
101.77,864632938.2837063
101.78999999999999,856550646.114166
101.80999999999999,820267741.6238426
101.83,847654492.2114017
101.84999999999998,840252328.7873971
101.86999999999999,816720354.1682466
101.88999999999999,817187617.1650245
101.90999999999998,826319264.163219
101.92999999999999,862119532.6489944
101.94999999999999,851489477.4144746
101.96999999999998,821154695.4154857
101.99,830798271.52775
102.00999999999999,855164957.3069857
102.02999999999999,829230500.2062775
102.05,850542848.6268108
102.06999999999998,863131219.3647189
102.08999999999999,848628055.5145133
102.10999999999999,806241964.5937175
102.12999999999998,831067566.5542051
102.14999999999999,884825736.0099959
102.16999999999999,853065345.2907825
102.18999999999998,804055701.8964398
102.21,859271026.7878903
102.22999999999999,883985327.8654654
102.24999999999999,842161828.8597345
102.27,866997068.7531143
102.28999999999999,861335476.141601
102.30999999999999,842101735.4764525
102.33,863585741.3503007
102.34999999999998,889215209.3779664
102.36999999999999,824134922.1032186
102.38999999999999,792868833.051922
102.40999999999998,841174353.8726946
102.42999999999999,859593207.9877858
102.44999999999999,858419090.8988999
102.46999999999998,847851367.7528263
102.49,835159243.3357956
102.50999999999999,850793528.611508
102.52999999999999,862746996.4399427
102.55,840370598.28684
102.56999999999998,801767063.4636858
102.58999999999999,836141004.6574715
102.60999999999999,847439453.6132733
102.62999999999998,845394694.7019169
102.64999999999999,845574566.2555745
102.66999999999999,891736650.8843354
102.68999999999998,870714966.0908478
102.71,866113784.3960402
102.72999999999999,864352989.3785282
102.74999999999999,817280989.3766296
102.77,818366998.7111045
102.78999999999998,835919670.753185
102.80999999999999,805104689.8668467
102.83,820392099.9684578
102.84999999999998,867758463.5819958
102.86999999999999,885309014.7920469
102.88999999999999,852408331.0636686
102.90999999999998,844051067.7653189
102.92999999999999,835896224.5424745
102.94999999999999,828061064.2339008
102.96999999999998,865064143.3578745
102.99,824776582.9035907
103.00999999999999,830748561.5609202
103.02999999999999,846954306.149438
103.05,883712931.256138
103.06999999999998,821861877.7959764
103.08999999999999,837776917.7440405
103.10999999999999,848480028.001897
103.12999999999998,819781727.0112007
103.14999999999999,879314469.9520636
103.16999999999999,889318702.5263369
103.18999999999998,880060989.6886938
103.21,796239011.602368
103.22999999999999,828046110.4926288
103.24999999999999,848369215.9093579
103.27,812466966.059399
103.28999999999998,812264341.4702389
103.30999999999999,811192577.3635824
103.33,834516056.5025628
103.34999999999998,834787747.7154372
103.36999999999999,871838171.110994
103.38999999999999,818558876.2123392
103.40999999999998,823104441.792744
103.42999999999999,835149526.6521213
103.44999999999999,790509777.0492681
103.46999999999998,803509539.6780058
103.49,859989836.1060808
103.50999999999999,841736010.3099034
103.52999999999999,860895357.7848328
103.55,829420717.2832259
103.56999999999998,861254423.5209641
103.58999999999999,894752926.9610503
103.60999999999999,879895163.7159206
103.62999999999998,860456890.5944693
103.64999999999999,799842011.6134753
103.66999999999999,850775566.7417597
103.68999999999998,767475349.2100995
103.71,809877635.0887036
103.72999999999999,840223685.2614427
103.74999999999999,845622222.8975394
103.77,816966932.7060301
103.78999999999998,887203063.7442535
103.80999999999999,864087437.5172194
103.83,840645232.7306976
103.84999999999998,858026526.8822308
103.86999999999999,833320318.9003174
103.88999999999999,831418581.9053934
103.90999999999998,871162564.545638
103.92999999999999,845233854.3339876
103.94999999999999,852048477.370022
103.96999999999998,859825450.7171543
103.99,780040540.7138578
104.00999999999999,819255917.7886376
104.02999999999999,814831467.5452423
104.05,804212337.2255594
104.06999999999998,825680144.9334586
104.08999999999999,818587068.6152501
104.11,823186111.0599941
104.12999999999998,848079890.6944098
104.14999999999999,818094956.5595295
104.17,810450058.8853496
104.18999999999998,843291543.2606302
104.21,896731446.3372816
104.22999999999998,868659574.0934836
104.24999999999999,863963197.3015462
104.27,816914958.3503284
104.28999999999998,844227015.1303481
104.30999999999999,873685068.1837013
104.33,869326640.4029222
104.34999999999998,851132960.1299227
104.36999999999999,879414687.400893
104.39,834070686.5766594
104.40999999999998,829343307.6459044
104.42999999999999,820772201.563439
104.44999999999997,834194110.5864824
104.46999999999998,826326044.7055494
104.49,853224983.4738078
104.50999999999998,819893582.3524126
104.52999999999999,796501054.0807524
104.55,852507644.4295018
104.56999999999998,807180645.4836847
104.58999999999999,863255585.67285
104.61,847044664.8412541
104.62999999999998,811146325.6711324
104.64999999999999,771006027.462235
104.67,810577388.9579728
104.68999999999998,816874692.1961747
104.71,817738689.3597803
104.72999999999998,830957316.5644815
104.74999999999999,842677541.9588054
104.77,831492731.3602698
104.78999999999998,775052443.1683795
104.80999999999999,823237646.1188248
104.83,844089788.1878757
104.84999999999998,851679967.818731
104.86999999999999,829389353.0657228
104.89,832307816.0632552
104.90999999999998,850085270.0738739
104.92999999999999,875089508.8933568
104.94999999999997,834211545.5616626
104.96999999999998,876415765.2187918
104.99,880567513.1436931
105.00999999999998,872211851.5424817
105.02999999999999,874341006.8583819
105.05,831184279.9328752
105.06999999999998,822831972.3292361
105.08999999999999,832292174.6908735
105.11,857738163.7417392
105.12999999999998,818426436.5509595
105.14999999999999,862388768.2226803
105.17,840255625.2854445
105.18999999999998,843137791.684549
105.21,830281640.4027344
105.22999999999998,878594401.8880233
105.24999999999999,841401338.7498493
105.27,794769424.0536599
105.28999999999998,873414714.2612755
105.30999999999999,861302300.3754754
105.33,848517818.5644076
105.34999999999998,819927169.0039195
105.36999999999999,818983828.6952627
105.39,832046754.2877462
105.40999999999998,810826974.7252749
105.42999999999999,838084357.095932
105.44999999999997,848163156.5496697
105.46999999999998,852185297.8183249
105.49,844417866.7212255
105.50999999999998,823490910.7976754
105.52999999999999,813006012.3643122
105.55,809034551.4240649
105.56999999999998,794263157.4405942
105.58999999999999,842562902.3452728
105.61,821960240.708868
105.62999999999998,808366382.6960964
105.64999999999999,820638431.0414383
105.67,846195213.9595515
105.68999999999998,816317519.2676159
105.71,832806677.3185203
105.72999999999998,767108934.4615654
105.74999999999999,802400228.447521
105.77,796136291.1330382
105.78999999999998,827326171.6370513
105.80999999999999,806106803.6361645
105.83,786957685.9662731
105.84999999999998,804569590.3174345
105.86999999999999,850646482.0181617
105.89,805261498.3782358
105.90999999999998,827034818.6795111
105.92999999999999,794455351.2794571
105.94999999999997,828092189.2550776
105.96999999999998,834152880.5992969
105.99,783242696.6274347
106.00999999999998,803290690.7857714
106.02999999999999,795978230.5219814
106.05,811035661.5970267
106.06999999999998,793102139.5537723
106.08999999999999,793185165.1084526
106.11,794484316.1804432
106.12999999999998,862044347.7392373
106.14999999999999,785159630.0450954
106.17,823538296.8439106
106.18999999999998,751696434.6301873
106.21,821066837.8749764
106.22999999999998,818913786.501316
106.24999999999999,845979971.3559805
106.27,829009362.1707404
106.28999999999998,837791156.7678449
106.30999999999999,833794530.327395
106.33,789527201.7061137
106.34999999999998,844771174.3187848
106.36999999999999,781435203.1526276
106.39,830462027.0267273
106.40999999999998,847039513.1116483
106.42999999999999,799066980.1655364
106.44999999999997,809322330.2449175
106.46999999999998,814651763.7229081
106.49,814935623.8143488
106.50999999999998,838655233.8890625
106.52999999999999,828066100.7785344
106.55,813510726.1212685
106.56999999999998,795863830.9412332
106.58999999999999,838065692.2058275
106.61,830007961.2091284
106.62999999999998,801467111.3592129
106.64999999999999,794590162.7222315
106.67,769216919.384778
106.68999999999998,785877160.7181696
106.71,842057145.7102606
106.72999999999998,844018208.7227018
106.74999999999999,824888951.8398988
106.77,859132227.8372171
106.78999999999998,833099729.8596362
106.80999999999999,788963348.7850528
106.83,823024483.655679
106.84999999999998,819399316.2150422
106.86999999999999,824496117.0249544
106.89,794626707.7782426
106.90999999999998,793780047.7039202
106.92999999999999,762159863.3101022
106.94999999999997,796060274.9250717
106.96999999999998,862167521.5278924
106.99,840176493.4400612
107.00999999999998,818753432.7009342
107.02999999999999,813832670.3538758
107.05,769427578.9659863
107.06999999999998,807066999.388443
107.08999999999999,778862670.761874
107.11,797162718.5776904
107.12999999999998,782203237.6166462
107.14999999999999,792935958.0480574
107.17,768484562.5010461
107.18999999999998,772899280.589197
107.21,793009337.1525348
107.22999999999998,766744875.8877724
107.24999999999999,799299727.7321736
107.27,820727317.7697109
107.28999999999998,812785166.5444682
107.30999999999999,783211215.7250212
107.33,796481318.092819
107.34999999999998,805690044.8902476
107.36999999999999,807270126.1720443
107.39,796009210.6238538
107.40999999999998,773583986.3536766
107.42999999999999,798160566.3612279
107.44999999999997,778903104.7178595
107.46999999999998,807139715.2309703
107.49,803905468.4882705
107.50999999999998,789192488.5560613
107.52999999999999,796456072.006747
107.55,794134214.84351
107.56999999999998,806332747.8324482
107.58999999999999,831231784.2824733
107.61,804842725.942776
107.62999999999998,807058086.8249478
107.64999999999999,826236564.261908
107.67,836515837.2804073
107.68999999999998,812988279.1296202
107.71,803840939.1239922
107.72999999999998,806743338.2022449
107.74999999999999,829583683.2498429
107.77,822143366.8442858
107.78999999999998,796892142.4400067
107.80999999999999,828527976.1514686
107.83,839094911.6859274
107.84999999999998,818627694.1523122
107.86999999999999,811052199.9342707
107.89,800515353.9355116
107.90999999999998,804833704.4734039
107.92999999999999,811476117.641198
107.94999999999997,821524346.3259012
107.96999999999998,799733362.0172523
107.99,787797011.3032473
108.00999999999998,787005121.1928877
108.02999999999999,789779933.4545826
108.05,791520031.5136456
108.06999999999998,830858830.0666355
108.08999999999999,769022080.952542
108.11,752023798.24833
108.12999999999998,834596159.7647992
108.14999999999999,796602817.129335
108.17,791595150.1884458
108.18999999999998,768801834.6729894
108.21,786689137.4499854
108.22999999999998,800385393.8581138
108.24999999999999,825758455.122582
108.27,770583717.3114623
108.28999999999998,817315988.8666304
108.30999999999999,793225675.4319931
108.33,735867555.5221728
108.34999999999998,783621961.9776423
108.36999999999999,830184548.468584
108.39,844243971.737204
108.40999999999998,825089948.7487913
108.42999999999999,815680592.8398755
108.44999999999997,833329841.3597826
108.46999999999998,817543300.4212669
108.49,744173908.0284641
108.50999999999998,800106064.0663804
108.52999999999999,835783297.8808957
108.55,823096262.8706598
108.56999999999998,817126926.2896527
108.58999999999999,774176893.0660251
108.61,854950837.2309643
108.62999999999998,781511783.4822276
108.64999999999999,803204557.0627472
108.67,784043312.616648
108.68999999999998,764055757.5643153
108.71,793822177.929546
108.72999999999998,769070012.5823641
108.74999999999999,803977685.3016367
108.77,811549843.347318
108.78999999999998,808404416.0431886
108.80999999999999,792833904.640687
108.83,835459897.1150548
108.84999999999998,810172191.3589803
108.86999999999999,772224818.7685218
108.89,724977998.6707107
108.90999999999998,812162260.8756037
108.92999999999999,794581239.3223324
108.94999999999997,780811963.8418567
108.96999999999998,784046030.9937778
108.99,793541324.1134166
109.00999999999998,789762336.4003801
109.02999999999999,808392710.4630904
109.05,806770606.9368212
109.06999999999998,789628621.2259197
109.08999999999999,768849164.9158411
109.11,786754491.6242005
109.12999999999998,858219751.7775327
109.14999999999999,828307234.22406
109.16999999999997,792519752.7115276
109.18999999999998,779096568.1537337
109.21,799282427.269171
109.22999999999998,776489787.1001934
109.24999999999999,778479894.8713427
109.27,796689786.1124381
109.28999999999998,805780811.7849513
109.30999999999999,809640925.5194559
109.33,778985461.3459166
109.34999999999998,802950144.2896737
109.36999999999999,751672768.7316108
109.39,786940487.6432312
109.40999999999998,789549683.4398539
109.42999999999999,782671425.6207442
109.44999999999997,809704028.861931
109.46999999999998,789140670.2253346
109.49,842377853.7648089
109.50999999999998,819747537.7392873
109.52999999999999,792663843.9654144
109.55,778917048.893213
109.56999999999998,796168592.0398502
109.58999999999999,792685691.0633757
109.61,772590465.3831782
109.62999999999998,800789957.649889
109.64999999999999,778954402.5724423
109.66999999999997,732579841.0262189
109.68999999999998,784520528.927312
109.71,806325638.7922907
109.72999999999998,786235469.7828614
109.74999999999999,806802795.3682473
109.77,805355797.5279989
109.78999999999998,802839003.8891466
109.80999999999999,791522849.3246039
109.83,790105806.8368665
109.84999999999998,755111345.6153381
109.86999999999999,786738819.5937126
109.89,841850881.4751667
109.90999999999998,793502110.6731668
109.92999999999999,793692828.2229296
109.94999999999997,785048376.0057933
109.96999999999998,761861061.0937083
109.99,795576709.104687
110.00999999999998,813627950.2695553
110.02999999999999,771429402.365946
110.05,754455091.5285522
110.06999999999998,751380275.4210463
110.08999999999999,748436456.9705205
110.11,760592240.7218196
110.12999999999998,766018935.3429818
110.14999999999999,825708498.8145177
110.16999999999997,802629622.8360022
110.18999999999998,770983239.2565122
110.21,753128300.7741115
110.22999999999998,796303269.4712158
110.24999999999999,819383143.236058
110.27,788390028.2626176
110.28999999999998,816344770.5955775
110.30999999999999,753813385.5414648
110.33,843272675.4411244
110.34999999999998,795212975.9472864
110.36999999999999,821831589.8061609
110.39,801866104.8284901
110.40999999999998,826631983.444663
110.42999999999999,809640338.3537226
110.44999999999997,829062468.7563772
110.46999999999998,792210042.001561
110.49,817175887.0298942
110.50999999999998,759254952.3501959
110.52999999999999,774377202.1368518
110.55,766836573.2357113
110.56999999999998,775034946.3827776
110.58999999999999,819689426.9802377
110.61,766665555.9451616
110.62999999999998,730025744.942661
110.64999999999999,782357785.049836
110.66999999999997,798169233.5948336
110.68999999999998,782091296.6503285
110.71,764856737.6463207
110.72999999999998,763267593.308071
110.74999999999999,738352861.5638446
110.77,724569670.77933
110.78999999999998,716595125.5921645
110.80999999999999,797766580.1754708
110.83,795301098.4616407
110.84999999999998,807627414.2458547
110.86999999999999,770335091.9897466
110.89,796472535.0744066
110.90999999999998,786854880.2755307
110.92999999999999,796515658.1533026
110.94999999999997,749412543.5461208
110.96999999999998,778840717.1934987
110.99,784799639.1703476
111.00999999999998,794883731.7345121
111.02999999999999,753449236.6543202
111.05,765818074.901294
111.06999999999998,792316514.6092902
111.08999999999999,773422342.4355537
111.11,736025840.177917
111.12999999999998,741693850.0786455
111.14999999999999,798668788.6461965
111.16999999999997,759784832.5067605
111.18999999999998,787160013.2998443
111.21,733038787.4445872
111.22999999999998,768114530.7123975
111.24999999999999,760845347.847728
111.27,753790617.2367305
111.28999999999998,804515924.1677717
111.30999999999999,797830042.9487619
111.33,793485377.7240101
111.34999999999998,805891925.7855877
111.36999999999999,812997334.8826696
111.39,790801712.0855162
111.40999999999998,779835479.1544275
111.42999999999999,772004698.8288553
111.44999999999997,799016715.9863311
111.46999999999998,805641922.256026
111.49,803354281.2934873
111.50999999999998,791991846.448039
111.52999999999999,814782778.885635
111.55,780843547.4778157
111.56999999999998,796357755.3619518
111.58999999999999,765127060.3707798
111.61,812522109.0753216
111.62999999999998,809433664.2437699
111.64999999999999,764747130.7455688
111.66999999999997,792658230.1716207
111.68999999999998,787623560.13249
111.71,811211827.0657717
111.72999999999998,807381224.9226502
111.74999999999999,761042460.1482757
111.77,758848681.2868081
111.78999999999998,760963322.2288904
111.80999999999999,817947321.759558
111.83,788050184.4582921
111.84999999999998,804323220.7686166
111.86999999999999,775393499.1135119
111.89,741158651.9931571
111.90999999999998,811464390.3335183
111.92999999999999,747343015.297293
111.94999999999997,787109869.596403
111.96999999999998,786928152.3398179
111.99,751019002.8891042
112.00999999999998,729530031.0890754
112.02999999999999,756620673.8871655
112.05,769694275.4125261
112.06999999999998,798442722.9797324
112.08999999999999,764295208.5639765
112.11,757261665.2402347
112.12999999999998,790712026.325526
112.14999999999999,781205675.108572
112.16999999999997,805323560.8079165
112.18999999999998,751163997.6457528
112.21,774123702.3147044
112.22999999999998,771527750.1841432
112.24999999999999,754703689.0299098
112.27,794674934.3601503
112.28999999999998,773582604.4112597
112.30999999999999,795762575.550422
112.33,792122334.1024648
112.34999999999998,811678042.8898568
112.36999999999999,795284715.0581677
112.39,780186168.0676905
112.40999999999998,759643121.6939868
112.42999999999999,783359380.1426787
112.44999999999997,760818022.9706082
112.46999999999998,780334605.0926492
112.49,742379777.297632
112.50999999999998,782385760.9216852
112.52999999999999,749464163.120291
112.55,755124701.2038467
112.56999999999998,755326737.1365657
112.58999999999999,769750987.4053034
112.61,759721742.4115851
112.62999999999998,790190596.3624108
112.64999999999999,759063396.506849
112.66999999999997,794878726.2646521
112.68999999999998,757771203.0780615
112.71,777391939.2488233
112.72999999999998,786925489.7787406
112.74999999999999,839472258.2511566
112.77,792103019.4384328
112.78999999999998,761827134.7548617
112.80999999999999,756437425.2862455
112.83,766027653.7090753
112.84999999999998,776972812.0415261
112.86999999999999,775566240.989669
112.89,781873756.3964226
112.90999999999998,757519480.2833685
112.92999999999999,762977018.7186149
112.94999999999997,770869432.2039559
112.96999999999998,779674289.5105885
112.99,804499886.5407947
113.00999999999998,791026446.1715056
113.02999999999999,749837801.9467431
113.05,825138022.0740016
113.06999999999998,814852861.7415633
113.08999999999999,740377562.5867938
113.11,771034544.0176313
113.12999999999998,778330224.5701562
113.14999999999999,792383888.946797
113.16999999999997,811812410.1355397
113.18999999999998,801204241.209986
113.21,768090943.8338951
113.22999999999998,827356055.2765219
113.24999999999999,807066499.8126514
113.27,812011933.8035067
113.28999999999998,801461193.5731931
113.30999999999999,795205157.4675086
113.33,776574835.0453022
113.34999999999998,779371560.3991842
113.36999999999999,779756511.4045403
113.39,799050122.749578
113.40999999999998,821199861.3188063
113.42999999999999,825831417.682875
113.44999999999997,814184164.3294345
113.46999999999998,751475129.6800661
113.49,786057237.0994467
113.50999999999998,795142163.5246108
113.52999999999999,774226093.7464696
113.55,766763782.1267105
113.56999999999998,826917852.5371113
113.58999999999999,820838576.0927997
113.61,788149340.7476567
113.62999999999998,760207074.4295952
113.64999999999999,808160754.8985137
113.66999999999997,802180458.9582772
113.68999999999998,814670584.2663057
113.71,801626379.8380132
113.72999999999998,791446172.5297356
113.74999999999999,770612604.6557137
113.77,819602776.812131
113.78999999999998,806973546.4376262
113.80999999999999,780448413.6099176
113.83,798553263.6203382
113.84999999999998,765519989.4040325
113.86999999999999,770178840.6064302
113.89,764239718.7786437
113.90999999999998,780259340.8845488
113.92999999999999,723274075.8856692
113.94999999999997,765363992.2743815
113.96999999999998,823865190.9560349
113.99,794457347.6016544
114.00999999999998,775431086.6352478
114.02999999999999,789037604.9834957
114.05,771256766.1192789
114.06999999999998,787027988.5354277
114.08999999999999,820399979.303255
114.11,775955069.0070859
114.12999999999998,753696489.1180812
114.14999999999999,777689875.9813406
114.16999999999997,790056463.4735917
114.18999999999998,804890043.7741811
114.21,810860813.7811157
114.22999999999998,803436445.7583721
114.24999999999999,817318019.4441793
114.27,817181612.6317714
114.28999999999998,785574922.2897894
114.30999999999999,799926999.9571313
114.33,838456985.324663
114.34999999999998,808997917.695472
114.36999999999999,780254769.849158
114.39,813428681.1719419
114.40999999999998,807271520.1143183
114.42999999999999,783894561.0057477
114.44999999999997,797099593.3477535
114.46999999999998,836803260.0241944
114.49,812445717.0617822
114.50999999999998,818274041.7466084
114.52999999999999,804882011.5257655
114.55,810914359.8910512
114.56999999999998,813996950.8104389
114.58999999999999,761075864.9208541
114.61,763452988.2500234
114.62999999999998,821089312.033736
114.64999999999999,831174876.115742
114.66999999999997,891468982.9669348
114.68999999999998,899424893.591378
114.71,847445683.495031
114.72999999999998,845900133.0531756
114.74999999999999,851788937.5194185
114.77,820331171.2782592
114.78999999999998,822694602.643454
114.80999999999999,890223679.4920288
114.83,829307530.1256897
114.84999999999998,833344137.7747732
114.86999999999999,819684467.4522154
114.89,838478542.2972136
114.90999999999998,878116929.7469039
114.92999999999999,851179411.4552575
114.94999999999997,807210442.5860022
114.96999999999998,841879902.2577134
114.99,842385312.9848188
115.00999999999998,862871854.4453464
115.02999999999999,825033981.1113832
115.05,906238505.1277544
115.06999999999998,893206098.8743091
115.08999999999999,911235269.0884905
115.11,896096464.2645587
115.12999999999998,905907782.5474572
115.14999999999999,896833750.5205694
115.16999999999997,888167459.5051215
115.18999999999998,889862203.4848602
115.21,945112663.1973083
115.22999999999998,931760388.26381
115.24999999999999,930562634.6692405
115.27,968107997.4793384
115.28999999999998,982506980.733809
115.30999999999999,990676124.3977015
115.33,972066959.5156173
115.34999999999998,1019184937.3624393
115.36999999999999,1021809912.2738724
115.39,1052851479.6289854
115.40999999999998,1054439254.4947975
115.42999999999999,1014525889.1031399
115.44999999999997,1039575356.5323795
115.46999999999998,1079427565.3054202
115.49,1079576195.2580585
115.50999999999998,1110972729.4061227
115.52999999999999,1100920170.1604753
115.55,1162883760.9598775
115.56999999999998,1175321098.2469132
115.58999999999999,1215450100.7896771
115.61,1227885384.8387043
115.62999999999998,1245110916.285716
115.64999999999999,1281986128.3041172
115.66999999999997,1270964829.4996288
115.68999999999998,1312718642.4642205
115.71,1388497079.6090655
115.72999999999998,1435207802.020504
115.74999999999999,1371989192.3769968
115.77,1425886234.3505683
115.78999999999998,1459354978.223268
115.80999999999999,1544174345.3189032
115.83,1640473275.2071729
115.84999999999998,1645177076.1582468
115.86999999999999,1681082762.735483
115.89,1731157560.9876971
115.90999999999998,1679623819.1087337
115.92999999999999,1787643834.2034245
115.94999999999997,1898981122.0656977
115.96999999999998,1902734519.953571
115.99,1949064155.142163
116.00999999999998,2007280773.588783
116.02999999999999,2111045646.840025
116.05,2132082244.907893
116.06999999999998,2145338865.0071669
116.08999999999999,2211247353.045657
116.11,2240275888.1821666
116.12999999999998,2263038237.272772
116.14999999999999,2374681313.1080966
116.16999999999997,2465817187.7160034
116.18999999999998,2462045380.116169
116.21,2507155273.8510065
116.22999999999998,2506399988.313737
116.24999999999999,2564419828.066146
116.27,2476455372.7464867
116.28999999999998,2527108069.1695724
116.30999999999999,2603907569.16551
116.33,2610639200.7178335
116.34999999999998,2552764301.433223
116.36999999999999,2543876046.653276
116.38999999999997,2635104645.3424163
116.40999999999998,2620873028.0533957
116.42999999999999,2644427501.3756676
116.44999999999997,2605632039.58381
116.46999999999998,2439606013.4701257
116.49,2512619222.683191
116.50999999999998,2554390291.8800254
116.52999999999999,2469011123.5148153
116.55,2438714782.714478
116.56999999999998,2467237341.8586197
116.58999999999999,2424873290.111904
116.61,2343367560.9189143
116.62999999999998,2313656968.8903003
116.64999999999999,2402155033.9819584
116.66999999999997,2284887604.307218
116.68999999999998,2223732019.6159225
116.71,2224615024.6238413
116.72999999999998,2264045894.303794
116.74999999999999,2180520152.4495435
116.77,2169000053.6318507
116.78999999999998,2160362306.5022516
116.80999999999999,2078340444.0705245
116.83,1996316147.8866675
116.84999999999998,1950308940.754909
116.86999999999999,1969366224.4875057
116.88999999999997,1958563316.236881
116.90999999999998,1869782406.5026495
116.92999999999999,1820163812.7886183
116.94999999999997,1752167941.5485463
116.96999999999998,1711744542.6351066
116.99,1707121934.734031
117.00999999999998,1683676204.9536507
117.02999999999999,1654339380.0332448
117.05,1599595257.5692441
117.06999999999998,1542718813.8525455
117.08999999999999,1502162228.4377434
117.11,1496221357.3465052
117.12999999999998,1448047633.0533044
117.14999999999999,1421037141.6065495
117.16999999999997,1403150189.6467273
117.18999999999998,1349511923.5253382
117.21,1351032646.8817725
117.22999999999998,1325727446.1064909
117.24999999999999,1267931329.2468498
117.27,1201504030.5739121
117.28999999999998,1180181535.175443
117.30999999999999,1187348083.8753338
117.33,1144245143.6930263
117.34999999999998,1119485984.7235487
117.36999999999999,1162330445.6091778
117.38999999999997,1176191812.8042865
117.40999999999998,1094635960.4100878
117.42999999999999,1046035249.352616
117.44999999999997,1072491411.9021535
117.46999999999998,1033160250.4891618
117.49,1064561138.185306
117.50999999999998,1018312093.2698784
117.52999999999999,985832183.9718843
117.55,1019251739.1538255
117.56999999999998,1040846707.1534345
117.58999999999999,990331928.5465016
117.61,983129095.0874786
117.62999999999998,925976472.3779942
117.64999999999999,965462887.0661215
117.66999999999997,975015440.1230285
117.68999999999998,935736354.2773688
117.71,887529651.2809771
117.72999999999998,885912923.5369103
117.74999999999999,889915439.8458319
117.77,904285235.9552915
117.78999999999998,947891116.3099451
117.80999999999999,923030901.427415
117.83,854973304.658526
117.84999999999998,885102105.1780941
117.86999999999999,868850504.1039104
117.88999999999997,857323883.1751008
117.90999999999998,835201577.8876247
117.92999999999999,882283210.4131963
117.94999999999997,874238564.0963949
117.96999999999998,828816314.115257
117.99,811505290.687147
118.00999999999998,820477483.2847673
118.02999999999999,866625791.2790859
118.05,869711676.5166656
118.06999999999998,842255268.3881953
118.08999999999999,824402267.0131917
118.11,810716643.285849
118.12999999999998,817604259.6038733
118.14999999999999,787521991.2231921
118.16999999999997,797811490.9042729
118.18999999999998,820500402.6690545
118.21,799930469.4004264
118.22999999999998,792887821.2832197
118.24999999999999,782286031.1280799
118.27,778486378.3696282
118.28999999999998,806041840.6994141
118.30999999999999,789931632.0986089
118.33,792650277.0934806
118.34999999999998,746444894.6339601
118.36999999999999,723525350.5234991
118.38999999999997,813681911.4081286
118.40999999999998,757724134.2213733
118.42999999999999,757974640.6603179
118.44999999999997,787851534.4948782
118.46999999999998,758417687.5314512
118.49,696870532.0277812
118.50999999999998,764157318.2132146
118.52999999999999,744672543.166854
118.55,762711046.8493338
118.56999999999998,810795550.4794267
118.58999999999999,766822451.2941122
118.61,758977462.7827213
118.62999999999998,729766116.7442214
118.64999999999999,750843252.8079636
118.66999999999997,780963532.692736
118.68999999999998,780988037.6998802
118.71,775105740.0281563
118.72999999999998,757868408.4433978
118.74999999999999,763216513.1736594
118.77,767432199.6899627
118.78999999999998,726989802.6882745
118.80999999999999,794821761.8956684
118.83,745051302.7647442
118.84999999999998,751571012.4810315
118.86999999999999,762527954.353844
118.88999999999997,727586354.4759411
118.90999999999998,751775690.846883
118.92999999999999,727956218.5114719
118.94999999999997,760718317.5712548
