Two Theta,Summed Intensity
40.53000000000001,1630133131.0450947
40.550000000000004,1635245980.7431617
40.57000000000001,1655948139.9732049
40.59,1626553071.082052
40.61000000000001,1650062886.699995
40.63,1566106593.583268
40.650000000000006,1597625804.5605702
40.67,1596007873.7483563
40.690000000000005,1585924664.923211
40.71000000000001,1610672741.1915557
40.730000000000004,1640063691.1649272
40.75000000000001,1603227328.7084794
40.77,1579498346.0575976
40.790000000000006,1598303089.3031256
40.81,1616578076.1171398
40.830000000000005,1618625865.7155252
40.85,1618412214.6556475
40.870000000000005,1655597140.9472752
40.89000000000001,1600234986.3345778
40.910000000000004,1596428251.6742585
40.93000000000001,1641458360.6687465
40.95,1612437973.9670508
40.970000000000006,1589737908.3196259
40.99,1621470081.4811773
41.010000000000005,1579427761.736313
41.03000000000001,1592952547.5792103
41.050000000000004,1593148143.4549704
41.07000000000001,1632608710.3911054
41.09,1599418523.7554252
41.11000000000001,1582102789.4276962
41.13,1569385077.6332386
41.150000000000006,1578051913.043427
41.17,1610390313.8863192
41.190000000000005,1611791183.0268276
41.21000000000001,1521966660.787115
41.230000000000004,1602040209.7806919
41.25000000000001,1635353122.811369
41.27,1608169953.4238524
41.290000000000006,1662551220.4750216
41.31,1588157637.4182324
41.330000000000005,1616345684.371506
41.35,1533195476.8073606
41.370000000000005,1615686294.2262774
41.39000000000001,1592980412.5210378
41.410000000000004,1576927586.4843383
41.43000000000001,1593083147.965272
41.45,1565185656.0384927
41.470000000000006,1651308074.2548432
41.49,1607501475.8779075
41.510000000000005,1645903184.6321115
41.53000000000001,1594822268.895676
41.550000000000004,1551246520.0461211
41.57000000000001,1569704242.5541282
41.59,1561569853.7762055
41.61000000000001,1625888562.2846653
41.63,1601624428.6524975
41.650000000000006,1654991621.3079698
41.67,1622763300.8449774
41.690000000000005,1612499403.1092474
41.71000000000001,1660123601.580813
41.730000000000004,1646986802.1222458
41.75000000000001,1635500007.647039
41.77,1608885142.0810611
41.790000000000006,1618562161.0201523
41.81,1554645956.1689475
41.830000000000005,1605444683.1903312
41.85,1661218179.1201267
41.870000000000005,1626722860.5547216
41.89000000000001,1644994727.827499
41.910000000000004,1584783902.1867218
41.93000000000001,1613607283.167784
41.95,1632977610.79721
41.970000000000006,1619669917.323838
41.99,1611940875.3478496
42.010000000000005,1600275161.7734358
42.03000000000001,1656803771.5828156
42.050000000000004,1610691063.9599693
42.07000000000001,1603510688.5650094
42.09,1636202184.296946
42.11000000000001,1630535687.61874
42.13,1621943416.599211
42.150000000000006,1611284009.6668186
42.17,1658771015.5292008
42.190000000000005,1625069856.7881992
42.21000000000001,1674268498.1711912
42.230000000000004,1687473943.1923895
42.25000000000001,1639123332.7900913
42.27,1603305900.551368
42.290000000000006,1636338287.5975592
42.31,1655148689.515336
42.330000000000005,1688260728.386203
42.35,1655216439.4758885
42.370000000000005,1639001029.3463998
42.39000000000001,1704318832.8519156
42.410000000000004,1725741274.3094935
42.43000000000001,1682947143.1841276
42.45,1660530206.1623492
42.470000000000006,1676646487.0317385
42.49,1692673979.849849
42.510000000000005,1685392690.6831863
42.53000000000001,1710148100.182276
42.550000000000004,1640094075.938359
42.57000000000001,1613385128.655909
42.59,1649736110.2362533
42.61000000000001,1671173443.1046934
42.63,1722323306.3630512
42.650000000000006,1804819060.1009827
42.67,1729307370.5788054
42.690000000000005,1739645131.6093173
42.71000000000001,1727853737.5922375
42.730000000000004,1737336723.741433
42.75000000000001,1731949322.4189017
42.77,1667590313.1718667
42.790000000000006,1701720037.3636768
42.81,1744874269.6797075
42.830000000000005,1765803765.2347045
42.85,1711688358.603538
42.870000000000005,1748505874.8122454
42.89000000000001,1766871078.2014005
42.910000000000004,1808707177.334367
42.93000000000001,1771018547.6509562
42.95,1746750854.625718
42.970000000000006,1841991361.1696024
42.99,1845269010.6803856
43.010000000000005,1859479656.913346
43.03000000000001,1841333581.5257108
43.050000000000004,1875045404.0121043
43.07000000000001,1926154028.6014044
43.09,1966296680.430686
43.11000000000001,1992261518.7557256
43.13,2041659753.8878412
43.150000000000006,2153869168.918182
43.17,2084300156.6570377
43.190000000000005,2191525470.890611
43.21,2297474557.700446
43.230000000000004,2444114530.330838
43.25000000000001,2484830411.198537
43.27,2652200984.060145
43.290000000000006,2878537958.198466
43.31,2921214234.5780745
43.330000000000005,3096135389.266952
43.35,3413998423.490707
43.370000000000005,3632149101.254627
43.39000000000001,3821718285.906762
43.410000000000004,4001736296.785287
43.43000000000001,4305784865.691702
43.45,4308567727.508201
43.470000000000006,4562321219.421919
43.49,4652921520.124966
43.510000000000005,4578350295.364563
43.53000000000001,4529025895.497845
43.550000000000004,4376092267.470028
43.57000000000001,4281795481.4972878
43.59,4115588315.5323777
43.61000000000001,3909876411.5140176
43.63,3693152846.3572803
43.650000000000006,3422183867.370994
43.67,3289296217.197463
43.690000000000005,3009845647.4573064
43.71,2871738661.740294
43.730000000000004,2744639651.429791
43.75000000000001,2588068598.614402
43.77,2563948246.7724643
43.790000000000006,2469023041.5428624
43.81,2418142691.4085717
43.830000000000005,2351443742.2198877
43.85,2320848453.554907
43.870000000000005,2328665091.6523013
43.89000000000001,2312224610.8836756
43.910000000000004,2250299119.1796784
43.93000000000001,2284327098.7584524
43.95,2298509557.9078507
43.970000000000006,2251899809.937292
43.99,2328005764.860501
44.010000000000005,2291562536.0197344
44.03000000000001,2342205642.378421
44.050000000000004,2289331857.091214
44.07000000000001,2405131521.548733
44.09,2461460370.9523797
44.11000000000001,2558252325.7697706
44.13,2571048921.3536572
44.150000000000006,2630917468.2746215
44.17,2742959388.903036
44.190000000000005,2869596015.1820383
44.21,2897741001.664287
44.230000000000004,3045615371.85765
44.25000000000001,3159068801.1258845
44.27,3395414942.1671834
44.290000000000006,3612045799.674059
44.31,3947338017.5097766
44.330000000000005,4267977650.651401
44.35,4763626087.242317
44.370000000000005,5361547126.766316
44.39000000000001,6120760426.372926
44.410000000000004,7127400878.912335
44.43000000000001,8617591292.097038
44.45,10451489017.860619
44.470000000000006,12759313959.631838
44.49,15906106522.977919
44.510000000000005,19836655780.05847
44.53000000000001,24366149773.387325
44.550000000000004,29543178282.987892
44.57000000000001,35107370293.27593
44.59,40075267700.54666
44.61000000000001,43934509174.44243
44.63,47035021477.73783
44.650000000000006,49253867372.95097
44.67,49552194033.138
44.690000000000005,48852820467.13641
44.71,47117275718.007355
44.730000000000004,44565095877.32839
44.75000000000001,40380799602.31331
44.77,36369236328.552536
44.790000000000006,32019969422.75184
44.81,27439042968.625042
44.830000000000005,23095856303.863277
44.85,19340723205.107883
44.870000000000005,16006454223.987513
44.89000000000001,12987435772.228806
44.910000000000004,10520520978.881445
44.93000000000001,8705181829.76587
44.95,7136670565.343554
44.970000000000006,6020184363.167654
44.99,5241788850.665181
45.010000000000005,4370624352.552084
45.03000000000001,3825063487.22
45.050000000000004,3521268114.296917
45.07000000000001,3168474480.4544005
45.09,2895697940.644988
45.11000000000001,2787546103.3863745
45.13,2609482913.0821266
45.150000000000006,2498456459.6503444
45.17,2329890280.416234
45.190000000000005,2329474127.526966
45.21,2201940894.6249194
45.230000000000004,2175663264.9093633
45.25000000000001,2092206726.2036288
45.27,2078369636.6608062
45.290000000000006,2004820687.8431525
45.31,2004980274.7415788
45.330000000000005,1942873154.5372922
45.35,1959163274.4521358
45.370000000000005,1900194742.6628146
45.39000000000001,1884200153.7609313
45.410000000000004,1834625482.9191244
45.43000000000001,1808961841.5104403
45.45,1819813302.777926
45.470000000000006,1788556468.9210577
45.49,1740964004.8540359
45.510000000000005,1782737490.501958
45.53000000000001,1734966646.4542742
45.550000000000004,1677397929.2406416
45.57,1687380307.6533253
45.59,1781025093.448924
45.61000000000001,1705416613.1815083
45.63,1674313508.2558222
45.650000000000006,1647592518.9970906
45.67,1623206097.2697692
45.690000000000005,1656214207.2381296
45.71,1596629721.2860367
45.730000000000004,1587630489.1356993
45.75000000000001,1605443296.214146
45.77,1582372131.7064772
45.790000000000006,1619027888.2492247
45.81,1632552924.436496
45.830000000000005,1587687672.2279065
45.85,1618764818.484945
45.870000000000005,1568818901.2929275
45.89000000000001,1607256457.5315619
45.910000000000004,1535765709.2508252
45.93000000000001,1610840874.8426905
45.95,1586611598.0986745
45.970000000000006,1530758880.3542032
45.99,1514313862.3512502
46.010000000000005,1508977665.3350317
46.03,1483550756.2916968
46.050000000000004,1548747485.3524957
46.07,1532831544.1524196
46.09,1499587473.6596048
46.11000000000001,1584975113.0039768
46.13,1586140332.7837114
46.150000000000006,1519135590.1332448
46.17,1460373606.6255245
46.190000000000005,1496216062.7333817
46.21,1529637529.3437903
46.230000000000004,1522992042.073141
46.25000000000001,1534914237.9826984
46.27,1566587487.5275805
46.290000000000006,1469249255.5995336
46.31,1475617259.5731008
46.330000000000005,1478866253.500646
46.35,1495111256.7086136
46.370000000000005,1503651087.9911797
46.39000000000001,1508686886.38234
46.410000000000004,1466401796.7173543
46.43000000000001,1437580460.5297637
46.45,1490112683.4343545
46.470000000000006,1434267231.5903826
46.49,1500961313.5516748
46.510000000000005,1500213354.3126621
46.53,1478863631.0852094
46.550000000000004,1442879850.342805
46.57,1451633766.1053317
46.59,1526357379.3873231
46.61000000000001,1462855885.7210865
46.63,1470338258.8569503
46.650000000000006,1395133847.1389055
46.67,1461761258.8710823
46.690000000000005,1447355122.6058738
46.71,1446557079.2327025
46.730000000000004,1417569541.9562676
46.75000000000001,1433511611.599288
46.77,1443677276.9852016
46.790000000000006,1463176338.4394505
46.81,1454471456.7887783
46.830000000000005,1413176340.4394653
46.85,1468738895.7712004
46.870000000000005,1482125989.9938025
46.89000000000001,1483808760.8397915
46.910000000000004,1443574450.6723528
46.93000000000001,1431124919.5937693
46.95,1475842215.8750567
46.970000000000006,1458504689.4849699
46.99,1464198197.9347928
47.010000000000005,1424297761.5032954
47.03,1439809306.9157434
47.050000000000004,1488252031.2675238
47.07,1432405590.8475983
47.09,1471437016.0938008
47.11000000000001,1465531866.5715795
47.13,1448221772.8943417
47.150000000000006,1432790315.3324974
47.17,1425920681.0749695
47.190000000000005,1477219402.342279
47.21,1486757233.6890185
47.230000000000004,1423287405.881559
47.25000000000001,1481947563.0254908
47.27,1452094607.752707
47.290000000000006,1435043895.616718
47.31,1460768328.4103048
47.330000000000005,1432661052.086761
47.35,1451208927.9838061
47.370000000000005,1481655021.228343
47.39000000000001,1473278765.2028306
47.410000000000004,1431734168.0764623
47.43000000000001,1467151998.9601748
47.45,1497790185.3855212
47.470000000000006,1485834377.5757937
47.49,1476537183.3803725
47.510000000000005,1473862872.3841019
47.53,1452968017.722332
47.550000000000004,1557874168.2662947
47.57,1552708336.76477
47.59,1487204349.8243866
47.61000000000001,1516774123.363489
47.63,1462171214.7903695
47.650000000000006,1467676054.5700102
47.67,1491145046.845569
47.690000000000005,1440051594.7691152
47.71,1486580384.4251986
47.730000000000004,1419911892.338882
47.75000000000001,1477816577.506985
47.77,1453341385.444934
47.790000000000006,1477727478.3695076
47.81,1357988894.8432639
47.830000000000005,1394675596.327745
47.85,1393984237.8572574
47.870000000000005,1408567675.7949433
47.89000000000001,1439627903.2550492
47.910000000000004,1409902898.3603833
47.93000000000001,1458808559.7934363
47.95,1447057995.1729684
47.970000000000006,1434291344.0980697
47.99,1425953626.0958827
48.010000000000005,1409093181.6583407
48.03000000000001,1434981007.3310034
48.050000000000004,1439825599.9231555
48.07,1429807601.8132021
48.09,1386979845.4201574
48.11000000000001,1398537357.4188638
48.13,1373314833.6655757
48.150000000000006,1418284883.5637312
48.17,1354884520.2247114
48.190000000000005,1389636482.0133777
48.21,1406972861.4322438
48.230000000000004,1429676551.465604
48.25000000000001,1486105949.9215534
48.27,1431654782.0925817
48.290000000000006,1399191505.9059997
48.31,1430721433.0863423
48.330000000000005,1451727267.5002005
48.35,1393419242.1321938
48.370000000000005,1390685519.5080485
48.39000000000001,1415710878.5189438
48.410000000000004,1382271919.0016642
48.43,1372441236.2958856
48.45,1418885605.348609
48.470000000000006,1402478516.2478886
48.49,1373057530.7321436
48.510000000000005,1393155782.6607044
48.53000000000001,1435363923.254899
48.550000000000004,1420734832.9149153
48.57,1407038579.4663377
48.59,1395247080.4004464
48.61000000000001,1453958654.3594627
48.63,1381818742.961622
48.650000000000006,1408313400.3308082
48.67,1425946253.3897192
48.690000000000005,1392439332.6030104
48.71,1466401678.1810908
48.730000000000004,1420281396.0223422
48.75000000000001,1359002824.5989923
48.77,1344517603.1393
48.790000000000006,1351046166.6976333
48.81,1374939649.08002
48.830000000000005,1352547387.351315
48.85,1359849452.4163306
48.870000000000005,1394101413.1959555
48.89000000000001,1388898801.5510488
48.910000000000004,1451660595.011634
48.93,1415567608.0917754
48.95,1392748078.1976936
48.970000000000006,1423560162.1927035
48.99,1475907945.1300576
49.010000000000005,1429697965.199236
49.03,1358357212.3441188
49.050000000000004,1394243000.1840224
49.07,1417147922.1033344
49.09,1452928390.765955
49.11000000000001,1433818215.1748917
49.13,1400335045.4471104
49.150000000000006,1377580245.2949283
49.17,1403014049.1635795
49.190000000000005,1388699744.4723067
49.21,1383211720.285361
49.230000000000004,1376756025.7225595
49.25000000000001,1368611296.7130036
49.27,1352268535.6583385
49.290000000000006,1421361320.2699423
49.31,1370729188.4569492
49.330000000000005,1431884987.1162872
49.35,1390796469.6898668
49.370000000000005,1431793463.445009
49.39000000000001,1450396764.3255234
49.410000000000004,1392156927.9495778
49.43,1381572938.09469
49.45,1363710679.1858032
49.470000000000006,1368691282.3295653
49.49,1415034647.512365
49.510000000000005,1365461490.4906123
49.53,1402570094.468331
49.550000000000004,1393632900.313868
49.57,1385789491.0735908
49.59,1397922811.8605404
49.61000000000001,1362985581.1784632
49.63,1351834667.3471875
49.650000000000006,1397699057.6613996
49.67,1387341726.0039642
49.690000000000005,1404127229.4006443
49.71,1402059410.836844
49.730000000000004,1362142237.0132632
49.75000000000001,1348084453.8269017
49.77,1398852019.2801101
49.790000000000006,1378991075.4230309
49.81,1455502499.0802023
49.830000000000005,1438745252.74339
49.85,1408776363.189713
49.870000000000005,1368698873.617489
49.89000000000001,1369661690.4662743
49.910000000000004,1377159642.560642
49.93,1442628138.2962515
49.95,1424194734.7903004
49.970000000000006,1418485341.9621031
49.99,1406877718.8435369
50.010000000000005,1420259176.6193933
50.03,1426409442.5201976
50.050000000000004,1383910635.3856542
50.07,1432325076.491661
50.09,1417562862.896888
50.11000000000001,1413037530.7574086
50.13,1421554542.8904824
50.150000000000006,1460081118.2922137
50.17,1500115105.944916
50.190000000000005,1471865301.6565151
50.21,1470231683.5759444
50.230000000000004,1502776023.945877
50.25000000000001,1580540401.8932164
50.27,1602190540.54136
50.29,1555095225.3401313
50.31,1590443509.4409575
50.330000000000005,1620171692.4235194
50.35,1640156997.6727471
50.370000000000005,1671038655.123354
50.39000000000001,1717534186.7694376
50.410000000000004,1679698624.9395404
50.43,1781190443.833415
50.45,1784412187.2215686
50.470000000000006,1832864949.0238268
50.49,1818099193.9470308
50.510000000000005,1894553704.1750643
50.53,1978892112.8777683
50.550000000000004,1953514229.5677128
50.57,2021209918.1513557
50.59,1979247149.4477124
50.61000000000001,1953073701.5065317
50.63,2028150209.8206327
50.650000000000006,1972059286.3282666
50.67,1949186932.8635368
50.690000000000005,1936309429.6581304
50.71,1927640261.1932213
50.730000000000004,1849284349.6686592
50.75000000000001,1929593234.4802332
50.77,1771919634.4795785
50.79,1777625172.286724
50.81,1800732343.320401
50.830000000000005,1788261197.247677
50.85,1759607924.116919
50.870000000000005,1684303095.0228028
50.89000000000001,1611889924.0560713
50.910000000000004,1617950301.0042112
50.93,1632889251.8643956
50.95,1513726431.9942942
50.970000000000006,1546265490.0153024
50.99,1531131428.324075
51.010000000000005,1403628904.6705866
51.03,1445982190.3980238
51.050000000000004,1399725329.6495655
51.07,1449194640.0727367
51.09,1436747039.4238212
51.11000000000001,1411101218.9739406
51.13,1398974535.442553
51.150000000000006,1437118526.380274
51.17,1392487412.8697572
51.190000000000005,1364209153.4598246
51.21,1364512759.9042628
51.230000000000004,1352816841.4769819
51.25000000000001,1378194722.9467876
51.27,1372499857.3035424
51.29,1354094384.9740858
51.31,1329819604.9866312
51.330000000000005,1352167450.855691
51.35,1386632299.5442443
51.370000000000005,1391877122.775652
51.39000000000001,1349046719.1630418
51.410000000000004,1333233518.413698
51.43,1350145564.0950239
51.45,1334506620.8265736
51.470000000000006,1361752118.1144497
51.49,1353807815.491117
51.510000000000005,1385455514.4795268
51.53,1422588732.5298927
51.550000000000004,1314297477.8161569
51.57,1345317570.5866652
51.59,1318099159.7934394
51.61000000000001,1341096132.101752
51.63,1347224190.9662666
51.650000000000006,1319703367.6484032
51.67,1356341817.794301
51.690000000000005,1344035064.0671358
51.71,1334454877.8702266
51.730000000000004,1323775396.5074356
51.75000000000001,1354246319.1923387
51.77,1330384500.249986
51.79,1296039635.4427972
51.81,1311855426.2678466
51.830000000000005,1303044113.8630943
51.85,1351337865.844583
51.870000000000005,1313766225.5762162
51.89000000000001,1287787797.1239808
51.910000000000004,1362739055.5782
51.93,1351552129.3961654
51.95,1318789008.146675
51.970000000000006,1326594114.3384511
51.99,1338554078.783195
52.010000000000005,1289426879.0996025
52.03,1292633968.0790539
52.050000000000004,1326236526.4258034
52.07,1266369061.649172
52.09,1294927699.8880727
52.11000000000001,1295358569.1642091
52.13,1319048088.1983852
52.150000000000006,1342695626.139273
52.17,1303405503.6882293
52.190000000000005,1304692348.8297808
52.21,1314029426.6718295
52.230000000000004,1340475544.0899832
52.25000000000001,1327015254.3892074
52.27,1279288771.6446524
52.29,1280815435.067537
52.31,1305050326.1559434
52.330000000000005,1322125672.5731213
52.35,1328425146.9483001
52.370000000000005,1356941204.7179608
52.39,1337650069.0609887
52.410000000000004,1350232053.446374
52.43,1354604490.0518758
52.45,1329202685.961539
52.470000000000006,1259716787.8563962
52.49,1269796268.142674
52.510000000000005,1342635455.9421172
52.53,1270457449.0740917
52.550000000000004,1304019431.505855
52.57,1275643185.2088623
52.59,1299794167.5415537
52.61000000000001,1261426084.5323822
52.63,1273512018.8544598
52.650000000000006,1294568045.3306024
52.67,1333956364.4335325
52.690000000000005,1244626045.452428
52.71,1302805689.8607728
52.730000000000004,1320610038.8834958
52.75000000000001,1314340165.023962
52.77,1307913565.6882534
52.79,1275651292.4591467
52.81,1288119408.7934198
52.830000000000005,1322644800.4153142
52.85,1353058713.676332
52.870000000000005,1334682509.6631234
52.89,1276938439.6789455
52.910000000000004,1242721475.421845
52.93,1289558154.403018
52.95,1321408221.582477
52.970000000000006,1303543533.6564033
52.99,1349327689.2477498
53.010000000000005,1298091131.94651
53.03,1245013024.1135094
53.050000000000004,1305339451.7369647
53.07,1280880906.061753
53.09,1325425263.639577
53.11000000000001,1315555937.7891982
53.13,1280345940.8845322
53.150000000000006,1309805532.8026836
53.17,1305273225.0145152
53.190000000000005,1257016808.617078
53.21,1280212872.6799586
53.230000000000004,1267880339.9001493
53.25000000000001,1243605629.7190907
53.27,1293137204.0084944
53.29,1267480479.0547154
53.31,1259517084.9540856
53.330000000000005,1247483463.9466834
53.35,1340596596.2333097
53.370000000000005,1272792642.2088122
53.39,1255219051.9376533
53.410000000000004,1301939270.7900434
53.43,1262188444.8828518
53.45,1296977445.55145
53.470000000000006,1255177768.5777268
53.49,1284912807.8159044
53.510000000000005,1234800773.9631422
53.53,1264139174.2041507
53.550000000000004,1269753484.6722853
53.57,1289985970.8298512
53.59,1299219272.077954
53.61000000000001,1258491922.8746543
53.63,1314401404.9579904
53.650000000000006,1252099830.3657813
53.67,1316238767.1743302
53.690000000000005,1244258949.096446
53.71,1320194249.559295
53.730000000000004,1282014113.7097344
53.75000000000001,1293135635.8056462
53.77,1302839525.7591012
53.79,1259579078.7979357
53.81,1290061477.4786851
53.830000000000005,1289766357.2601385
53.85,1318162689.6207416
53.870000000000005,1288419113.5276446
53.89,1268485864.8649657
53.910000000000004,1314694519.5917451
53.93,1309486526.0112123
53.95,1297239870.926695
53.970000000000006,1289656798.2701883
53.99,1292559379.39056
54.010000000000005,1283687592.3513784
54.03,1350591729.220015
54.050000000000004,1265061274.8610616
54.07,1338009864.2855024
54.09,1282729729.1054766
54.11000000000001,1245855532.096762
54.13,1271639163.7136598
54.15,1265782343.4099686
54.17,1294494798.7601006
54.190000000000005,1249462602.1150358
54.21,1252636132.8045146
54.230000000000004,1323990608.5653608
54.25000000000001,1340992028.7473538
54.27,1300086848.589231
54.29,1301578721.8725505
54.31,1262104018.7494972
54.330000000000005,1315147439.7872033
54.35,1294975588.7968993
54.370000000000005,1295688848.8910954
54.39,1263328677.8050413
54.410000000000004,1284565319.3025036
54.43,1277350165.0258884
54.45,1291038612.7793694
54.470000000000006,1238262816.1819832
54.49,1240042550.857124
54.510000000000005,1290489727.5461118
54.53,1279072865.5627604
54.550000000000004,1277488840.4684973
54.57,1270481432.147967
54.59,1273568891.7920918
54.61000000000001,1252968544.0223913
54.63,1311484195.7126567
54.65,1290379149.492964
54.67,1246781215.5513244
54.690000000000005,1273619922.6458755
54.71,1271406285.6400664
54.730000000000004,1283299078.4379034
54.75000000000001,1300383127.5329788
54.77,1277577473.4153407
54.79,1255544554.965201
54.81,1277615016.8911905
54.830000000000005,1285407284.8246863
54.85,1278709272.3986444
54.870000000000005,1284961145.033678
54.89,1265481004.9082468
54.910000000000004,1272994352.3180368
54.93,1308133601.6871686
54.95,1310208210.0271888
54.970000000000006,1292303494.6970875
54.99,1324028574.6798558
55.010000000000005,1218560888.820233
55.03,1212372647.6655505
55.050000000000004,1253146175.487138
55.07,1267587270.3890493
55.09,1218837282.1264293
55.11000000000001,1283045916.891558
55.13,1298187111.0616934
55.15,1268213412.6130981
55.17,1297535782.3787777
55.190000000000005,1308757279.7440364
55.21,1289313501.321443
55.230000000000004,1227202463.4371793
55.25000000000001,1198803366.5783236
55.27,1264396750.068119
55.29,1231111782.6254826
55.31,1265526509.7882957
55.330000000000005,1261881449.5591857
55.35,1269746427.1188047
55.370000000000005,1285975802.3307328
55.39,1262539073.5175672
55.410000000000004,1219609665.335974
55.43,1191771651.3837419
55.45,1245429599.4773998
55.470000000000006,1273322153.1769097
55.49,1273138037.1187184
55.510000000000005,1265877714.9170017
55.53,1227524749.0639696
55.550000000000004,1250827726.9396212
55.57,1260723365.3335772
55.59,1243847306.929052
55.61000000000001,1215842567.209167
55.63,1239595797.2654
55.65,1200116926.5928988
55.67,1241258808.7292316
55.690000000000005,1260585740.5677598
55.71,1279748110.1476445
55.730000000000004,1279804228.4299579
55.75000000000001,1296986447.951982
55.77,1309193397.457827
55.79,1295062952.283866
55.81,1277885399.8471816
55.830000000000005,1255169953.7820632
55.85,1274522016.5629745
55.870000000000005,1236204472.432186
55.89,1279869573.8288865
55.910000000000004,1282485211.0721347
55.93,1258780144.482149
55.95,1247511259.8956127
55.970000000000006,1240967557.3624918
55.99,1279892137.2387908
56.010000000000005,1237571494.720404
56.03,1279080669.8517482
56.050000000000004,1263923443.9606836
56.07,1287120455.1989849
56.09,1256678809.779631
56.11000000000001,1298156413.2012367
56.13,1240082063.334695
56.15,1253702391.6386507
56.17,1247316715.8728294
56.190000000000005,1321942653.5427623
56.21,1254288924.4159558
56.230000000000004,1235282602.0213022
56.25000000000001,1286488759.5298657
56.27,1246004640.9091256
56.29,1285889082.6001074
56.31,1292036322.286282
56.330000000000005,1255235326.1604257
56.35,1238696887.3639107
56.37,1295603684.8051095
56.39000000000001,1291585147.6196706
56.410000000000004,1315860015.5682678
56.43,1310625927.170762
56.45,1337485714.7110367
56.470000000000006,1355741469.0488398
56.49,1386288933.981629
56.51,1345594306.0595968
56.53,1424701061.2701087
56.550000000000004,1351547671.9914997
56.57,1381441164.534979
56.59,1352320744.6546092
56.61000000000001,1331350604.8994205
56.63,1334630515.5066984
56.65,1386613495.5427237
56.67,1357823900.3716068
56.690000000000005,1291841948.3809674
56.71,1282116082.5522907
56.730000000000004,1304294533.0288844
56.75000000000001,1293968768.7117305
56.77,1312881442.123335
56.79,1296233951.8202326
56.81,1295556213.6279738
56.830000000000005,1291781933.602157
56.85,1292104652.1030898
56.87,1252556975.0436702
56.89000000000001,1262956160.2311478
56.910000000000004,1220892962.142688
56.93,1259860314.4161184
56.95,1256713920.4876158
56.970000000000006,1208850152.4362307
56.99,1287510372.089137
57.01,1285394752.4145472
57.03,1240899403.7360318
57.050000000000004,1237721773.0178497
57.07,1238481343.7579825
57.09,1213287529.2881224
57.11000000000001,1252299544.3725095
57.13,1192634790.868279
57.15,1216603976.3092964
57.17,1244651853.2628245
57.190000000000005,1179970688.4801216
57.21,1267239603.4970713
57.230000000000004,1225129227.866384
57.25000000000001,1262150142.8828063
57.27,1223677957.5497727
57.29,1248905326.9079475
57.31,1219606676.5095623
57.330000000000005,1218522496.5579448
57.35,1253256046.0997608
57.37,1234921651.609379
57.39000000000001,1239776845.6619918
57.410000000000004,1242761235.4515338
57.43,1223025239.0834606
57.45,1211405996.9950938
57.470000000000006,1212819363.9954188
57.49,1189288924.730403
57.51,1182057649.8503983
57.53,1234155954.2519662
57.550000000000004,1246939288.0834832
57.57,1258418655.6821465
57.59,1254536493.377838
57.61000000000001,1260708153.9372509
57.63,1219958634.923509
57.65,1163371585.8323166
57.67,1219089451.4645557
57.690000000000005,1271722820.5142276
57.71,1169511757.0035906
57.730000000000004,1207332847.72699
57.75000000000001,1235445580.4787872
57.77,1244256130.510745
57.79,1239529714.9081082
57.81,1197387540.3066988
57.830000000000005,1203513222.1368825
57.85,1226839367.556026
57.87,1278337275.4983633
57.89000000000001,1209532552.6629407
57.910000000000004,1167451882.8322663
57.93,1194087321.005674
57.95,1217821898.8447177
57.970000000000006,1228775495.6907892
57.99,1230384267.5816967
58.01,1208272775.8955464
58.03,1277566170.1831024
58.050000000000004,1177658864.845641
58.07,1193472887.0917125
58.09,1245997426.6744058
58.11000000000001,1284052142.8722575
58.13,1209264506.110828
58.15,1245139018.9357972
58.17,1252268334.782547
58.190000000000005,1216445359.9424367
58.21,1231796665.1307733
58.230000000000004,1294587868.447578
58.25000000000001,1232143858.478776
58.27,1224954368.3783062
58.29,1168057463.8411584
58.31,1240645534.3868473
58.330000000000005,1211923057.8352087
58.35,1239958414.95546
58.37,1249702934.6672952
58.39,1237651731.6254275
58.410000000000004,1257645288.2758944
58.43,1267888842.9357173
58.45,1328236329.7471209
58.470000000000006,1259449315.3374074
58.49,1242020515.6521578
58.51,1271532059.9568806
58.53,1277941985.21451
58.550000000000004,1250368973.1278403
58.57,1233217935.0026078
58.59,1297383719.760579
58.61000000000001,1211123451.9799333
58.63,1246075431.4466636
58.65,1238534177.0431144
58.67,1233084411.0594285
58.690000000000005,1231875998.6431124
58.71,1204746593.053449
58.730000000000004,1230490419.3293257
58.75000000000001,1214405274.1840734
58.77,1217737810.9457035
58.79,1269903106.590003
58.81,1262051905.638243
58.830000000000005,1248995805.981927
58.85,1255499595.329662
58.87,1290003012.385943
58.89,1269008750.155939
58.910000000000004,1248585622.4824545
58.93,1264700701.134718
58.95,1199545947.4576938
58.970000000000006,1212576153.3506393
58.99,1249447824.6189406
59.01,1247686290.8694825
59.03,1186023925.5203378
59.050000000000004,1251897115.8558908
59.07,1236843990.8317757
59.09,1232399742.633104
59.11000000000001,1251375581.10654
59.13,1306954264.1605062
59.15,1209076668.2072551
59.17,1233334692.214036
59.190000000000005,1245368112.204651
59.21,1265924738.4848385
59.23,1207812796.5520642
59.25000000000001,1195028992.8521335
59.27,1215890897.2305532
59.29,1200582235.9409368
59.31,1235168843.663013
59.330000000000005,1256294399.007729
59.35,1280303846.6049256
59.37,1280894431.5104072
59.39,1219461314.6466002
59.410000000000004,1270403519.3118908
59.43,1214055527.7335024
59.45,1146991456.2233746
59.470000000000006,1205304361.4528158
59.49,1187334043.3040466
59.51,1214045580.2886932
59.53,1237649904.256476
59.550000000000004,1215629782.8467212
59.57,1254176615.3443143
59.59,1211707789.0110815
59.61000000000001,1197640292.093002
59.63,1216602582.7965784
59.65,1247606247.7096174
59.67,1268834919.4082463
59.690000000000005,1220167687.411632
59.71,1170939310.0120416
59.73,1205169139.0991974
59.75000000000001,1247333244.7126534
59.77,1214257953.796151
59.79,1237870587.6341906
59.81,1227959228.7956836
59.830000000000005,1209009277.9076498
59.85,1182032428.8007138
59.87,1225195857.6900654
59.89,1254491794.573004
59.910000000000004,1261224166.6018403
59.93,1228080112.777749
59.95,1177717731.0511389
59.970000000000006,1198785709.1643636
59.99,1201156702.643101
60.01,1152691074.252072
60.03,1205689102.5515392
60.050000000000004,1193211967.3238018
60.07,1227702168.6542454
60.09,1173138829.988651
60.11000000000001,1195814148.3951128
60.13,1210746326.503322
60.15,1256659153.172585
60.17,1202878497.9833238
60.190000000000005,1211728548.6782053
60.21,1191785224.1752493
60.23,1209340361.947325
60.25000000000001,1220862083.2846515
60.27,1245643262.6227558
60.29,1213825330.0219293
60.31,1176630727.7578785
60.330000000000005,1172902265.0402641
60.35,1191721983.947167
60.37,1187647147.8891397
60.39,1123177172.764767
60.410000000000004,1153517211.647244
60.43,1164469542.119191
60.45,1193395848.760873
60.470000000000006,1208678053.9472208
60.49,1228121434.8600764
60.51,1217746426.3819098
60.53,1185585946.7980494
60.550000000000004,1208891306.1235533
60.57,1133667177.894578
60.59,1129550602.5391824
60.61000000000001,1159625399.9311318
60.63,1157425196.0955167
60.65,1184615463.8155591
60.67,1206425089.7575002
60.690000000000005,1225607833.747465
60.71,1167860826.7888982
60.73,1165915596.3338208
60.75000000000001,1205851700.6047454
60.77,1193490269.9167287
60.79,1169870045.746849
60.81,1159332658.115683
60.830000000000005,1214143864.0549364
60.85,1155611754.1194248
60.87,1118407724.7817636
60.89,1198827336.9537477
60.910000000000004,1199103936.5706177
60.93,1192484276.036473
60.95,1161078298.7686098
60.970000000000006,1167443893.4458895
60.99,1202443679.691779
61.01,1165929012.9901345
61.03,1223102135.7292163
61.050000000000004,1156270149.0196695
61.07,1156830561.7607057
61.09,1179731497.2203145
61.11000000000001,1170622148.6799653
61.13,1168533244.6841686
61.15,1158111065.7685719
61.17,1179891742.9257317
61.190000000000005,1175171133.2125087
61.21,1103735535.7933187
61.23,1162944159.1038096
61.25000000000001,1124837832.5836387
61.27,1169883499.7887216
61.29,1135821645.0593705
61.31,1166727951.2346475
61.330000000000005,1167986091.0014875
61.35,1166499894.4299
61.37,1152580035.4733999
61.39,1158187538.1067278
61.410000000000004,1180706462.1712387
61.43,1165539255.514737
61.45,1165616735.3582313
61.470000000000006,1178724838.1149685
61.49,1178903571.5976338
61.51,1193975547.2501721
61.53,1194912656.118248
61.550000000000004,1152814082.1009996
61.57,1165276961.0818067
61.59,1255704481.575418
61.61000000000001,1180866195.9327898
61.63,1226256525.5086699
61.65,1185000980.3054628
61.67,1177050795.5019917
61.690000000000005,1187606861.3640766
61.71,1165199433.6411512
61.73,1189679437.4517984
61.75000000000001,1198581638.4268205
61.77,1140220646.3919008
61.79,1138360634.182732
61.81,1162716270.0431306
61.830000000000005,1136016933.5840058
61.85,1192958757.356739
61.87,1181281325.3732994
61.89,1134110212.2791374
61.910000000000004,1210930425.319113
61.93,1177766407.5717487
61.95,1171357682.2257957
61.970000000000006,1192288653.2318695
61.99,1158323884.8428388
62.01,1178684118.0142531
62.03,1206904085.4869812
62.050000000000004,1177438505.4653423
62.07,1193099867.6584945
62.09,1169523648.6728086
62.11000000000001,1168753905.8568254
62.13,1144175773.467723
62.15,1225244389.212438
62.17,1185760357.8863177
62.190000000000005,1152600203.3933063
62.21,1175416943.9655712
62.23,1207653449.62229
62.25,1194032753.296694
62.27,1139490004.3389134
62.29,1141996179.6373231
62.31,1109917487.4786253
62.330000000000005,1198488074.1901743
62.35,1155544211.5268612
62.37,1158816169.6841133
62.39,1137216087.474779
62.410000000000004,1094680748.9702811
62.43,1142109291.2201018
62.45,1130872388.475815
62.470000000000006,1166975488.2960727
62.49,1178399270.0333369
62.51,1172360541.0891516
62.53,1225766020.7825563
62.550000000000004,1196646246.213431
62.57,1230669408.109002
62.59,1196212362.350171
62.61000000000001,1192750662.357745
62.63,1252478638.7071457
62.65,1242072846.4187794
62.67,1209971114.1803515
62.690000000000005,1211521366.3695593
62.71,1199542087.9171958
62.73,1260143085.715438
62.75,1249439768.8180926
62.77,1249049035.3694153
62.79,1236214167.2753696
62.81,1226838810.2633178
62.830000000000005,1265478616.6427963
62.85,1258836542.5662246
62.87,1258170387.0653653
62.89,1243280181.9580178
62.910000000000004,1221750353.5300891
62.93,1265037470.7641628
62.95,1266095023.504882
62.970000000000006,1216842601.6816466
62.99,1188132910.5675113
63.01,1223584743.1530507
63.03,1180463173.250939
63.050000000000004,1193582845.99504
63.07,1240856055.069819
63.089999999999996,1193951765.9175313
63.11000000000001,1215112394.0864275
63.13,1159781389.3497872
63.15,1120659500.2766073
63.17,1178293527.1855354
63.190000000000005,1225326036.7574544
63.21,1254408998.00198
63.23,1187485652.5637364
63.25,1207953294.8942027
63.27,1173224984.7490387
63.29,1130797481.8757272
63.31,1154654848.234197
63.330000000000005,1203912025.0299492
63.35,1122946761.4171183
63.37,1180508837.9631474
63.39,1164300385.991499
63.410000000000004,1171593812.546129
63.43,1174410635.202408
63.45,1166899040.1032224
63.470000000000006,1167795874.9251823
63.49,1148865120.4354122
63.51,1174769893.850356
63.53,1183925078.1030943
63.550000000000004,1205775194.2426133
63.57,1154534080.832484
63.589999999999996,1178727648.3981292
63.61000000000001,1180494426.8698494
63.63,1190941957.7374737
63.65,1147180396.7082512
63.67,1197329655.492833
63.690000000000005,1172576325.9909608
63.71,1183165171.0860598
63.73,1180617568.6605053
63.75,1213587066.9967482
63.77,1217960569.4900947
63.79,1184377933.344435
63.81,1162568282.6706884
63.830000000000005,1176971092.7177603
63.85,1186323994.8999271
63.87,1191641898.508084
63.89,1186852025.6302567
63.910000000000004,1236537094.1074474
63.93,1167872802.370728
63.95,1153683475.920355
63.970000000000006,1170768936.538451
63.99,1209255743.7828894
64.00999999999999,1217092329.845691
64.02999999999999,1231365260.953846
64.05,1166236413.1316936
64.07,1195025976.6396644
64.08999999999999,1237216765.776298
64.11,1225629139.7479517
64.13,1226856650.2817492
64.14999999999999,1227705845.129137
64.17,1231343810.5511198
64.19,1204199586.2479818
64.21,1266444990.8663654
64.22999999999999,1240413455.97797
64.24999999999999,1208916703.093386
64.27,1295028867.471258
64.28999999999999,1231074927.1525884
64.30999999999999,1251531068.2517164
64.33,1246462146.5352962
64.35,1318569776.1510224
64.36999999999999,1290585446.9620752
64.39,1333156141.9145756
64.41,1328227192.1275747
64.42999999999999,1365430751.452737
64.45,1377428325.3894422
64.47,1456165049.4701006
64.49,1509626780.7725673
64.50999999999999,1517357445.6584666
64.52999999999999,1545976609.4159157
64.55,1517273977.724067
64.57,1676221272.9223657
64.58999999999999,1770484228.7639189
64.61,1813127285.7744212
64.63,1879269603.9308896
64.64999999999999,1933112209.098784
64.67,2056801971.1080124
64.69,2232577791.4154267
64.71,2338071164.7153172
64.72999999999999,2433500844.153199
64.74999999999999,2654207282.102693
64.77,2855912908.0035305
64.78999999999999,3050548144.1464996
64.80999999999999,3201384216.8979597
64.83,3343671530.479534
64.85,3496135891.6652675
64.86999999999999,3706291734.673586
64.89,3850568670.6001945
64.91,4052407551.617364
64.92999999999999,4128469024.0613337
64.95,4267941888.2512846
64.97,4286449492.9253554
64.99,4288566325.88455
65.00999999999999,4162474611.824708
65.02999999999999,4278903754.1660075
65.05,4244775212.813433
65.07,4220108503.411251
65.08999999999999,4107464473.031115
65.11,4030657894.5209217
65.13,3800616380.339644
65.14999999999999,3712006155.6321983
65.17,3580960563.55632
65.19,3449255225.6930904
65.21,3292568326.635366
65.22999999999999,3134107566.772397
65.24999999999999,2898931153.745579
65.27,2755546779.0416408
65.28999999999999,2644846630.7636294
65.30999999999999,2477263751.462484
65.33,2293051651.8942523
65.35,2186691595.5277276
65.36999999999999,2135952542.7255087
65.39,2023936733.8612976
65.41,1912048609.4717388
65.42999999999999,1819933726.2191477
65.45,1685821918.3062744
65.47,1645593410.4098527
65.49,1603709483.7946262
65.50999999999999,1537581928.8070688
65.52999999999999,1462758219.651318
65.55,1432463722.8891823
65.57,1393514563.0018015
65.58999999999999,1373531686.3536897
65.61,1338932188.612009
65.63,1339303290.5693293
65.64999999999999,1293308146.992973
65.67,1251104144.265018
65.69,1225743949.6106696
65.71,1298445009.2051055
65.72999999999999,1264516875.3278859
65.74999999999999,1276840579.3797643
65.77,1216974728.4680064
65.78999999999999,1203100540.542362
65.80999999999999,1168265069.6359875
65.83,1257300798.4761806
65.85,1210257513.6565588
65.86999999999999,1196961076.475227
65.89,1178363530.0380077
65.91,1220423246.3314183
65.92999999999999,1218475948.1330614
65.95,1155735289.200925
65.97,1122876259.9442356
65.99,1118704284.8231578
66.00999999999999,1127941635.977753
66.02999999999999,1130431363.2264314
66.05,1166564035.7051036
66.07,1108668345.7475874
66.08999999999999,1137485075.8303692
66.11,1157543917.1170194
66.13,1141667545.791108
66.14999999999999,1165430970.2576869
66.17,1149854929.6849775
66.19,1202505544.0247576
66.21,1180299105.311206
66.22999999999999,1136479869.4046707
66.24999999999999,1200026880.4897122
66.27,1150030162.775218
66.28999999999999,1132478253.1223042
66.30999999999999,1172070941.1667302
66.33,1125434219.7022374
66.35,1178166516.9909923
66.36999999999999,1170280422.2312028
66.39,1147417382.8976493
66.41,1139179624.1940887
66.42999999999999,1108635444.7177088
66.45,1126129342.7334423
66.47,1146688613.0041463
66.49,1087974669.997359
66.50999999999999,1094878874.7722237
66.52999999999999,1122239811.6467297
66.55,1105265549.1103146
66.57,1120564201.9069352
66.58999999999999,1153748752.8724453
66.61,1109395386.0451398
66.63,1120968836.4720924
66.64999999999999,1095718079.2874882
66.67,1036190601.3120472
66.69,1087508474.6919312
66.71,1134064236.036236
66.72999999999999,1118258189.2567549
66.74999999999999,1092965769.299488
66.77,1030775097.1297069
66.78999999999999,1093812863.3880787
66.80999999999999,1105361760.3742428
66.83,1061664690.5559918
66.85,1084151158.9424334
66.86999999999999,1143212586.771833
66.89,1097374226.5363832
66.91,1081851466.052827
66.92999999999999,1115743833.6946988
66.94999999999999,1111118484.5928993
66.97,1099578447.6203163
66.99,1103236857.633177
67.00999999999999,1115505936.876163
67.02999999999999,1077732404.6044338
67.05,1081068818.5280492
67.07,1052167922.5123341
67.08999999999999,1060546525.4295663
67.11,1102173481.8120139
67.13,1155136980.045426
67.14999999999999,1116817492.9578261
67.17,1109294402.980684
67.19,1114010461.3974702
67.21,1080826132.0274732
67.22999999999999,1094448510.392362
67.24999999999999,1111203969.7657387
67.27,1060800109.6241102
67.28999999999999,1120769344.8421047
67.30999999999999,1110854930.0840054
67.33,1051800591.2380852
67.35,1044495144.2489746
67.36999999999999,1121706334.3632991
67.39,1131693210.8771148
67.41,1095291215.3603508
67.42999999999999,1102978947.1821496
67.44999999999999,1131329015.6751072
67.47,1103636505.6418884
67.49,1110747729.475181
67.50999999999999,1080951711.6742482
67.52999999999999,1115469959.6390789
67.55,1148012052.256238
67.57,1103005595.2058644
67.58999999999999,1104474869.338927
67.61,1151024653.3280852
67.63,1157134030.9061906
67.64999999999999,1124880778.4019697
67.67,1159207135.7327611
67.69,1134176818.5964713
67.71,1113108966.7437584
67.72999999999999,1086871643.9891114
67.74999999999999,1128093703.8607466
67.77,1100589263.2863371
67.78999999999999,1123730455.530776
67.80999999999999,1139237781.4182713
67.83,1183378289.9820905
67.85,1141520414.539513
67.86999999999999,1133360265.4063935
67.89,1100643705.6295998
67.91,1146045425.1576219
67.92999999999999,1175730154.412633
67.94999999999999,1114435197.3476198
67.97,1117611159.0534148
67.99,1123168470.477085
68.00999999999999,1137747183.072779
68.02999999999999,1106506405.6109989
68.05,1111658853.279832
68.07,1059556596.8648529
68.08999999999999,1101274819.9889798
68.11,1115543775.9284751
68.13,1133717252.5176642
68.14999999999999,1115617651.5966349
68.17,1112158423.8175778
68.19,1074873421.9585924
68.21,1132777041.068787
68.22999999999999,1100040060.421211
68.24999999999999,1054102735.499127
68.27,1071269274.8680639
68.28999999999999,1087679484.0761092
68.30999999999999,1115061038.523322
68.33,1054285574.4840993
68.35,1023379098.9114357
68.36999999999999,1113531787.3730276
68.39,1110894233.271231
68.41,1079475314.278436
68.42999999999999,1137192585.5382957
68.44999999999999,1037689272.139621
68.47,1070708872.2704667
68.49,1082852846.921948
68.50999999999999,1072353178.0163012
68.52999999999999,1081593905.1023452
68.55,1036601179.2788779
68.57,1078270761.4772534
68.58999999999999,1104378517.3846796
68.61,1084926134.290378
68.63,1100561056.0960906
68.64999999999999,1086826814.9611964
68.67,1072932693.0057425
68.69,1128606481.5116873
68.71,1096746340.8125844
68.72999999999999,1077776532.2175117
68.74999999999999,1061580571.373276
68.77,1084847774.3021078
68.78999999999999,1064826877.2243389
68.80999999999999,1077387473.608362
68.83,1154272963.29036
68.85,1086762519.0831847
68.86999999999999,1071192432.8795776
68.89,1141672627.5515656
68.91,1061839764.4916922
68.92999999999999,1094397599.8729262
68.94999999999999,1119401262.022491
68.97,1126376563.0450983
68.99,1117044409.7336931
69.00999999999999,1115681670.5919118
69.02999999999999,1139845914.6766744
69.05,1152962787.5597122
69.07,1096076298.8782215
69.08999999999999,1096727278.002637
69.11,1161471022.9915462
69.13,1130474999.519489
69.14999999999999,1112003631.238659
69.17,1097441492.0243144
69.19,1120944058.942568
69.21,1105996787.6185532
69.22999999999999,1103559617.2506936
69.24999999999999,1078054373.427273
69.27,1072503264.3119522
69.28999999999999,1029136227.8543429
69.30999999999999,1035715472.6807915
69.33,1088470157.5662105
69.35,1130541542.3909433
69.36999999999999,1105246522.692267
69.39,1095547978.965933
69.41,1049558132.3131087
69.42999999999999,1094248159.3943944
69.44999999999999,1028467224.8186438
69.46999999999998,1110795025.1663904
69.49,1121590098.6898732
69.50999999999999,1035092072.7844836
69.52999999999999,1063612043.9874972
69.55,1053079425.9241188
69.57,1070688766.3089492
69.58999999999999,1136513025.376764
69.61,1096308569.497025
69.63,1086544396.0612624
69.64999999999999,1071627213.6377984
69.67,1111298590.545335
69.69,1056332704.9057972
69.71,1029014811.9800478
69.72999999999999,1102742045.6895564
69.74999999999999,1078479003.6615262
69.77,1088989705.8299806
69.78999999999999,1089213777.090761
69.80999999999999,1076967109.5401978
69.83,1106471812.528281
69.85,1099372040.9453232
69.86999999999999,1048447652.046742
69.89,1089408485.3350072
69.91,1081701311.4272451
69.92999999999999,1057047810.6313021
69.94999999999999,1065559851.8453851
69.96999999999998,1057498936.435018
69.99,1141045585.1804202
70.00999999999999,1102207748.9249275
70.02999999999999,1095035248.0041993
70.05,1126994491.9813516
70.07,1064354402.547984
70.08999999999999,1059200027.4375271
70.11,1103381165.2030966
70.13,1090624776.5048084
70.14999999999999,1086504742.6061664
70.17,1065808097.2065047
70.19,1042076497.6701607
70.21,1096975397.124795
70.22999999999999,1044998407.5543996
70.24999999999999,1090548642.729638
70.27,1090734328.42139
70.28999999999999,1064828852.9638709
70.30999999999999,1093100763.2925622
70.33,1058667589.0330014
70.35,1052136554.2480423
70.36999999999999,1056653222.6373738
70.39,1036332754.1587695
70.41,1053517283.2956429
70.42999999999999,1078101395.4815881
70.44999999999999,1072442987.3277873
70.46999999999998,1042162965.5468291
70.49,1047947103.25618
70.50999999999999,1043021731.0245848
70.52999999999999,1050552268.9023037
70.55,1050156304.8255076
70.57,1090246920.4036205
70.58999999999999,1089967832.77077
70.61,1109863354.0558465
70.63,1078757240.3740313
70.64999999999999,1063924352.783058
70.67,1031315147.6738752
70.69,1078488265.887693
70.71,1051103698.4652696
70.72999999999999,1045011245.7020924
70.74999999999999,1012681511.1127434
70.77,1078598423.3035228
70.78999999999999,1094032277.4971054
70.80999999999999,1070268654.6376339
70.83,1053127138.6096114
70.85,1092465361.742831
70.86999999999999,1040435701.4083761
70.89,1041620605.3589283
70.91,1057039151.1514326
70.92999999999999,1096216503.0005922
70.94999999999999,1064805208.4145955
70.96999999999998,1053554653.5909352
70.99,1088955690.2995174
71.00999999999999,1073617804.8363492
71.02999999999999,1080985929.7238936
71.05,1042333784.9166207
71.07,1053545623.0756611
71.08999999999999,1078243718.5183427
71.11,1008348171.2338508
71.13,994146633.3715388
71.14999999999999,1009481220.1938628
71.17,1037613298.5238347
71.19,1018627341.0739105
71.21,1051480127.3835921
71.22999999999999,1048332375.1132659
71.24999999999999,1060669929.6765629
71.27,1104192478.0887713
71.28999999999999,1033607136.5308814
71.30999999999999,1054276822.599687
71.33,1061032124.0001402
71.35,980722281.717916
71.36999999999999,1012497984.1412013
71.39,1058362872.3935361
71.41,1057334777.9236588
71.42999999999999,995246693.7983203
71.44999999999999,983741830.2477475
71.46999999999998,1034195852.5043814
71.49,1037097540.2195626
71.50999999999999,1024340615.232781
71.52999999999999,1063529423.8401091
71.55,1073837992.0467622
71.57,1041542037.8423847
71.58999999999999,1032124237.5121309
71.61,1079397752.146944
71.63,1054065586.0696665
71.64999999999999,1080399039.9944198
71.67,1048888993.6124424
71.69,1020034204.7747773
71.71,1054541177.0171809
71.72999999999999,1062341726.181467
71.74999999999999,1041258658.6695983
71.77,1009696523.8443955
71.78999999999999,1061603636.153253
71.80999999999999,1067279035.7332257
71.83,1083193851.4334478
71.85,1045602490.3997644
71.86999999999999,1043712124.7235606
71.89,1046300154.5262319
71.91,1074139909.4918046
71.92999999999999,1037612316.5021735
71.94999999999999,1007482154.4913489
71.96999999999998,1064924824.889883
71.99,1008559810.1809801
72.00999999999999,1032256127.5051876
72.02999999999999,1012853765.3348519
72.05,1024021286.9855872
72.07,1052695773.2570527
72.08999999999999,1018940128.9417142
72.11,1048576258.7602223
72.13,1102348015.5374987
72.14999999999999,1079594909.3118668
72.17,993496950.5270298
72.18999999999998,1012879895.774085
72.21,981891790.5023403
72.22999999999999,1025649122.196092
72.24999999999999,1030902959.9039779
72.27,1004943109.1502123
72.28999999999999,1000882561.1084449
72.30999999999999,1041954012.5550277
72.33,1013145504.4003468
72.35,1071733140.6758027
72.36999999999999,1058833202.9462489
72.39,1059289424.6236178
72.41,1032051304.9698273
72.42999999999999,1024970627.1133106
72.45,1086032707.6618042
72.46999999999998,1094986294.605306
72.49,1046280245.639526
72.50999999999999,1043636614.0038813
72.52999999999999,1001384182.0863777
72.55,1078245615.906778
72.57,1091326709.078853
72.58999999999999,1044827422.4946408
72.61,1078944509.895075
72.63,1069396325.7585095
72.64999999999999,1092700737.9464278
72.67,1087990817.4552243
72.68999999999998,1045760277.4943004
72.71,1099352394.3243663
72.72999999999999,1080434978.1786122
72.74999999999999,1023590346.4058008
72.77,1055072576.4245734
72.78999999999999,1036963849.1020794
72.80999999999999,1049981368.941068
72.83,1086401187.010835
72.85,1043030935.3510966
72.86999999999999,1070364312.2033639
72.89,1022525355.736905
72.90999999999998,1090719488.5300999
72.92999999999999,1085625024.7058766
72.95,1013525538.01019
72.96999999999998,1096402357.288811
72.99,1099054463.070972
73.00999999999999,1054121095.9201713
73.02999999999999,1046191268.4412354
73.05,1023816158.8286865
73.07,1057737624.3831676
73.08999999999999,1076935992.7239943
73.11,1019517299.3881276
73.13,1010253931.9062895
73.14999999999999,1063232821.8101287
73.17,1047060171.61436
73.18999999999998,1059359242.0321466
73.21,1052930487.8375888
73.22999999999999,1046949838.5016359
73.24999999999999,1046022672.1085563
73.27,1067506176.352684
73.28999999999999,1042068369.2145332
73.30999999999999,1044625966.0069857
73.33,1076391154.5998046
73.35,1036384907.0756091
73.36999999999999,1062993534.3794458
73.39,988794385.2114983
73.40999999999998,1049790814.5821114
73.42999999999999,981658265.952486
73.45,1056640804.11546
73.46999999999998,1007682497.1087652
73.49,1035077233.1462876
73.50999999999999,1071838431.9692985
73.52999999999999,1038680163.2521878
73.55,1006412824.8446639
73.57,1019244091.6404902
73.58999999999999,1015427643.4133745
73.61,1039066511.3590492
73.63,1082863128.8725896
73.64999999999999,1071593694.4098567
73.67,1018790959.8236154
73.68999999999998,1025014518.9116862
73.71,1067146268.3365581
73.72999999999999,1050825109.1220733
73.74999999999999,1063848215.1027299
73.77,1037137327.5656879
73.78999999999999,1102432360.2404652
73.80999999999999,1101840013.9999807
73.83,1021181551.297547
73.85,1061469426.6583173
73.86999999999999,1056861017.0893255
73.89,1096574342.3462718
73.90999999999998,1088107477.594432
73.92999999999999,1111931026.0619028
73.95,1125120042.56415
73.96999999999998,1126606175.20379
73.99,1094622909.826426
74.00999999999999,1121325862.9231484
74.02999999999999,1111969639.2835414
74.05,1091491373.808527
74.07,1139810319.0048192
74.08999999999999,1159810022.7861588
74.11,1204176422.3063898
74.13,1221009895.2672935
74.14999999999999,1181827979.539717
74.17,1182481661.777031
74.18999999999998,1244822292.4550972
74.21,1276904137.059709
74.22999999999999,1323412989.814651
74.24999999999999,1309232142.246147
74.27,1262711346.7350008
74.28999999999999,1229725302.1631696
74.30999999999999,1274177690.7261825
74.33,1293850310.9626198
74.35,1333294222.456659
74.36999999999999,1267769144.6941915
74.39,1392184907.0573251
74.40999999999998,1382196132.7519422
74.42999999999999,1396634104.4741032
74.45,1368540474.1974013
74.46999999999998,1412532859.1598904
74.49,1388538292.8650718
74.50999999999999,1369555658.0700295
74.52999999999999,1369453231.9359684
74.55,1343196099.5139706
74.57,1363834989.032906
74.58999999999999,1334372266.0923486
74.61,1333871649.2981153
74.63,1275740875.665176
74.64999999999999,1252441068.4731388
74.67,1315051927.0105383
74.68999999999998,1257684534.9066772
74.71,1246916607.1919045
74.72999999999999,1248406883.2232842
74.74999999999999,1183012378.467997
74.77,1185310888.5941074
74.78999999999999,1201901038.3010674
74.80999999999999,1178957729.0990663
74.83,1164318908.9677038
74.85,1154032963.441095
74.86999999999999,1157739229.49182
74.89,1153789621.7361596
74.90999999999998,1155674976.9588752
74.92999999999999,1124755435.5714977
74.95,1073937377.2561104
74.96999999999998,1107014242.1635587
74.99,1087037690.1153939
75.00999999999999,1091527292.2761784
75.02999999999999,1095671730.0310388
75.05,1086071873.5212963
75.07,1093543004.4133208
75.08999999999999,1075600594.221145
75.11,1054766981.6455588
75.13,1084817790.548302
75.14999999999999,1114179891.0937777
75.17,1089398272.9014835
75.18999999999998,1066834948.882284
75.21,1060918948.9519297
75.22999999999999,1042916301.8217535
75.24999999999999,1061245914.0575705
75.27,1099050852.7271514
75.28999999999999,1107037809.8467543
75.30999999999999,1084009524.9572973
75.33,1070007328.8199571
75.35,1048470700.322561
75.36999999999999,1049676091.156215
75.39,1021168646.8001131
75.40999999999998,1023145613.9637432
75.42999999999999,1040774843.7893317
75.45,1036601253.0422839
75.46999999999998,1045088400.3275453
75.49,1033149953.4321386
75.50999999999999,1063264903.7989864
75.52999999999999,1016671219.6762167
75.55,1048524797.8184988
75.57,1028595068.4186666
75.58999999999999,1007877791.1574912
75.61,1023405120.5223141
75.63,1019622677.1258984
75.64999999999999,1036537783.0417284
75.67,1042985494.1444257
75.68999999999998,1068943596.1899405
75.71,1008207294.4104259
75.72999999999999,1049012569.2239705
75.74999999999999,1031027792.180966
75.77,1021805616.1651264
75.78999999999999,1034787854.0957011
75.80999999999999,1003463417.7769474
75.83,1036143601.1963049
75.85,1028393144.5034747
75.86999999999999,1053642572.3027134
75.89,999605201.399831
75.90999999999998,1056899042.6334422
75.92999999999999,1029431381.7195058
75.95,1014811747.7745334
75.96999999999998,1000673624.8075799
75.99,1028360071.7915657
76.00999999999999,1030189481.6346704
76.02999999999999,996412685.8455156
76.05,1048966647.073815
76.07,1011781598.4359328
76.08999999999999,988757352.9243947
76.11,992610904.9194117
76.13,975421453.8662434
76.14999999999999,1031117925.7673455
76.17,1040709769.9292595
76.18999999999998,1035493638.6358519
76.21,1034846692.1592475
76.22999999999999,1029549637.3124554
76.24999999999999,1011362843.6187422
76.27,1001741089.385048
76.28999999999999,1026344170.6051834
76.30999999999999,1006975509.5865535
76.33,1018720759.2476813
76.35,1012967484.3610549
76.36999999999999,1043565682.8408076
76.39,1013668330.938611
76.40999999999998,1017264369.4542696
76.42999999999999,1026483706.072316
76.45,1047877843.5266309
76.46999999999998,1039744190.9822966
76.49,1045518209.2585261
76.50999999999999,1003750816.68257
76.52999999999999,1020273816.151134
76.55,1016338098.0159959
76.57,1021242073.585234
76.58999999999999,1037639651.0606201
76.61,1015402187.2425597
76.63,1025980064.261677
76.64999999999999,1045425017.9197721
76.67,1044275080.5384406
76.68999999999998,1078380184.0935292
76.71,1017635637.198408
76.72999999999999,1042563919.7765805
76.74999999999999,1031738538.0174105
76.77,1008124350.0309075
76.78999999999999,1033699787.058736
76.80999999999999,1030085303.8241673
76.83,1036937344.7470446
76.85,1031422334.1137087
76.86999999999999,1017453796.168783
76.89,1046524063.672161
76.90999999999998,1011518977.6406678
76.92999999999999,1010359957.4781898
76.95,1040940440.9668937
76.96999999999998,1027660708.1551116
76.99,1066197289.3538846
77.00999999999999,1070251826.8918519
77.02999999999999,1029423801.7645663
77.05,1047978917.594517
77.07,1056194204.0473176
77.08999999999999,1043200175.5799869
77.11,1044512258.5124004
77.13,1017137466.4029428
77.14999999999999,1040879752.7803926
77.17,1087392420.0093985
77.18999999999998,1068018259.1380651
77.21,1028198879.9407078
77.22999999999999,1036609571.2229227
77.24999999999999,1071247501.8224468
77.27,1055757438.0261763
77.28999999999999,1039892806.3626658
77.30999999999999,1019278407.3710597
77.33,1032012653.4969703
77.35,1072021310.711677
77.36999999999999,1052065575.0960007
77.39,1052023077.754869
77.40999999999998,1047578957.0665884
77.42999999999999,1038650085.4448855
77.45,1050081791.1466051
77.46999999999998,994575417.609693
77.49,1018650610.9709176
77.50999999999999,1005439862.7147459
77.52999999999999,1027239236.6715437
77.55,1015134999.3795676
77.57,1023990359.4256773
77.58999999999999,1025540959.8348145
77.61,1106886559.0577734
77.63,1038243836.7037272
77.64999999999999,995378249.7826898
77.67,1037757291.6973796
77.68999999999998,1088661467.072747
77.71,1028169770.8249909
77.72999999999999,1039742236.0569891
77.74999999999999,1076514492.401326
77.77,1007291913.0388027
77.78999999999999,1055964388.975005
77.80999999999999,1107334387.806222
77.83,1073076767.6097083
77.85,1065528807.4560215
77.86999999999999,1066898965.4603255
77.89,1054352838.3424959
77.90999999999998,1045747701.6844497
77.92999999999999,1060759042.6506103
77.95,1023650589.6790591
77.96999999999998,1028714778.7750533
77.99,1052863549.8531159
78.00999999999999,1024670656.1599486
78.02999999999999,1030479338.7048094
78.05,1037865459.4510763
78.07,1064214860.0712171
78.08999999999999,1024479606.7032845
78.11,1018316901.8224636
78.13,1031271698.9834491
78.14999999999999,1046038369.3267587
78.17,1057144735.6532204
78.18999999999998,1029372999.9178357
78.21,1056826785.512792
78.22999999999999,1058534541.0312867
78.24999999999999,996051624.389005
78.27,1062954248.181322
78.28999999999999,1051495427.5830951
78.30999999999999,1046590759.0649488
78.33,1058800071.9209474
78.35,1038516724.9419329
78.36999999999999,1031705613.5802711
78.39,1035685208.6024542
78.40999999999998,1015819397.4165001
78.42999999999999,1046580210.2976077
78.44999999999999,1078603827.0933812
78.46999999999998,987627370.4290556
78.49,1018901158.3905315
78.50999999999999,1051213310.0693446
78.52999999999999,1069302445.0973783
78.55,1002238708.3130877
78.57,1047774765.1044551
78.58999999999999,1011822085.0086489
78.61,992997910.6816146
78.63,1075462790.865504
78.64999999999999,1052846282.5278324
78.67,1025130950.8786222
78.68999999999998,1072163811.9322948
78.71,1046527756.7750254
78.72999999999999,1077489226.928947
78.74999999999999,1029552731.3568574
78.77,1034745721.6323864
78.78999999999999,1052268755.38456
78.80999999999999,1055834639.515985
78.83,1046061536.8704026
78.85,1024187867.55473
78.86999999999999,1102619204.1735864
78.89,1052377152.6919826
78.90999999999998,1038965999.532491
78.92999999999999,1077463456.2857723
78.94999999999999,1058086057.7174613
78.96999999999998,1066046887.1474031
78.99,1052251064.0903382
79.00999999999999,1062750740.4418938
79.02999999999999,1022005981.1155342
79.05,1007816307.3643043
79.07,1059923282.1932946
79.08999999999999,1032634563.3242512
79.11,1047006964.6743773
79.13,1056014532.4899137
79.14999999999999,1042744692.4028804
79.17,1033743179.0828061
79.18999999999998,1068417955.6317078
79.21,1070377232.4420531
79.22999999999999,1037744977.8491465
79.24999999999999,1027888718.8236115
79.27,1048447254.0038983
79.28999999999999,1004589865.4572427
79.30999999999999,1050813471.6510721
79.33,1065901392.8133295
79.35,1051320535.8158703
79.36999999999999,1030847444.305862
79.39,1042204603.7164509
79.40999999999998,1046484597.0941981
79.42999999999999,1082727124.628685
79.44999999999999,1019750209.9639114
79.46999999999998,1024745595.458034
79.49,1026740109.6436749
79.50999999999999,1026018239.1532884
79.52999999999999,1012469143.8282752
79.55,1043035909.0250288
79.57,1057434921.7608589
79.58999999999999,1088095742.8282976
79.61,1039987027.0500441
79.63,1024020242.2747879
79.64999999999999,1026504038.5563533
79.67,1084065874.0671506
79.68999999999998,1011166952.8416032
79.71,1047215163.98125
79.72999999999999,1027363355.8822191
79.74999999999999,1046891796.4420859
79.77,1044430871.0205065
79.78999999999999,1046271137.9830362
79.80999999999999,1090630218.8032534
79.83,1090132385.2069168
79.85,1058603237.3406852
79.86999999999999,1053678977.095359
79.89,1122549482.676046
79.90999999999998,1073185975.3587035
79.92999999999999,1077174938.9755983
79.94999999999999,1073328192.4308308
79.96999999999998,1080023514.7069955
79.99,1034267658.8821487
80.00999999999999,1054702966.66451
80.02999999999999,1032687052.2112442
80.05,1005431920.4220628
80.07,1049224192.4261402
80.08999999999999,1045715570.0470365
80.11,1073284531.628823
80.12999999999998,1036192465.1708472
80.14999999999999,1074730437.7777126
80.17,1084489263.7778268
80.18999999999998,1076933877.9178846
80.21,1061412678.7046647
80.22999999999999,1107160446.8623261
80.24999999999999,1118563093.0858808
80.27,1045800366.498683
80.28999999999999,1097177213.6779313
80.30999999999999,1130026412.0467565
80.33,1121555386.4118361
80.35,1063411171.4922384
80.36999999999999,1080961516.0379767
80.39,1104775486.443156
80.40999999999998,1106832426.4748304
80.42999999999999,1081171658.1785402
80.44999999999999,1082168522.0499496
80.46999999999998,1060366646.1535643
80.49,1103284203.2474103
80.50999999999999,1045636166.6681874
80.52999999999999,1095471981.6995337
80.55,1062266711.338249
80.57,1093258609.4568076
80.58999999999999,1101981872.9828124
80.61,1102948619.3648944
80.62999999999998,1122275629.5094209
80.64999999999999,1126440825.8662705
80.67,1137315243.9676807
80.68999999999998,1070190451.0697399
80.71,1078755651.531795
80.72999999999999,1098043321.642893
80.74999999999999,1061020882.5073701
80.77,1086254513.24238
80.78999999999999,1111780747.1241722
80.80999999999999,1076461239.6202126
80.83,1081121279.3288848
80.85,1108881357.6727755
80.86999999999999,1102161419.3221574
80.89,1147022263.728653
80.90999999999998,1104617025.236701
80.92999999999999,1094743588.4648514
80.94999999999999,1102500982.8724532
80.96999999999998,1109305440.4225914
80.99,1115395183.379215
81.00999999999999,1092350615.4926946
81.02999999999999,1152589136.8607428
81.05,1123143225.0184267
81.07,1130137973.9159682
81.08999999999999,1142718661.6305518
81.11,1111761974.1453018
81.12999999999998,1187766797.7314346
81.14999999999999,1121437229.5089397
81.17,1192481217.3277225
81.18999999999998,1106393826.369737
81.21,1089612528.2233357
81.22999999999999,1109497790.9302847
81.24999999999999,1154379565.2755377
81.27,1146561206.573029
81.28999999999999,1170143738.27763
81.30999999999999,1232336174.9044518
81.33,1243039288.4191175
81.35,1219250073.4229953
81.36999999999999,1241054873.9812498
81.39,1189526185.9004357
81.40999999999998,1175395573.3265605
81.42999999999999,1239446026.632929
81.44999999999999,1261228126.541902
81.46999999999998,1226269625.5188932
81.49,1249804231.1172976
81.50999999999999,1269562216.0295005
81.52999999999999,1272488870.8022506
81.55,1262102981.8648186
81.57,1329784297.4866657
81.58999999999999,1293425122.9724164
81.61,1319781042.8158646
81.62999999999998,1350717709.2734475
81.64999999999999,1446887511.1599712
81.67,1487265163.8774078
81.68999999999998,1519788000.1612897
81.71,1494687339.6682644
81.72999999999999,1476551977.1620605
81.74999999999999,1576805375.4369192
81.77,1671975002.509159
81.78999999999999,1734286073.9839776
81.80999999999999,1779414266.230847
81.83,1876259704.3786926
81.85,2010913071.7602916
81.86999999999999,2074359855.0104544
81.89,2167992792.0723786
81.90999999999998,2242382485.9871073
81.92999999999999,2377897212.2086005
81.94999999999999,2522573759.4816008
81.96999999999998,2832313218.2040668
81.99,3066616050.254743
82.00999999999999,3342257383.0713534
82.02999999999999,3620358414.3583016
82.05,3905792163.0144935
82.07,4340455058.938753
82.08999999999999,4811854675.3081665
82.11,5204478050.902164
82.12999999999998,5650969390.972564
82.14999999999999,6009355053.773351
82.17,6605413559.72197
82.18999999999998,7032746683.612183
82.21,7307038969.115503
82.22999999999999,7627796239.876963
82.24999999999999,8005324587.249042
82.27,8168930093.541543
82.28999999999999,8358764749.140881
82.30999999999999,8228425786.223712
82.33,8126448008.254196
82.35,8183707864.92214
82.36999999999999,8073535476.562818
82.39,7714973415.122211
82.40999999999998,7535389890.2774315
82.42999999999999,7490995649.976424
82.44999999999999,7290859236.656345
82.46999999999998,6875989492.146727
82.49,6665617880.890627
82.50999999999999,6444835701.525842
82.52999999999999,6271305258.740735
82.55,5889293740.816138
82.57,5579141653.331878
82.58999999999999,5214115839.048361
82.61,4958241134.241533
82.62999999999998,4644200548.051662
82.64999999999999,4098584682.3929915
82.67,3917621249.3772945
82.68999999999998,3681901720.4481997
82.71,3356030000.0106044
82.72999999999999,3061417340.0728817
82.74999999999999,2943862400.1860614
82.77,2748774263.294075
82.78999999999999,2532033105.6082635
82.80999999999999,2286831326.514525
82.83,2175199776.58879
82.85,2058584575.4670403
82.86999999999999,1952200896.2331965
82.89,1804531890.4726806
82.90999999999998,1755730551.4543102
82.92999999999999,1705567336.5120184
82.94999999999999,1575596805.3463743
82.96999999999998,1586509305.6129901
82.99,1504436361.1894808
83.00999999999999,1461499379.4688416
83.02999999999999,1420543923.6864018
83.05,1364233257.3746026
83.07,1416622695.2371764
83.08999999999999,1321454761.574385
83.11,1313237504.0557353
83.12999999999998,1276611397.2829165
83.14999999999999,1277056670.201516
83.17,1194481680.7528696
83.18999999999998,1217474450.0765169
83.21,1237778275.9366722
83.22999999999999,1210819782.918491
83.24999999999999,1149381736.1311839
83.27,1146400903.3642652
83.28999999999999,1171692210.8605664
83.30999999999999,1179313773.636786
83.33,1185514155.277652
83.35,1170325237.2421117
83.36999999999999,1172788461.628192
83.39,1164962034.0860395
83.40999999999998,1133197368.7240622
83.42999999999999,1155029030.4701867
83.44999999999999,1112904992.1711178
83.46999999999998,1145918794.5814903
83.49,1119834375.586004
83.50999999999999,1152513373.9400449
83.52999999999999,1134598143.0633554
83.55,1111303844.6529016
83.57,1103649277.8166559
83.58999999999999,1078972730.9272792
83.61,1106954933.744762
83.62999999999998,1070013402.7102681
83.64999999999999,1089871362.5679786
83.67,1115949657.4520123
83.68999999999998,1084846136.2885666
83.71,1067517323.7379901
83.72999999999999,1061425416.3059609
83.74999999999999,1045739146.9103111
83.77,1067343648.0011932
83.78999999999999,1114087709.9808354
83.80999999999999,1142833832.6442485
83.83,1119431320.5042288
83.85,1082763148.5155842
83.86999999999999,1072978066.032446
83.89,1066373785.7724532
83.90999999999998,1080676389.1591778
83.92999999999999,1094087877.7811255
83.94999999999999,1061874145.8684686
83.96999999999998,1061662812.6326375
83.99,1042391545.9105756
84.00999999999999,1031186366.48627
84.02999999999999,1052814795.9859558
84.05,1055852346.0721018
84.07,1091780583.68957
84.08999999999999,1070900242.8338163
84.11,1020507957.708599
84.12999999999998,1006248327.0351905
84.14999999999999,1075794679.5395186
84.17,1079983383.1903417
84.18999999999998,1078319974.5499332
84.21,1067808877.3828629
84.22999999999999,1040608306.794907
84.24999999999999,988006378.3568219
84.27,1008675858.0335633
84.28999999999999,1046175659.9156889
84.30999999999999,1051930158.9266734
84.33,1029889981.2878822
84.35,1043127078.8063861
84.36999999999999,1064883403.5821592
84.39,977141898.7704751
84.40999999999998,997965900.9181181
84.42999999999999,1016360209.0752443
84.44999999999999,1031268842.8069228
84.46999999999998,1055532458.0737237
84.49,1067475522.4965304
84.50999999999999,1028291935.8873636
84.52999999999999,1033341218.4845026
84.55,1061652117.1970283
84.57,1025238377.0733923
84.58999999999999,1026937326.6547031
84.61,1040122589.2772751
84.62999999999998,1051546719.7873743
84.64999999999999,991215415.2120595
84.67,993782473.6150335
84.68999999999998,1061039226.3821741
84.71,969098425.1565659
84.72999999999999,993481065.5681071
84.74999999999999,1022567330.5806847
84.77,1011978119.4272715
84.78999999999999,1007948061.0336761
84.80999999999999,1072870335.0280304
84.83,1042974256.0832442
84.85,1042429147.5543238
84.86999999999999,1026919509.1843477
84.89,1031704597.5337801
84.90999999999998,1018026200.8636805
84.92999999999999,1039575252.9624746
84.94999999999999,1075199026.954542
84.96999999999998,1068194368.9811667
84.99,989139623.9397217
85.00999999999999,975894507.6438307
85.02999999999999,1035569615.8797368
85.05,1057445547.1445235
85.07,1096124335.417374
85.08999999999999,1020878553.4898754
85.11,1021958486.7100853
85.12999999999998,1051304866.6589673
85.14999999999999,1064909623.5790716
85.17,1056914872.3724946
85.18999999999998,1014220347.6353366
85.21,1012045491.1327385
85.22999999999999,1019060400.8822156
85.24999999999999,1028675523.6953228
85.27,1043445014.1302103
85.28999999999999,1011985109.7147741
85.30999999999999,998778692.8555621
85.33,1013358562.043754
85.35,1006445840.8177243
85.36999999999999,1028944128.0168073
85.39,1028893810.3358071
85.40999999999998,1082691878.4577763
85.42999999999999,1022577914.0452365
85.44999999999999,1011449899.0705445
85.46999999999998,1057129758.1381419
85.49,1039478526.2312996
85.50999999999999,1030273769.6527016
85.52999999999999,1048315332.0597405
85.55,1036602874.1049349
85.57,982276874.1849458
85.58999999999999,989339147.5978804
85.61,1041016800.728532
85.62999999999998,1059909900.2553077
85.64999999999999,973074950.2795506
85.66999999999999,1009875328.9807178
85.68999999999998,1067241378.3422519
85.71,1045920365.2651209
85.72999999999999,1043336741.6380045
85.74999999999999,1060432703.908709
85.77,1034766661.6638695
85.78999999999999,1022894010.0800683
85.80999999999999,1046688413.0468976
85.83,1039171824.1840745
85.85,1045301654.587158
85.86999999999999,999184820.1004517
85.89,1016867449.7099378
85.90999999999998,992016010.8781433
85.92999999999999,986519384.8167461
85.94999999999999,1010352240.4566413
85.96999999999998,1001701839.9096993
85.99,1010593772.7390932
86.00999999999999,1032530204.4612011
86.02999999999999,1022508799.9838227
86.05,997394756.7708501
86.07,1002772378.5625492
86.08999999999999,1005141168.0622176
86.11,1021740462.9793602
86.12999999999998,1019603253.8845632
86.14999999999999,1014657717.2180064
86.16999999999999,1041793473.1377636
86.18999999999998,1051623247.035786
86.21,1034879552.3732823
86.22999999999999,1019822796.3771126
86.24999999999999,1035605360.9541513
86.27,1030289748.0717365
86.28999999999999,984863682.4336429
86.30999999999999,1040425573.171463
86.33,1012094849.9895964
86.35,963687524.6125939
86.36999999999999,987459726.9735597
86.39,1030271457.4014438
86.40999999999998,1045408861.8729339
86.42999999999999,1049346583.9021579
86.44999999999999,1031184815.357465
86.46999999999998,1033496248.6557382
86.49,1055856329.454138
86.50999999999999,1030106197.6197643
86.52999999999999,1055747074.8757802
86.55,1082740557.6868207
86.57,1004189588.4519416
86.58999999999999,1050598086.5087116
86.61,1005088673.4248838
86.62999999999998,1037717611.3135719
86.64999999999999,1043170813.2210823
86.66999999999999,1033747269.0088216
86.68999999999998,1018952598.303261
86.71,1018620585.4459647
86.72999999999999,1021179104.9362003
86.74999999999999,1029757208.2337503
86.77,1062345051.05284
86.78999999999999,1039370889.4729236
86.80999999999999,1035109711.8875549
86.83,1042473283.0140954
86.85,1022388862.9140381
86.86999999999999,1001683678.7771618
86.89,1013086088.138943
86.90999999999998,1001629740.7085943
86.92999999999999,1028287836.6314257
86.94999999999999,992093521.0367672
86.96999999999998,1069888678.8591614
86.99,1030601410.966215
87.00999999999999,1023269077.8224908
87.02999999999999,981101424.2065008
87.05,1042005770.2128764
87.07,1004988754.6898602
87.08999999999999,982150228.4232028
87.11,1017407774.6092253
87.12999999999998,989944558.2359065
87.14999999999999,1051397561.2107804
87.16999999999999,1011054010.0063446
87.18999999999998,1027805445.7972069
87.21,1015036386.7058496
87.22999999999999,991052197.0648019
87.24999999999999,952305824.0962808
87.27,1056833840.8695843
87.28999999999999,1016616795.7997993
87.30999999999999,1003696803.9681069
87.33,1019190967.6645803
87.35,1013323140.726145
87.36999999999999,1025751912.310419
87.39,1010552743.4359946
87.40999999999998,1020013819.7541609
87.42999999999999,988557802.925093
87.44999999999999,1000545456.321294
87.46999999999998,1020079604.1788185
87.49,1041617710.5581532
87.50999999999999,1041121422.1199658
87.52999999999999,997620057.9368551
87.55,986757296.3172327
87.57,995000522.3906772
87.58999999999999,1022524309.3200006
87.61,991181020.511525
87.62999999999998,1003458652.79256
87.64999999999999,1007862460.5736476
87.66999999999999,998312575.6265154
87.68999999999998,1018677250.6946003
87.71,987071572.0693063
87.72999999999999,1002690426.1671178
87.74999999999999,1023057428.2106594
87.77,984939400.1317095
87.78999999999999,1036315460.2869409
87.80999999999999,1024899346.149014
87.83,1010323657.5973898
87.84999999999998,985601056.1523852
87.86999999999999,974514107.5830886
87.89,1006756575.4473908
87.90999999999998,999379560.8155729
87.92999999999999,1013111929.4555327
87.94999999999999,1027227582.3578988
87.96999999999998,1011894669.7767544
87.99,1011520433.0385734
88.00999999999999,1027708442.7936424
88.02999999999999,963998906.5309347
88.05,972446490.0000604
88.07,981870181.1650921
88.08999999999999,1054444038.7553277
88.11,1023417826.2655538
88.12999999999998,991561185.5371752
88.14999999999999,1020443143.1277044
88.16999999999999,987044473.9212346
88.18999999999998,979087624.6103928
88.21,1014424232.9085987
88.22999999999999,1016860207.0251566
88.24999999999999,1027039512.2169769
88.27,1042641193.183685
88.28999999999999,966278516.0863603
88.30999999999999,1035330204.5460752
88.33,1025835174.1079215
88.34999999999998,1034551682.3201568
88.36999999999999,1048638284.0748079
88.39,1004283214.2174677
88.40999999999998,978562056.0135463
88.42999999999999,1004881939.8238777
88.44999999999999,977652363.3206468
88.46999999999998,1001493212.8960725
88.49,1007908779.9208758
88.50999999999999,1011053834.9911796
88.52999999999999,1014662780.5840566
88.55,978070873.6002189
88.57,1003706341.9321191
88.58999999999999,1021305582.997392
88.61,1005906036.6968834
88.62999999999998,991626930.0069274
88.64999999999999,993070766.1258014
88.66999999999999,1069072773.2311416
88.68999999999998,1020980681.8332821
88.71,995065462.4665568
88.72999999999999,956563599.0293316
88.74999999999999,976254596.0756284
88.77,1009350538.403878
88.78999999999999,997898870.8086282
88.80999999999999,989083910.2459712
88.83,1036113018.7501842
88.84999999999998,991402850.6423105
88.86999999999999,1016121889.4148735
88.89,1024452147.0221709
88.90999999999998,978339077.6526996
88.92999999999999,912798956.2531183
88.94999999999999,954167381.096176
88.96999999999998,1039658632.4967391
88.99,1031306167.6534116
89.00999999999999,1021721602.2835768
89.02999999999999,959554377.152027
89.05,967742309.6242037
89.07,955624446.2982647
89.08999999999999,980246040.1360041
89.11,955691756.0913662
89.12999999999998,1008870902.5111651
89.14999999999999,1060483521.0593932
89.16999999999999,1018050287.8791457
89.18999999999998,1012276280.1874427
89.21,990323021.7957251
89.22999999999999,949525867.5744219
89.24999999999999,1014398206.3556169
89.27,1012171743.3593358
89.28999999999999,990376364.5465711
89.30999999999999,1047961914.2385782
89.33,1020586914.4909976
89.34999999999998,994746325.8462707
89.36999999999999,1009946035.0109831
89.39,1031138461.2499368
89.40999999999998,1019175542.2235118
89.42999999999999,1052620208.9146369
89.44999999999999,1074478758.7353086
89.46999999999998,1101119837.7473836
89.49,1021627701.9930868
89.50999999999999,1026677038.6239799
89.52999999999999,1045237846.0982459
89.55,1083137901.0587466
89.57,1062473155.0611281
89.58999999999999,1113794155.103409
89.61,1069456428.0860258
89.62999999999998,1078430632.1282587
89.64999999999999,999497028.148541
89.66999999999999,1032818177.7762303
89.68999999999998,989802349.0736632
89.71,1005432724.5114319
89.72999999999999,1096793068.689622
89.74999999999999,1082454231.3577266
89.77,1089457219.8016157
89.78999999999999,1091584408.0281782
89.80999999999999,1043654007.7156115
89.83,1058835687.7943283
89.84999999999998,1106271104.1732798
89.86999999999999,1122140949.4109383
89.89,1158620223.5750604
89.90999999999998,1110251358.3698292
89.92999999999999,1100598817.3624244
89.94999999999999,1111674604.6864188
89.96999999999998,1141630821.2492497
89.99,1167376315.3762047
90.00999999999999,1136511726.9453259
90.02999999999999,1174019174.6654925
90.05,1178247039.8252685
90.07,1171361768.9303665
90.08999999999999,1150295541.934426
90.11,1167620943.8641868
90.12999999999998,1182326782.8737974
90.14999999999999,1211022552.2657108
90.16999999999999,1289804704.017375
90.18999999999998,1205980073.8528848
90.21,1228228522.731362
90.22999999999999,1237624565.8853018
90.24999999999999,1253090408.5089326
90.27,1271843813.0353515
90.28999999999999,1273241100.2368152
90.30999999999999,1198661038.5154438
90.33,1211276893.041634
90.34999999999998,1237523605.432607
90.36999999999999,1247741100.6155725
90.39,1235992418.7748861
90.40999999999998,1270799133.1716092
90.42999999999999,1251310474.3390164
90.44999999999999,1262964278.894396
90.46999999999998,1274544440.9624062
90.49,1208831537.9551895
90.50999999999999,1223231570.7701654
90.52999999999999,1225281131.2719307
90.55,1201241164.4449217
90.57,1168849160.8973556
90.58999999999999,1173010214.7688181
90.61,1179336031.5806959
90.62999999999998,1136330090.4247632
90.64999999999999,1118650965.07654
90.66999999999999,1137662217.463713
90.68999999999998,1127731571.3957639
90.71,1124163368.7131648
90.72999999999999,1147318959.8687022
90.74999999999999,1115414822.082065
90.77,1119089254.0406003
90.78999999999999,1131105971.6947095
90.80999999999999,1144528113.8890958
90.83,1129248763.9137335
90.84999999999998,1055689306.5010746
90.86999999999999,1110662714.8209548
90.89,1097985730.5362704
90.90999999999998,1049293746.0550345
90.92999999999999,1109525647.5793536
90.94999999999999,1064917844.7458867
90.96999999999998,1022682409.7922436
90.99,1085686540.538232
91.00999999999999,1074050647.7700524
91.02999999999999,1037902068.6865656
91.05,1026058624.0517979
91.07,1037530733.3843651
91.08999999999999,970129600.6381046
91.11,1028750995.7999085
91.12999999999998,1055199037.2632288
91.14999999999999,995195071.9439689
91.16999999999999,993701393.761401
91.18999999999998,1041617535.7374496
91.21,1017440786.2753872
91.22999999999999,1044633511.2519343
91.24999999999999,1024610094.7285713
91.27,1037135812.171786
91.28999999999999,1037350760.5814154
91.30999999999999,1031461264.3747029
91.33,1016684461.0403098
91.34999999999998,1021426386.6454264
91.36999999999999,1046892357.8236331
91.39,1014471691.1249372
91.40999999999998,1014934303.4356488
91.42999999999999,1025372443.9019357
91.44999999999999,999220323.929407
91.46999999999998,1003591886.2216679
91.49,1016728723.8264251
91.50999999999999,992230690.5004765
91.52999999999999,987110050.9560364
91.55,986269728.2856904
91.57,1009210569.3646461
91.58999999999999,985868412.0233393
91.61,1002882705.3104633
91.62999999999998,1000702693.2047085
91.64999999999999,977225964.4708073
91.66999999999999,989036513.7048006
91.68999999999998,970305530.3900335
91.71,990143175.7315556
91.72999999999999,988834366.6113769
91.74999999999999,1029989716.2492037
91.77,1006570091.1419268
91.78999999999999,1005100344.5268954
91.80999999999999,1007932557.7258292
91.83,987522850.8155545
91.84999999999998,967340934.2194686
91.86999999999999,977190476.6504091
91.89,961488468.7698654
91.90999999999998,991928702.7594845
91.92999999999999,1050865601.5534563
91.94999999999999,1006785937.302931
91.96999999999998,1030628349.4500682
91.99,978200537.3894758
92.00999999999999,994900871.2014662
92.02999999999999,1003998312.5225848
92.05,993568556.4467305
92.07,979189794.8374629
92.08999999999999,967502823.0329218
92.11,967136331.6890872
92.12999999999998,980255071.5856576
92.14999999999999,963423672.6411711
92.16999999999999,964482346.0096687
92.18999999999998,973041351.8222861
92.21,958827903.160249
92.22999999999999,999495936.0949665
92.24999999999999,1013283891.1019527
92.27,988297137.3823569
92.28999999999999,975323503.9827564
92.30999999999999,1008805741.6908208
92.33,979767971.089783
92.34999999999998,1024397427.6870509
92.36999999999999,971898918.3913115
92.39,967078616.3503284
92.40999999999998,963819941.048126
92.42999999999999,1015828083.9302444
92.44999999999999,1016539510.698673
92.46999999999998,988308662.4306846
92.49,1014039757.8345457
92.50999999999999,1004218740.3225143
92.52999999999999,968715342.8523002
92.55,1005111661.0238488
92.57,982451565.159138
92.58999999999999,989940576.5930827
92.61,991358386.6722815
92.62999999999998,1021572880.2477381
92.64999999999999,989245136.5131675
92.66999999999999,991112924.4330919
92.68999999999998,1015588560.7412124
92.71,970529463.5037478
92.72999999999999,1010905409.1132697
92.74999999999999,976370511.7788537
92.77,1006017160.7127922
92.78999999999999,1013627460.4216398
92.80999999999999,953382478.984313
92.83,990031939.1221054
92.84999999999998,1001555336.0166961
92.86999999999999,977234774.4644469
92.89,937293281.497046
92.90999999999998,943984119.3976451
92.92999999999999,970641149.0589391
92.94999999999999,1009934582.1110448
92.96999999999998,982096265.8920404
92.99,982274556.9627917
93.00999999999999,964518892.2517183
93.02999999999999,926882477.6669166
93.05,969787402.2539605
93.07,1023846244.9852362
93.08999999999999,962687738.3959422
93.11,1013519725.9593519
93.12999999999998,1004922143.6772208
93.14999999999999,997439047.9502007
93.16999999999999,974726354.4469559
93.18999999999998,984258024.6478586
93.21,998240883.7729807
93.22999999999999,975673755.4605159
93.24999999999999,979925377.7203774
93.27,1011712378.9332944
93.28999999999999,1019794423.3737653
93.30999999999999,948236953.374874
93.33,943308371.232282
93.34999999999998,945884924.579263
93.36999999999999,979300388.8757272
93.38999999999999,952930302.7567316
93.40999999999998,1000807444.0274702
93.42999999999999,975528373.38655
93.44999999999999,972818391.1361681
93.46999999999998,958191545.8026935
93.49,1003026347.234121
93.50999999999999,948992102.0695969
93.52999999999999,974674659.0850718
93.55,988717624.0719478
93.57,1004152385.4564577
93.58999999999999,989480119.0356346
93.61,977633019.98948
93.62999999999998,982899776.6952958
93.64999999999999,995011155.2152182
93.66999999999999,990513025.9941323
93.68999999999998,992467617.1900581
93.71,991443330.533446
93.72999999999999,999839231.917725
93.74999999999999,956155878.2453234
93.77,949762899.0078936
93.78999999999999,938443303.469515
93.80999999999999,985135063.8314927
93.83,1000024880.0741981
93.84999999999998,999204629.1877118
93.86999999999999,974349590.681107
93.88999999999999,984133510.933877
93.90999999999998,944265416.2829134
93.92999999999999,957147349.8104013
93.94999999999999,957597528.8919418
93.96999999999998,939642624.1224126
93.99,994803707.0209737
94.00999999999999,972364322.407424
94.02999999999999,938822374.9419405
94.05,952667401.0063032
94.07,940639008.723094
94.08999999999999,990876559.7150788
94.11,972165139.9579282
94.12999999999998,979356341.1506307
94.14999999999999,1013441734.2024808
94.16999999999999,981906933.9608804
94.18999999999998,963580162.9105809
94.21,998211432.744656
94.22999999999999,1019330492.8233852
94.24999999999999,1000441707.6663611
94.27,1000488690.2914729
94.28999999999999,958534270.2027234
94.30999999999999,945335347.9519519
94.33,999937540.9988056
94.34999999999998,993365595.9771479
94.36999999999999,986149950.1803662
94.38999999999999,965420700.143673
94.40999999999998,956676273.6282972
94.42999999999999,982639079.1558535
94.44999999999999,1010450882.8694028
94.46999999999998,989862257.5603597
94.49,1006979852.5295689
94.50999999999999,979019454.9139475
94.52999999999999,964941819.8664516
94.55,995203826.7197804
94.57,985642516.5389298
94.58999999999999,936933891.614512
94.61,983409438.5861714
94.62999999999998,978083921.7230313
94.64999999999999,969213907.5071055
94.66999999999999,975423519.0250165
94.68999999999998,993375959.1081266
94.71,995193056.3832984
94.72999999999999,981989123.7649348
94.74999999999999,983980030.9993836
94.77,972710214.7728381
94.78999999999999,998483787.171959
94.80999999999999,987435482.7629173
94.83,1053787212.5699437
94.84999999999998,1024652117.4993325
94.86999999999999,1052317552.486924
94.88999999999999,1002116516.1723043
94.90999999999998,999375572.4203078
94.92999999999999,997359416.8458885
94.94999999999999,1026043126.9207553
94.96999999999998,1007178537.7579792
94.99,1012452182.2111166
95.00999999999999,968612311.2122152
95.02999999999999,970113444.1508576
95.05,979220688.1051674
95.06999999999998,1018345920.4922354
95.08999999999999,1033134114.226588
95.11,1028065744.1193798
95.12999999999998,1035984597.1184943
95.14999999999999,1052569533.0590749
95.16999999999999,1022484844.4048909
95.18999999999998,1054598001.6310009
95.21,1086859568.3285522
95.22999999999999,1027275902.8346065
95.24999999999999,1051552753.2308939
95.27,1055160236.4151783
95.28999999999999,1055607137.7967507
95.30999999999999,1072709296.3318911
95.33,1062036338.6715353
95.34999999999998,1089207763.3813522
95.36999999999999,1122513694.4556267
95.38999999999999,1147455402.9501421
95.40999999999998,1092436912.7335553
95.42999999999999,1107944661.4815376
95.44999999999999,1069946073.1631291
95.46999999999998,1077965978.2825704
95.49,1100049152.8012633
95.50999999999999,1104393965.528888
95.52999999999999,1155191838.3410249
95.55,1122449380.634127
95.56999999999998,1153578732.4483314
95.58999999999999,1111128892.8673766
95.61,1108139689.2798045
95.62999999999998,1120372978.8014193
95.64999999999999,1129229982.125455
95.66999999999999,1101824370.2473426
95.68999999999998,1115480572.61621
95.71,1109173623.4787948
95.72999999999999,1122168491.582841
95.74999999999999,1109333232.6371286
95.77,1073013983.0190128
95.78999999999999,1074026133.032239
95.80999999999999,1080980246.55869
95.83,1085114336.6055284
95.84999999999998,1121147264.559969
95.86999999999999,1077478027.8590252
95.88999999999999,1055523219.9642998
95.90999999999998,1054298737.0771675
95.92999999999999,1056882650.8178809
95.94999999999999,1021115323.9702486
95.96999999999998,1037299666.8735719
95.99,1032956991.4105182
96.00999999999999,1046132654.4389942
96.02999999999999,1056367113.3780986
96.05,1006357695.6103867
96.06999999999998,986140832.4517082
96.08999999999999,1020662667.2202996
96.11,1028938750.7474264
96.12999999999998,997101364.3159145
96.14999999999999,979619412.4967543
96.16999999999999,1020807058.1424545
96.18999999999998,988288570.803315
96.21,978907036.0452714
96.22999999999999,1017882165.1102158
96.24999999999999,1014957278.9380543
96.27,1017745738.206292
96.28999999999999,1002979447.5068021
96.30999999999999,1004380210.251847
96.33,998866835.899195
96.34999999999998,1009173067.1400601
96.36999999999999,1011919961.6670235
96.38999999999999,953589267.2887421
96.40999999999998,1013211251.0917382
96.42999999999999,1023872380.7385442
96.44999999999999,1021558945.0460278
96.46999999999998,985279979.4204521
96.49,931567488.6607673
96.50999999999999,991176248.7422577
96.52999999999999,970096755.451046
96.55,965041051.9497819
96.56999999999998,925948739.999206
96.58999999999999,947474265.2769734
96.61,970602658.373241
96.62999999999998,975321642.9238207
96.64999999999999,985564016.6934457
96.66999999999999,1008544010.8840308
96.68999999999998,1001880861.7667929
96.71,1001933771.207437
96.72999999999999,985432804.319704
96.74999999999999,947528381.6861756
96.77,928137484.8057868
96.78999999999999,979301437.4538293
96.80999999999999,991042287.7913574
96.83,983250230.5247514
96.84999999999998,977763560.9343129
96.86999999999999,1008068747.7876683
96.88999999999999,949997588.2033111
96.90999999999998,979580684.1708841
96.92999999999999,960288743.9246738
96.94999999999999,945843679.4521836
96.96999999999998,950455243.9012147
96.99,929485595.2892685
97.00999999999999,957578919.9450163
97.02999999999999,976151051.1825467
97.05,963767036.222966
97.06999999999998,977850738.0736434
97.08999999999999,964669653.6337636
97.11,992929034.3012946
97.12999999999998,1037170757.7933036
97.14999999999999,973197476.2078893
97.16999999999999,961123273.8838639
97.18999999999998,956416043.4903344
97.21,1010444364.209511
97.22999999999999,996744293.8001204
97.24999999999999,1006877346.7963991
97.27,958431535.2428837
97.28999999999999,982913277.374226
97.30999999999999,932718330.2431293
97.33,998351816.0156829
97.34999999999998,1008951506.3533003
97.36999999999999,972960831.5759354
97.38999999999999,971320875.8508837
97.40999999999998,940512424.7378211
97.42999999999999,991910310.3756118
97.44999999999999,1029289026.1491841
97.46999999999998,997661422.392114
97.49,978924992.315796
97.50999999999999,964552260.4030594
97.52999999999999,983521815.4450799
97.55,960680976.7873623
97.56999999999998,1035394022.0363638
97.58999999999999,992175509.0144236
97.61,950972599.1150343
97.62999999999998,974149995.9680713
97.64999999999999,978806362.8561999
97.66999999999999,1037028043.6169269
97.68999999999998,1002016828.709459
97.71,1008449062.1297171
97.72999999999999,1015659523.217265
97.74999999999999,1035165679.6253308
97.77,982677292.5272932
97.78999999999999,1016256080.860281
97.80999999999999,1038493344.72148
97.83,953826879.5758077
97.84999999999998,995731363.6578999
97.86999999999999,976349629.348772
97.88999999999999,1025711621.3891712
97.90999999999998,1054351446.8888235
97.92999999999999,1021471904.8740582
97.94999999999999,992686146.5213784
97.96999999999998,998812062.9105725
97.99,1065667106.339726
98.00999999999999,1093042467.6446588
98.02999999999999,1065774584.5138053
98.05,1024885681.0422554
98.06999999999998,1070264555.468779
98.08999999999999,1014237361.7234355
98.11,1097647810.3194423
98.12999999999998,1136687683.7565172
98.14999999999999,1090186304.4698637
98.16999999999999,1111153128.2447045
98.18999999999998,1160597487.8196704
98.21,1122137161.699032
98.22999999999999,1129816690.7803614
98.24999999999999,1134322345.0387945
98.27,1184784650.6274338
98.28999999999999,1206263521.8124752
98.30999999999999,1266875372.873103
98.33,1278208877.959575
98.34999999999998,1265917755.123451
98.36999999999999,1280818439.246285
98.38999999999999,1318959903.3192284
98.40999999999998,1397478858.0773554
98.42999999999999,1405531852.8889759
98.44999999999999,1462415658.4107337
98.46999999999998,1572967493.3509262
98.49,1666464822.1508808
98.50999999999999,1714041175.3585289
98.52999999999999,1738639420.2032707
98.55,1802859775.493085
98.56999999999998,1877538310.4014866
98.58999999999999,1916697587.7352018
98.61,2115825518.577933
98.62999999999998,2229846075.7216954
98.64999999999999,2300022692.6944766
98.66999999999999,2382538934.412644
98.68999999999998,2570005073.7546415
98.71,2656298130.225345
98.72999999999999,2733179601.560127
98.74999999999999,2868711091.678897
98.77,3017568907.47242
98.78999999999999,3081186543.658651
98.80999999999999,3134295067.3810687
98.83,3218184538.612475
98.84999999999998,3240927713.4129276
98.86999999999999,3271162082.6354237
98.88999999999999,3325572782.4861417
98.90999999999998,3264790398.3510013
98.92999999999999,3249059740.953079
98.94999999999999,3267912452.292047
98.96999999999998,3210274658.8640833
98.99,3196245018.4315767
99.00999999999999,3120897908.383186
99.02999999999999,3079408594.4432883
99.05,2955101026.0105352
99.06999999999998,2891573479.7047024
99.08999999999999,2900779179.4295793
99.11,2799429728.45519
99.12999999999998,2710200876.513459
99.14999999999999,2698981285.738612
99.16999999999999,2721070491.1955967
99.18999999999998,2642585436.2527423
99.21,2484572851.0795255
99.22999999999999,2414150345.6102123
99.24999999999999,2302048523.1743045
99.27,2201703595.3933206
99.28999999999999,2217553578.971774
99.30999999999999,2137191011.3977516
99.33,1988202318.0801134
99.34999999999998,1998162850.6709783
99.36999999999999,1829439913.4322264
99.38999999999999,1737552112.6969995
99.40999999999998,1739011377.6029673
99.42999999999999,1680024760.0829527
99.44999999999999,1589582186.9017417
99.46999999999998,1532417676.067074
99.49,1465257813.435667
99.50999999999999,1490041201.5388713
99.52999999999999,1382585990.834792
99.55,1346129085.8242462
99.56999999999998,1352480491.8962467
99.58999999999999,1306407853.8644726
99.61,1266433232.2007008
99.62999999999998,1169780520.172932
99.64999999999999,1167592263.0492258
99.66999999999999,1175817549.7167435
99.68999999999998,1121733396.3035743
99.71,1151497657.5914211
99.72999999999999,1110831928.3757
99.74999999999999,1133339658.2690606
99.77,1046634162.9938515
99.78999999999999,1106646240.9411
99.80999999999999,1056922533.9351717
99.83,1036714280.4563246
99.84999999999998,1052038872.967292
99.86999999999999,1047123033.1516672
99.88999999999999,1052970992.4151869
99.90999999999998,1028885165.3575662
99.92999999999999,1008834861.6405798
99.94999999999999,1022933268.4531164
99.96999999999998,1043725431.9396793
99.99,992122742.5689415
100.00999999999999,970188673.3430234
100.02999999999999,1036660586.1347187
100.05,984186364.7400429
100.06999999999998,959793783.4336889
100.08999999999999,979827719.0245304
100.11,1029127512.7168182
100.12999999999998,993271224.1490725
100.14999999999999,1003047709.350745
100.16999999999999,962245111.8472061
100.18999999999998,997922271.8371215
100.21,978445540.5585773
100.22999999999999,959800216.3224856
100.24999999999999,988559706.2940917
100.27,951676467.1150984
100.28999999999999,971944618.7611576
100.30999999999999,915771961.8281786
100.33,934757540.4994289
100.34999999999998,963226899.956099
100.36999999999999,947086826.6872406
100.38999999999999,929027367.0130125
100.40999999999998,910600187.3785112
100.42999999999999,936310525.7854388
100.44999999999999,976108250.3631195
100.46999999999998,1006839839.2822675
100.49,921260811.8280225
100.50999999999999,942485282.3548367
100.52999999999999,964105144.9863074
100.55,942055584.4723175
100.56999999999998,958318784.713348
100.58999999999999,946421998.8214378
100.60999999999999,933738152.2647101
100.62999999999998,929663441.4325051
100.64999999999999,945439131.4998022
100.66999999999999,928432096.3544339
100.68999999999998,898023288.805028
100.71,888830233.1774915
100.72999999999999,866374403.8934733
100.74999999999999,879173461.6385322
100.77,926257498.5086176
100.78999999999999,932983833.3602773
100.80999999999999,946363493.3164557
100.83,954533029.2098447
100.84999999999998,940802563.089724
100.86999999999999,929703661.9559928
100.88999999999999,941691473.5044785
100.90999999999998,907902812.3206238
100.92999999999999,895029494.2910658
100.94999999999999,920379654.7978201
100.96999999999998,944671359.8014364
100.99,935451185.5157369
101.00999999999999,925308938.8128022
101.02999999999999,912911204.7843246
101.05,942420371.0186411
101.06999999999998,889954715.7212301
101.08999999999999,934289662.2906487
101.10999999999999,963319600.5986433
101.12999999999998,933545614.4268993
101.14999999999999,916603364.754175
101.16999999999999,878305870.2554204
101.18999999999998,925261223.1337761
101.21,914830753.6405364
101.22999999999999,958765107.3784375
101.24999999999999,966033454.1907458
101.27,953834519.0800254
101.28999999999999,951433963.9360049
101.30999999999999,916098790.1619295
101.33,877744860.5926051
101.34999999999998,943245142.2455375
101.36999999999999,899714900.7892331
101.38999999999999,936571099.8280207
101.40999999999998,941436756.3654664
101.42999999999999,876107261.6679755
101.44999999999999,923405554.9005334
101.46999999999998,887473249.3093461
101.49,952886697.6009536
101.50999999999999,954187457.6935312
101.52999999999999,921828573.7052544
101.55,947338135.6857495
101.56999999999998,939743591.1609782
101.58999999999999,927809263.9477031
101.60999999999999,952870746.4496934
101.62999999999998,900996084.0080355
101.64999999999999,925797218.4350458
101.66999999999999,906156304.1188891
101.68999999999998,943312837.7076018
101.71,934907454.6691289
101.72999999999999,936298607.665094
101.74999999999999,923766637.7114785
101.77,893778435.2992154
101.78999999999999,926702301.2252158
101.80999999999999,932142388.6169784
101.83,929300157.7181484
101.84999999999998,906850415.1084092
101.86999999999999,885882143.6838956
101.88999999999999,855609006.6410038
101.90999999999998,890091626.3288236
101.92999999999999,846251381.5427126
101.94999999999999,934738949.874606
101.96999999999998,910018761.2687505
101.99,907246973.1834912
102.00999999999999,913261601.846448
102.02999999999999,938130706.1700546
102.05,931736416.0967072
102.06999999999998,903094701.4699163
102.08999999999999,935141566.1988039
102.10999999999999,920946413.6369427
102.12999999999998,871115959.7746019
102.14999999999999,872256206.9227407
102.16999999999999,895322069.8879187
102.18999999999998,878545805.4321966
102.21,956743154.7095044
102.22999999999999,928579923.999731
102.24999999999999,903351888.8155499
102.27,876869672.2725112
102.28999999999999,873079495.4278873
102.30999999999999,875805614.3511701
102.33,845917916.5164964
102.34999999999998,866333162.2739189
102.36999999999999,901906925.1446704
102.38999999999999,906466953.4918239
102.40999999999998,960528432.8952247
102.42999999999999,897455971.6428463
102.44999999999999,899627934.4807782
102.46999999999998,938177894.7961463
102.49,892822448.9066682
102.50999999999999,887426225.5192251
102.52999999999999,896536582.3222822
102.55,886203812.0527722
102.56999999999998,880881250.9642738
102.58999999999999,874101007.712398
102.60999999999999,893313061.3145748
102.62999999999998,910841662.5439295
102.64999999999999,884961866.6493864
102.66999999999999,910478272.9422055
102.68999999999998,933295133.8524674
102.71,908838916.3270158
102.72999999999999,921496759.8084236
102.74999999999999,906169484.2003499
102.77,907510676.160215
102.78999999999998,915981116.8695378
102.80999999999999,887674859.634671
102.83,912592193.1598685
102.84999999999998,924098210.6027502
102.86999999999999,930191536.9086852
102.88999999999999,920861441.2126403
102.90999999999998,888945062.1988083
102.92999999999999,879566721.2573514
102.94999999999999,887743149.0896547
102.96999999999998,942264664.7232637
102.99,916451347.5311614
103.00999999999999,947583282.0083053
103.02999999999999,913661782.0594927
103.05,869552287.0879167
103.06999999999998,882426196.950316
103.08999999999999,906420018.9389898
103.10999999999999,881592495.5832084
103.12999999999998,874384203.4929621
103.14999999999999,863404010.6758561
103.16999999999999,861259485.7174622
103.18999999999998,886619753.0343779
103.21,868761562.9372935
103.22999999999999,905243308.828251
103.24999999999999,877803564.483204
103.27,893277282.4903556
103.28999999999998,879451938.192444
103.30999999999999,899700693.4969941
103.33,914966202.1792507
103.34999999999998,899384275.2780428
103.36999999999999,873739935.8246049
103.38999999999999,848337395.1436223
103.40999999999998,907990369.1818061
103.42999999999999,933950350.2044531
103.44999999999999,908185494.1612492
103.46999999999998,887934547.6690582
103.49,925135079.29656
103.50999999999999,922968895.4213319
103.52999999999999,861441616.1127506
103.55,921445471.0991682
103.56999999999998,868897729.7150061
103.58999999999999,842578141.8201584
103.60999999999999,870218477.0516684
103.62999999999998,866463529.4583229
103.64999999999999,905326301.9865204
103.66999999999999,935547806.3801465
103.68999999999998,914366102.4358866
103.71,872351523.4547374
103.72999999999999,848949508.6405874
103.74999999999999,867934209.5828147
103.77,912697886.1470866
103.78999999999998,921054729.5879316
103.80999999999999,871751471.4945459
103.83,901010895.6453116
103.84999999999998,899256869.7970902
103.86999999999999,914782958.3380665
103.88999999999999,875785371.4426973
103.90999999999998,858396333.9000794
103.92999999999999,905100991.0828428
103.94999999999999,905813000.07842
103.96999999999998,881153728.0713449
103.99,891770843.6930896
104.00999999999999,881807679.6438468
104.02999999999999,914779656.7027532
104.05,898140194.2835406
104.06999999999998,853245349.4443314
104.08999999999999,821734703.0868026
104.11,888260133.8914955
104.12999999999998,929311599.3733155
104.14999999999999,884469860.8921821
104.17,880510195.3641002
104.18999999999998,882387172.1805854
104.21,885590621.1010333
104.22999999999998,893982851.9736241
104.24999999999999,886215805.2900479
104.27,883971795.4930464
104.28999999999998,889945818.8905991
104.30999999999999,902140120.2047839
104.33,877594699.004381
104.34999999999998,895650113.1462811
104.36999999999999,824233269.2792585
104.39,871869844.9105204
104.40999999999998,892786471.9490987
104.42999999999999,872567020.3896264
104.44999999999997,853722678.6015863
104.46999999999998,885873038.8499252
104.49,859297121.9431056
104.50999999999998,866048975.800164
104.52999999999999,852179590.2054282
104.55,874509405.9721968
104.56999999999998,862518791.1115425
104.58999999999999,864846757.2957568
104.61,873243372.1446375
104.62999999999998,863490158.7507889
104.64999999999999,869403582.7677583
104.67,885471605.3427655
104.68999999999998,851916892.8312329
104.71,835256785.320232
104.72999999999998,898849612.1974915
104.74999999999999,901953845.2312802
104.77,862519611.2518736
104.78999999999998,815065329.1019635
104.80999999999999,873953650.2286788
104.83,856257465.3038491
104.84999999999998,883211103.4545144
104.86999999999999,896973721.660678
104.89,890900379.2582142
104.90999999999998,859823271.5666206
104.92999999999999,866928267.9967844
104.94999999999997,818304211.3950436
104.96999999999998,869068142.3597999
104.99,902362276.7887071
105.00999999999998,887103542.9975904
105.02999999999999,917017387.5958202
105.05,901587485.8184041
105.06999999999998,880215018.1909232
105.08999999999999,858311934.1234295
105.11,904963815.9821961
105.12999999999998,868764552.7154572
105.14999999999999,889357217.1814749
105.17,889040913.8798796
105.18999999999998,899295158.6587131
105.21,843860371.3265142
105.22999999999998,858064440.8011518
105.24999999999999,897785766.4799862
105.27,892842273.7191576
105.28999999999998,895066584.0978765
105.30999999999999,885474164.7244719
105.33,836370771.7015803
105.34999999999998,848241066.971464
105.36999999999999,869999186.7152311
105.39,889740595.2213959
105.40999999999998,845982616.7726604
105.42999999999999,902179862.7795293
105.44999999999997,874394496.5873103
105.46999999999998,884196735.0563596
105.49,849715781.064334
105.50999999999998,817907782.1104435
105.52999999999999,867299465.6708771
105.55,870471438.1995288
105.56999999999998,846171329.8475152
105.58999999999999,858783424.8504703
105.61,857966945.1828862
105.62999999999998,917596528.5623019
105.64999999999999,879275704.3106643
105.67,871153682.0192108
105.68999999999998,884615713.726402
105.71,879194382.2069091
105.72999999999998,823262336.9025303
105.74999999999999,848180067.1206386
105.77,864693424.1909407
105.78999999999998,898244544.0666047
105.80999999999999,848075617.7443317
105.83,860067669.60512
105.84999999999998,851739338.3100191
105.86999999999999,889817461.894404
105.89,847920933.1479925
105.90999999999998,862137801.116215
105.92999999999999,900509064.4571939
105.94999999999997,855351948.1625023
105.96999999999998,838807476.2017657
105.99,889501474.739148
106.00999999999998,892326511.2336432
106.02999999999999,878346047.2529069
106.05,892092419.2361982
106.06999999999998,862407268.462457
106.08999999999999,859953440.2724503
106.11,834369351.6099533
106.12999999999998,861579473.4009689
106.14999999999999,851611247.3710766
106.17,831808653.3958441
106.18999999999998,853732928.7171615
106.21,836325817.8834637
106.22999999999998,859846840.0036254
106.24999999999999,909226044.2834016
106.27,863027426.561723
106.28999999999998,893797284.2868165
106.30999999999999,866221022.7325163
106.33,909404094.4932334
106.34999999999998,879519248.6257747
106.36999999999999,888369494.0785698
106.39,873041624.5049833
106.40999999999998,892053984.3597473
106.42999999999999,860846562.4451916
106.44999999999997,886522441.4753067
106.46999999999998,874470411.875289
106.49,845119562.0472549
106.50999999999998,845317047.9038537
106.52999999999999,835717472.0950034
106.55,918020083.313308
106.56999999999998,871862141.9426006
106.58999999999999,859677124.3708425
106.61,847171215.3986207
106.62999999999998,847691423.437544
106.64999999999999,895119668.417826
106.67,890075078.0997398
106.68999999999998,822198057.3945563
106.71,845853448.3197702
106.72999999999998,839580157.0808963
106.74999999999999,839854245.690192
106.77,852365768.6836046
106.78999999999998,847025687.6092279
106.80999999999999,873851537.9459976
106.83,857778219.819208
106.84999999999998,869673947.4382342
106.86999999999999,886833558.0424255
106.89,899923047.3307737
106.90999999999998,846100790.32698
106.92999999999999,813882229.8977572
106.94999999999997,840551595.075557
106.96999999999998,816538797.0357379
106.99,835613094.606389
107.00999999999998,827708223.0285585
107.02999999999999,856893141.3810674
107.05,857176265.6393446
107.06999999999998,868281103.3838669
107.08999999999999,877811513.54745
107.11,889181581.6785527
107.12999999999998,861149111.7497082
107.14999999999999,854346419.275733
107.17,899243034.6746726
107.18999999999998,904013354.3123851
107.21,846548248.6668463
107.22999999999998,856910200.6800013
107.24999999999999,838932872.6710514
107.27,846379351.4972816
107.28999999999998,848275649.9725292
107.30999999999999,826149508.5548905
107.33,812787768.5785673
107.34999999999998,837877838.0510746
107.36999999999999,843870307.0834235
107.39,868346874.1029981
107.40999999999998,860451506.1423889
107.42999999999999,860749632.351777
107.44999999999997,886678232.5984111
107.46999999999998,875871083.655477
107.49,837569845.1888845
107.50999999999998,837676226.0798812
107.52999999999999,850211378.5231264
107.55,887079198.2805824
107.56999999999998,905025676.7677574
107.58999999999999,826346353.6684644
107.61,802803129.5829114
107.62999999999998,812830503.621788
107.64999999999999,812951619.2375165
107.67,835546841.6779323
107.68999999999998,895062438.4111261
107.71,875646297.0775262
107.72999999999998,863625939.9914106
107.74999999999999,849171184.3582779
107.77,860169576.5482696
107.78999999999998,859318346.687959
107.80999999999999,853030846.8989561
107.83,857359660.9791651
107.84999999999998,885454188.3977388
107.86999999999999,881285707.3448724
107.89,866946866.0230242
107.90999999999998,857519513.5580789
107.92999999999999,851643968.4390103
107.94999999999997,818413056.7548001
107.96999999999998,895552014.5083183
107.99,862958569.8619888
108.00999999999998,818345241.0690432
108.02999999999999,792107883.8855641
108.05,857495190.4482645
108.06999999999998,882936474.4013112
108.08999999999999,845379990.8379595
108.11,823643285.5830277
108.12999999999998,852031211.8625817
108.14999999999999,869990667.6336529
108.17,835813757.2418184
108.18999999999998,885948516.9715322
108.21,878950514.740296
108.22999999999998,831280925.4468657
108.24999999999999,797317411.9095293
108.27,880742070.9491208
108.28999999999998,882930774.7983646
108.30999999999999,905909308.3672293
108.33,841267685.1595724
108.34999999999998,874143309.3120769
108.36999999999999,899923890.9534026
108.39,856284948.1205779
108.40999999999998,814649740.2931625
108.42999999999999,789425691.212505
108.44999999999997,869625026.0749497
108.46999999999998,808956740.0682626
108.49,853943574.1647276
108.50999999999998,859870841.9965044
108.52999999999999,850368952.4810097
108.55,869748864.1798877
108.56999999999998,853926415.8274657
108.58999999999999,842550597.431765
108.61,837625861.2968259
108.62999999999998,849671325.0935664
108.64999999999999,830236137.7150934
108.67,848409331.2417073
108.68999999999998,802723849.742878
108.71,834936303.9969057
108.72999999999998,860173955.2415881
108.74999999999999,831703101.3828757
108.77,820755239.3075802
108.78999999999998,825045892.149392
108.80999999999999,825717281.3300381
108.83,812821226.9301121
108.84999999999998,845137573.3474026
108.86999999999999,831883610.1116604
108.89,826136835.4071308
108.90999999999998,790893915.3317345
108.92999999999999,849619626.9748381
108.94999999999997,847342057.0824727
108.96999999999998,896556471.9516233
108.99,822311958.5983527
109.00999999999998,849011887.0823866
109.02999999999999,834700005.765781
109.05,840723330.8024409
109.06999999999998,867788737.0916883
109.08999999999999,839950107.1155106
109.11,820412098.7906663
109.12999999999998,874725723.642
109.14999999999999,852490997.1476036
109.16999999999997,866630959.9925323
109.18999999999998,850601296.5274867
109.21,835848274.8195051
109.22999999999998,849536706.1855699
109.24999999999999,915977973.968007
109.27,828429057.617778
109.28999999999998,817761438.7445004
109.30999999999999,822376926.7523255
109.33,802504797.7516665
109.34999999999998,812838357.4138048
109.36999999999999,848387137.396553
109.39,830393527.6762946
109.40999999999998,839348598.8149896
109.42999999999999,829157661.5680968
109.44999999999997,828263472.13253
109.46999999999998,838245736.9070197
109.49,812528741.0911534
109.50999999999998,843549964.0932709
109.52999999999999,837828781.1155539
109.55,802212190.8329152
109.56999999999998,862212708.1268836
109.58999999999999,858859766.6571378
109.61,849691181.4673077
109.62999999999998,813800163.115396
109.64999999999999,806947345.0179312
109.66999999999997,816624816.504775
109.68999999999998,816387304.7268755
109.71,834428814.2777905
109.72999999999998,868372431.3502592
109.74999999999999,841358281.6514108
109.77,856462590.2951112
109.78999999999998,874394284.8901399
109.80999999999999,845078147.1111363
109.83,802610825.3333248
109.84999999999998,831483340.8134664
109.86999999999999,833540260.3551507
109.89,845415143.2037753
109.90999999999998,866528371.3525612
109.92999999999999,824775498.198468
109.94999999999997,862626229.0233738
109.96999999999998,798930378.6792719
109.99,850493361.2540141
110.00999999999998,810088308.2677532
110.02999999999999,847491115.4388951
110.05,829157099.5001892
110.06999999999998,812974393.2358702
110.08999999999999,830063363.1195639
110.11,820256876.9779272
110.12999999999998,833994892.9813111
110.14999999999999,845684548.0943563
110.16999999999997,864253965.4287585
110.18999999999998,802128444.8087486
110.21,789100375.8137499
110.22999999999998,831215620.0744658
110.24999999999999,864192085.5133895
110.27,839691693.148956
110.28999999999998,843284421.0531567
110.30999999999999,856711874.1519662
110.33,829452501.3356546
110.34999999999998,872777334.4823517
110.36999999999999,890083888.1840191
110.39,891020651.3750005
110.40999999999998,882286396.6267227
110.42999999999999,851284899.9190191
110.44999999999997,839846827.0775273
110.46999999999998,838323223.9319805
110.49,846014264.2417892
110.50999999999998,796139649.2779516
110.52999999999999,830946340.6969044
110.55,822231810.5605874
110.56999999999998,803052731.5711539
110.58999999999999,805308803.7504894
110.61,864927294.6654098
110.62999999999998,876418296.7219793
110.64999999999999,873358808.5886621
110.66999999999997,853363676.2800231
110.68999999999998,830003097.3880215
110.71,873003612.0633584
110.72999999999998,819851198.8862996
110.74999999999999,793869345.8318466
110.77,858038659.4111012
110.78999999999998,846700805.9816276
110.80999999999999,848202727.1436074
110.83,845026451.3756872
110.84999999999998,826330229.3250344
110.86999999999999,835494550.2209383
110.89,844432493.5639303
110.90999999999998,843407675.6177827
110.92999999999999,876406772.4818095
110.94999999999997,890368309.3922846
110.96999999999998,867936790.6242067
110.99,882705266.309886
111.00999999999998,836742935.7092959
111.02999999999999,817413702.755987
111.05,792544843.0211275
111.06999999999998,791461887.6446135
111.08999999999999,814051169.2525018
111.11,824632111.8555586
111.12999999999998,826436675.2374959
111.14999999999999,812352947.2315403
111.16999999999997,816428389.2821034
111.18999999999998,823661389.3592426
111.21,865028066.8272648
111.22999999999998,842550300.6226339
111.24999999999999,805781870.6724213
111.27,843865829.1564932
111.28999999999998,874018524.8962299
111.30999999999999,815427244.8955494
111.33,827074527.8629744
111.34999999999998,818062942.3859239
111.36999999999999,802349722.9933949
111.39,814659025.3337002
111.40999999999998,859768227.3815151
111.42999999999999,830652793.1841025
111.44999999999997,845248612.188587
111.46999999999998,842188287.5777571
111.49,837040265.1197624
111.50999999999998,832243715.2904644
111.52999999999999,808384636.9915481
111.55,795227040.0561918
111.56999999999998,834377494.1390426
111.58999999999999,810534468.9404527
111.61,807975957.5693629
111.62999999999998,813473691.3944305
111.64999999999999,860290175.0934772
111.66999999999997,804748038.6249536
111.68999999999998,858146813.845273
111.71,854050908.3319467
111.72999999999998,824990903.6848724
111.74999999999999,833563071.3374472
111.77,800274978.352255
111.78999999999998,838099132.8516526
111.80999999999999,831515085.5203178
111.83,859586343.5358571
111.84999999999998,809763492.0949736
111.86999999999999,807108775.8985318
111.89,828439504.6019045
111.90999999999998,811464483.0928848
111.92999999999999,822800992.0463439
111.94999999999997,822439425.875231
111.96999999999998,847457571.5537232
111.99,802528393.0250276
112.00999999999998,810401101.2940984
112.02999999999999,832019420.3133659
112.05,850096884.1420698
112.06999999999998,849348575.7079921
112.08999999999999,823933806.8110263
112.11,836282672.7536756
112.12999999999998,814658107.8282858
112.14999999999999,811875819.971748
112.16999999999997,850237522.3553362
112.18999999999998,859528016.5275048
112.21,848034596.3706648
112.22999999999998,843907907.4425416
112.24999999999999,861029798.2640811
112.27,870041817.436172
112.28999999999998,875678059.0345029
112.30999999999999,851957185.5087191
112.33,801514127.9404564
112.34999999999998,788065558.2733939
112.36999999999999,845378368.4165308
112.39,842917228.559728
112.40999999999998,818506504.4466525
112.42999999999999,793221393.8794616
112.44999999999997,814289571.2445571
112.46999999999998,834895881.1402557
112.49,853226705.2080194
112.50999999999998,827665807.7047986
112.52999999999999,848643985.7614303
112.55,850602050.5922469
112.56999999999998,822937148.1012098
112.58999999999999,800466476.1665139
112.61,831639029.9323493
112.62999999999998,821264315.9532692
112.64999999999999,821240046.5465543
112.66999999999997,797881562.4123528
112.68999999999998,799520067.6087338
112.71,799285561.3963484
112.72999999999998,790587068.9212903
112.74999999999999,807986969.4480629
112.77,822302781.7347587
112.78999999999998,853926290.4305043
112.80999999999999,791721854.8725458
112.83,789086221.7415777
112.84999999999998,854209450.9380509
112.86999999999999,822820857.4533045
112.89,845547615.3526883
112.90999999999998,823220905.210332
112.92999999999999,827509157.0286156
112.94999999999997,840770539.2021022
112.96999999999998,828740421.7815976
112.99,820432790.5030454
113.00999999999998,829903862.578136
113.02999999999999,860442086.300988
113.05,826938140.1398679
113.06999999999998,813730730.3192565
113.08999999999999,792551019.3907442
113.11,814623373.6222067
113.12999999999998,823765783.6516635
113.14999999999999,796304907.8761417
113.16999999999997,831770587.6883502
113.18999999999998,842911034.2779486
113.21,854656012.7198124
113.22999999999998,829768714.1745572
113.24999999999999,811318952.9577947
113.27,857862776.6451684
113.28999999999998,787127841.0099709
113.30999999999999,837866533.61828
113.33,819326563.8892682
113.34999999999998,836972472.0507557
113.36999999999999,823528754.6807909
113.39,799644706.0357275
113.40999999999998,813218460.6132762
113.42999999999999,818522079.8186948
113.44999999999997,819573925.4448941
113.46999999999998,856493499.6468638
113.49,839343027.0304929
113.50999999999998,837316102.3199455
113.52999999999999,809553220.2041551
113.55,835318078.0678236
113.56999999999998,775980087.2260829
113.58999999999999,832888831.8629357
113.61,886686592.1440206
113.62999999999998,869856447.5754796
113.64999999999999,843119331.5929092
113.66999999999997,821491551.0702562
113.68999999999998,802385831.3321326
113.71,813591044.8687598
113.72999999999998,802334813.3044568
113.74999999999999,800744554.5147295
113.77,819242774.9851884
113.78999999999998,811425641.1919327
113.80999999999999,829690166.8806908
113.83,809799754.2416295
113.84999999999998,823123900.1271299
113.86999999999999,864815555.8337573
113.89,837806206.3722454
113.90999999999998,857742914.6452543
113.92999999999999,852308991.0752109
113.94999999999997,873300641.0083003
113.96999999999998,832276810.1874515
113.99,826326727.2638061
114.00999999999998,862000381.5869389
114.02999999999999,848942585.7193173
114.05,879019644.1959606
114.06999999999998,866377600.5972884
114.08999999999999,822650556.9740721
114.11,887857514.5090177
114.12999999999998,857208438.3854991
114.14999999999999,815708798.334292
114.16999999999997,818142553.8732171
114.18999999999998,818354340.3899103
114.21,838718056.3045212
114.22999999999998,889230168.2300258
114.24999999999999,852158972.6782093
114.27,804553702.8232169
114.28999999999998,833138717.2828401
114.30999999999999,866147313.3857906
114.33,817062114.2124376
114.34999999999998,824033482.6384387
114.36999999999999,839325919.6725322
114.39,840456831.2668282
114.40999999999998,812067959.2800728
114.42999999999999,845730748.7755514
114.44999999999997,832662942.4656311
114.46999999999998,862059313.8118721
114.49,833170876.6792505
114.50999999999998,816506815.6321726
114.52999999999999,847588299.665297
114.55,824943460.8458672
114.56999999999998,830709947.5832994
114.58999999999999,876930447.183114
114.61,854291507.1681035
114.62999999999998,865923756.4085138
114.64999999999999,870777845.3813794
114.66999999999997,893563272.9656191
114.68999999999998,850323475.1762277
114.71,864870902.191273
114.72999999999998,911332475.3669153
114.74999999999999,848403707.0053289
114.77,853680080.041933
114.78999999999998,882146434.6092354
114.80999999999999,879502387.5871725
114.83,850670029.6234245
114.84999999999998,865974295.6526512
114.86999999999999,892562591.1563711
114.89,929462211.2776943
114.90999999999998,907086252.3062934
114.92999999999999,876152424.4525192
114.94999999999997,930581465.1392094
114.96999999999998,910159471.8971678
114.99,927785564.316924
115.00999999999998,898118998.9701687
115.02999999999999,859486166.6173774
115.05,897291469.3140786
115.06999999999998,904215936.4295192
115.08999999999999,942961060.9482213
115.11,916327434.5575392
115.12999999999998,931004450.6205943
115.14999999999999,935247037.1135845
115.16999999999997,917437422.3846282
115.18999999999998,915776962.6948862
115.21,1017769290.2392764
115.22999999999998,979188366.4504521
115.24999999999999,941795793.1442674
115.27,978568784.6488804
115.28999999999998,990441541.9326972
115.30999999999999,1014667367.537334
115.33,1073565502.530316
115.34999999999998,1062896206.6458327
115.36999999999999,1042174700.0402832
115.39,1041065544.5189596
115.40999999999998,1051583897.3620738
115.42999999999999,1077046455.26022
115.44999999999997,1093662166.3734293
115.46999999999998,1149636066.7056901
115.49,1124679324.8782144
115.50999999999998,1084174186.3279788
115.52999999999999,1179124090.260883
115.55,1237487664.3632677
115.56999999999998,1201464789.917984
115.58999999999999,1192895990.6584694
115.61,1283168422.6854646
115.62999999999998,1325482519.9221745
115.64999999999999,1360081819.4080687
115.66999999999997,1334743328.4615574
115.68999999999998,1356673083.1332374
115.71,1404359777.7226353
115.72999999999998,1448606321.1523206
115.74999999999999,1433975021.4991047
115.77,1515326968.313555
115.78999999999998,1591975129.2820818
115.80999999999999,1568931510.5022323
115.83,1583211656.6839917
115.84999999999998,1669640910.2878602
115.86999999999999,1669911573.6749997
115.89,1694373564.0815217
115.90999999999998,1763465075.4356062
115.92999999999999,1821161029.2040677
115.94999999999997,1870644471.1873794
115.96999999999998,1888862019.0032654
115.99,1890543031.8688276
116.00999999999998,2068052733.9520469
116.02999999999999,2115299816.2170222
116.05,2050531392.7391286
116.06999999999998,2093566799.2046297
116.08999999999999,2177435250.7179937
116.11,2085095275.3958323
116.12999999999998,2193991397.092564
116.14999999999999,2265176373.938925
116.16999999999997,2298853127.394101
116.18999999999998,2312460636.0097966
116.21,2307752506.7219687
116.22999999999998,2330674027.8175926
116.24999999999999,2338173733.161469
116.27,2408011783.573947
116.28999999999998,2344902476.1492596
116.30999999999999,2344504311.4467797
116.33,2355288594.445256
116.34999999999998,2311757759.0551176
116.36999999999999,2374820348.029412
116.38999999999997,2278601237.212313
116.40999999999998,2314431774.688853
116.42999999999999,2267804957.320755
116.44999999999997,2302771214.357872
116.46999999999998,2298716530.181536
116.49,2311372760.9755597
116.50999999999998,2234463127.2652755
116.52999999999999,2187019729.8815637
116.55,2179774811.974637
116.56999999999998,2157825051.5273747
116.58999999999999,2165810572.365447
116.61,2222085274.408309
116.62999999999998,2172573155.627881
116.64999999999999,2149352997.789608
116.66999999999997,2011029458.380247
116.68999999999998,2075087029.176308
116.71,1987811352.7003872
116.72999999999998,1938855282.2652752
116.74999999999999,2000925330.925907
116.77,1928299977.1754484
116.78999999999998,1873299790.5779097
116.80999999999999,1869008682.4909685
116.83,1815795861.52895
116.84999999999998,1739150946.415787
116.86999999999999,1837879315.9680119
116.88999999999997,1797507512.833937
116.90999999999998,1673219332.3287244
116.92999999999999,1671072729.2043705
116.94999999999997,1550431372.158769
116.96999999999998,1552855633.9667037
116.99,1532772406.5069919
117.00999999999998,1509280623.8099375
117.02999999999999,1534559931.1178956
117.05,1425949059.5755584
117.06999999999998,1460761414.8683212
117.08999999999999,1385814663.305565
117.11,1373815736.014947
117.12999999999998,1314769576.7157009
117.14999999999999,1314533656.4413605
117.16999999999997,1291819373.891427
117.18999999999998,1281336577.104455
117.21,1256974415.3910265
117.22999999999998,1242316613.4639254
117.24999999999999,1151384933.5736516
117.27,1165283127.8510644
117.28999999999998,1205152832.3286676
117.30999999999999,1146813024.191204
117.33,1116190020.59437
117.34999999999998,1150242707.0694418
117.36999999999999,1089919070.6893137
117.38999999999997,1091169684.6352537
117.40999999999998,1032780301.820648
117.42999999999999,1021571117.9864912
117.44999999999997,1047866933.8973296
117.46999999999998,1015922517.0017084
117.49,988634510.3643126
117.50999999999998,979727097.5313541
117.52999999999999,980158227.7583022
117.55,1017448618.0688314
117.56999999999998,981203227.3852719
117.58999999999999,991186471.8984406
117.61,976751294.0944474
117.62999999999998,931479227.9420519
117.64999999999999,908294378.474659
117.66999999999997,927670740.5321296
117.68999999999998,924209198.105762
117.71,931824878.4048316
117.72999999999998,891650772.1274732
117.74999999999999,862377552.4108983
117.77,896222245.7939134
117.78999999999998,949674072.2084123
117.80999999999999,917586704.3250266
117.83,873045813.3879966
117.84999999999998,892982966.590913
117.86999999999999,902719734.8042312
117.88999999999997,870100476.468235
117.90999999999998,886485778.2992362
117.92999999999999,839882961.1732526
117.94999999999997,906699706.6799875
117.96999999999998,899599538.1197052
117.99,845401956.5409533
118.00999999999998,841122894.001094
118.02999999999999,830911774.8203684
118.05,891126627.812921
118.06999999999998,859167495.8717923
118.08999999999999,818484263.8079617
118.11,840651223.7721183
118.12999999999998,807330912.8343923
118.14999999999999,845449828.9404541
118.16999999999997,853534228.0040113
118.18999999999998,809710487.2502979
118.21,847364014.360021
118.22999999999998,809434728.7857366
118.24999999999999,801139538.4380267
118.27,813189596.6853687
118.28999999999998,833235186.1409665
118.30999999999999,795508694.6185935
118.33,843854261.7236667
118.34999999999998,821958853.3781953
118.36999999999999,762558788.5373005
118.38999999999997,830689898.0342494
118.40999999999998,876240684.5603216
118.42999999999999,858751644.4557334
118.44999999999997,788824863.1863941
118.46999999999998,777602731.4186513
118.49,766143844.1795182
118.50999999999998,785816739.1571068
118.52999999999999,819158356.837199
118.55,823664740.324716
118.56999999999998,810858301.9131826
118.58999999999999,802456613.2211648
118.61,767467784.4890826
118.62999999999998,800989556.7972075
118.64999999999999,792370619.3105828
118.66999999999997,781626379.285496
118.68999999999998,793293896.7009434
118.71,768060074.1940562
118.72999999999998,797960251.5973155
118.74999999999999,818979155.4675989
118.77,793740124.7998896
118.78999999999998,774864849.4826688
118.80999999999999,788402776.1542578
118.83,839427421.4666793
118.84999999999998,765858784.4432919
118.86999999999999,756233934.8829095
118.88999999999997,811814085.0293627
118.90999999999998,760672883.6249148
118.92999999999999,764588999.8087661
118.94999999999997,782202834.815142
